,choice_fighter_name,fstar_parlay,choice_ev,choice_real_odds,parlay_net_odds,pred_winner,choice_proba,parlay_prob,parlay_ev,date,winner,fstar_net,choice_decimal_odds,parlay_strategy
3,sean woodson,0.061023485971351876,0.09962270407160928,1.5555555555555556,1.6066066066066065,0,0.7069003097603203,0.451748598472347,0.17753088130329475,2024-05-11,0.0,0.061023485971351876,1.5555555555555556,top_ev
0,joaquin buckley,0.061023485971351876,0.07084991692442544,1.6756756756756757,1.6066066066066065,1,0.6390555955839313,0.451748598472347,0.17753088130329475,2024-05-11,1.0,0.061023485971351876,1.6756756756756757,top_ev
0,luana pinheiro,0.027713045508477318,0.3326166241526869,2.2,-1,1,0.6057348291603122,0.377600061225756,0.5229869136105492,2024-05-18,0.0,-0.027713045508477318,2.2,top_ev
7,piera rodriguez,0.027713045508477318,0.14285450594532756,1.8333333333333333,-1,1,0.6233751850610878,0.377600061225756,0.5229869136105492,2024-05-18,0.0,-0.027713045508477318,1.8333333333333333,top_ev
6,randy brown,0.04648589278693408,0.18776823780208163,1.6134969325153374,1.179636207082122,1,0.7361453336948263,0.60149470143931,0.3110396296251712,2024-06-01,1.0,0.04648589278693408,1.6134969325153374,top_ev
5,jailton almeida,0.04648589278693408,0.10378404464763136,1.350877192982456,1.179636207082122,1,0.8170868901937013,0.60149470143931,0.3110396296251712,2024-06-01,1.0,0.04648589278693408,1.350877192982456,top_ev
10,nassourdine imavov,0.05013715764221436,0.16377167376927515,1.8,1.52,0,0.6465398187607084,0.5147671659432079,0.29721325817688404,2024-06-08,0.0,0.05013715764221436,1.8,top_ev
8,raul rosas jr,0.05013715764221436,0.11466302833734748,1.4,1.52,1,0.7961878773838197,0.5147671659432079,0.29721325817688404,2024-06-08,1.0,0.05013715764221436,1.4,top_ev
4,tatsuro taira,0.06445884519061157,0.14285847149991043,1.5882352941176472,1.4467408585055646,0,0.7195775561295732,0.5100804710470106,0.24803472963648554,2024-06-15,0.0,0.06445884519061157,1.5882352941176472,top_ev
0,melquizael costa,0.06445884519061157,0.09202911887990783,1.5405405405405406,1.4467408585055646,1,0.7088610069922209,0.5100804710470106,0.24803472963648554,2024-06-15,1.0,0.06445884519061157,1.5405405405405406,top_ev
1,rinat fakhretdinov,0.057432460146191716,0.04899371054449064,1.4,1.6173913043478256,1,0.7492812218174933,0.4175517927948058,0.09289643157596972,2024-06-22,1.0,0.057432460146191716,1.4,top_ev
6,muin gafurov,0.057432460146191716,0.04185222522324844,1.869565217391304,1.6173913043478256,0,0.5572697948868539,0.4175517927948058,0.09289643157596972,2024-06-22,0.0,0.057432460146191716,1.869565217391304,top_ev
0,ian machado garry,0.05083990838435155,0.37610913830422155,1.9523809523809523,2.157554379776602,1,0.7048363879119184,0.4599221455199357,0.4522291849427247,2024-06-29,1.0,0.05083990838435155,1.9523809523809523,top_ev
2,joe pyfer,0.05083990838435155,0.05531541395932149,1.617283950617284,2.157554379776602,1,0.652523271226756,0.4599221455199357,0.4522291849427247,2024-06-29,1.0,0.05083990838435155,1.617283950617284,top_ev
8,montel jackson,0.06030632616202745,0.10906894193062633,1.6666666666666663,-1,1,0.6654413651583759,0.43999740858321235,0.16469902272026782,2024-07-13,1.0,-0.06030632616202745,1.6666666666666663,top_ev
6,christian rodriguez,0.06030632616202745,0.0501592630416669,1.5882352941176472,-1,0,0.6612113878410495,0.43999740858321235,0.16469902272026782,2024-07-13,1.0,-0.06030632616202745,1.5882352941176472,top_ev
6,cody durden,0.04633908688638858,0.1814316265148364,1.6666666666666663,-1,1,0.708858975908902,0.3896803383831039,0.3314078228089379,2024-07-20,0.0,-0.04633908688638858,1.6666666666666663,top_ev
1,luana carolina,0.04633908688638858,0.12694445698607515,2.05,-1,1,0.5497290034078416,0.3896803383831039,0.3314078228089379,2024-07-20,1.0,-0.04633908688638858,2.05,top_ev
7,muhammad mokaev,0.05626032838424056,0.3687884661288805,2.2,1.8285714285714287,1,0.6221765755131274,0.5158150956620492,0.4590198420155107,2024-07-27,1.0,0.05626032838424056,2.2,top_ev
4,nathaniel wood,0.05626032838424056,0.06592061382707043,1.2857142857142856,1.8285714285714287,1,0.8290493663099437,0.5158150956620492,0.4590198420155107,2024-07-27,1.0,0.05626032838424056,1.2857142857142856,top_ev
0,rolando bedoya,0.03781324863610158,0.29231498076730367,2.2,-1,0,0.5874159003487743,0.42378140837524064,0.42301336075475526,2024-08-03,1.0,-0.03781324863610158,2.2,top_ev
8,viktoriia dudakova,0.03781324863610158,0.10113508079110128,1.526315789473684,-1,1,0.7214333287941699,0.42378140837524064,0.42301336075475526,2024-08-03,0.0,-0.03781324863610158,1.526315789473684,top_ev
0,yana santos,0.05909228951307695,0.0964525242607388,1.9523809523809523,1.7091177556293835,1,0.5615976343774516,0.4342682846972203,0.17648392077995556,2024-08-10,1.0,0.05909228951307695,1.9523809523809523,top_ev
2,youssef zalal,0.05909228951307695,0.07299121006007658,1.3875968992248062,1.7091177556293835,1,0.7732729949594965,0.4342682846972203,0.17648392077995556,2024-08-10,1.0,0.05909228951307695,1.3875968992248062,top_ev
9,dricus du plessis,0.03640657505579407,0.42506735530000406,2.44,3.5617391304347814,1,0.5840439980737722,0.39889327010210873,0.81964703909188,2024-08-17,1.0,0.03640657505579407,2.44,top_ev
1,valter walker,0.03640657505579407,0.276884936227319,1.869565217391304,3.5617391304347814,0,0.6829849658890312,0.39889327010210873,0.81964703909188,2024-08-17,0.0,0.03640657505579407,1.869565217391304,top_ev
1,edmen shahbazyan,0.05655738364260623,0.1315080168631384,1.6756756756756757,-1,1,0.6752547842570342,0.4429973349817951,0.2542645886996213,2024-08-24,0.0,-0.05655738364260623,1.6756756756756757,top_ev
2,caio borralho,0.05655738364260623,0.1084893522688411,1.6896551724137931,-1,0,0.6560447186897223,0.4429973349817951,0.2542645886996213,2024-08-24,0.0,-0.05655738364260623,1.6896551724137931,top_ev
5,steve garcia,0.04956872808699624,0.09812143014726449,1.6666666666666663,-1,1,0.6588728580883588,0.3749015287984422,0.19286850072231543,2024-09-07,1.0,-0.04956872808699624,1.6666666666666663,top_ev
0,trevor peek,0.04956872808699624,0.08628105050490187,1.9090909090909087,-1,1,0.569004359788282,0.3749015287984422,0.19286850072231543,2024-09-07,0.0,-0.04956872808699624,1.9090909090909087,top_ev
8,norma dumont,0.04468385414192968,0.15176421472581636,1.8333333333333333,2.055555555555555,0,0.6282350262140817,0.4087385646759284,0.24892339206533642,2024-09-14,0.0,0.04468385414192968,1.8333333333333333,top_ev
4,diego lopes,0.04468385414192968,0.0843568293729714,1.6666666666666663,2.055555555555555,0,0.650614097623783,0.4087385646759284,0.24892339206533642,2024-09-14,0.0,0.04468385414192968,1.6666666666666663,top_ev
9,fares ziam,0.05456891992793078,0.21552920585227342,2.05,1.9611111111111108,1,0.5929410760254993,0.4202140896686136,0.24430060996317238,2024-09-28,1.0,0.05456891992793078,2.05,top_ev
6,jacqueline cavalcanti,0.05456891992793078,0.023669858340199967,1.4444444444444444,1.9611111111111108,0,0.7086945173124461,0.4202140896686136,0.24430060996317238,2024-09-28,0.0,0.05456891992793078,1.4444444444444444,top_ev
3,iasmin lucindo,0.028623082403483283,0.28932007933841974,1.8333333333333333,2.055555555555555,0,0.7032654978209563,0.4909691888996249,0.5001836327488536,2024-10-05,0.0,0.028623082403483283,1.8333333333333333,top_ev
2,joaquin buckley,0.028623082403483283,0.16354631932718566,1.6666666666666663,2.055555555555555,0,0.6981277915963116,0.4909691888996249,0.5001836327488536,2024-10-05,0.0,0.028623082403483283,1.6666666666666663,top_ev
4,tatsuro taira,0.04977800206937619,0.18669813269890195,1.5128205128205128,-1,0,0.7844275792416471,0.6531516225546263,0.3474106898854179,2024-10-12,1.0,-0.04977800206937619,1.5128205128205128,top_ev
7,themba gorimbo,0.04977800206937619,0.1354283391522731,1.3636363636363638,-1,1,0.8326474487116668,0.6531516225546263,0.3474106898854179,2024-10-12,1.0,-0.04977800206937619,1.3636363636363638,top_ev
5,darren elkins,0.045902248879785494,0.2860039601254918,2.24,2.55764705882353,1,0.5741089107703088,0.4159821689982539,0.4799177400596706,2024-10-19,1.0,0.045902248879785494,2.24,top_ev
4,anthony hernandez,0.045902248879785494,0.15078785598393973,1.5882352941176472,2.55764705882353,1,0.7245701315454435,0.4159821689982539,0.4799177400596706,2024-10-19,1.0,0.045902248879785494,1.5882352941176472,top_ev
5,ismail naurdiev,0.020755162147003535,0.34337719943776523,2.24,2.55764705882353,1,0.5997219640347166,0.46199875610095753,0.6436285158227009,2024-10-26,1.0,0.020755162147003535,2.24,top_ev
1,lerone murphy,0.020755162147003535,0.22350484771559165,1.5882352941176472,2.55764705882353,1,0.7703549041172243,0.46199875610095753,0.6436285158227009,2024-10-26,1.0,0.020755162147003535,1.5882352941176472,top_ev
3,aiemann zahabi,0.039678660705207924,0.24551226641457224,2.15,3.3,1,0.5793080308904988,0.3476204670514362,0.4947680083211754,2024-11-02,1.0,0.039678660705207924,2.15,top_ev
7,charles jourdain,0.039678660705207924,0.20012307275313312,2.0,3.3,1,0.6000615363765666,0.3476204670514362,0.4947680083211754,2024-11-02,1.0,0.039678660705207924,2.0,top_ev
0,tresean gore,0.08074889201558842,0.08092529611445143,1.5714285714285714,0.9455782312925167,1,0.6878615520728327,0.5795639404410098,0.12758698616414121,2024-11-09,1.0,0.08074889201558842,1.5714285714285714,top_ev
4,denise gomes,0.08074889201558842,0.04316828389290392,1.238095238095238,0.9455782312925167,0,0.842558998528884,0.5795639404410098,0.12758698616414121,2024-11-09,0.0,0.08074889201558842,1.238095238095238,top_ev
3,jonathan martinez,0.03468754162884547,0.12584789153387876,2.24,-1,1,0.5026106658633387,0.25632944351143727,0.263191497624363,2024-11-16,0.0,-0.03468754162884547,2.24,top_ev
10,mickey gall,0.03468754162884547,0.12199126287243345,2.2,-1,1,0.5099960285783788,0.25632944351143727,0.263191497624363,2024-11-16,0.0,-0.03468754162884547,2.2,top_ev
0,petr yan,0.0,-0.05634243224373925,1.3846153846153846,0.0,1,0.6815304656017439,0.48157981912499204,-0.08157346541329547,2024-11-23,1.0,0.0,1.3846153846153846,top_ev
1,carlos ulberg,0.0,-0.026737488292016942,1.3773584905660377,0.0,0,0.7066152482263439,0.48157981912499204,-0.08157346541329547,2024-11-23,0.0,0.0,1.3773584905660377,top_ev
2,wang cong,0.0,-0.092642964898493,1.1821493624772312,0.0,1,0.7675485551166832,0.48157981912499204,-0.08157346541329547,2024-11-23,0.0,0.0,1.1821493624772312,top_ev
12,chris weidman,0.03333452894541424,0.18737054781816687,2.0,-1,1,0.5936852739090834,0.47085763146143905,0.3511566815849989,2024-12-07,0.0,-0.03333452894541424,2.0,top_ev
9,movsar evloev,0.03333452894541424,0.13794020246484512,1.434782608695652,-1,1,0.7931098380815588,0.47085763146143905,0.3511566815849989,2024-12-07,1.0,-0.03333452894541424,1.434782608695652,top_ev
1,vitor petrino,0.040608505192681624,0.18162100677050452,1.4,-1,1,0.8440150048360747,0.47400982322389773,0.2956268501453203,2024-12-14,0.0,-0.040608505192681624,1.4,top_ev
2,joaquin buckley,0.040608505192681624,0.09648258005027,1.9523809523809523,-1,0,0.5616130288062359,0.47400982322389773,0.2956268501453203,2024-12-14,0.0,-0.040608505192681624,1.9523809523809523,top_ev
0,roman kopylov,0.07340002715066575,0.033271527722410876,1.4444444444444444,0.7843137254901962,0,0.715341826884746,0.5927052779807669,0.0575721626715644,2025-01-11,0.0,0.07340002715066575,1.4444444444444444,top_ev
7,nurullo aliev,0.07340002715066575,0.02351815016399239,1.2352941176470589,0.7843137254901962,1,0.8285623120375176,0.5927052779807669,0.0575721626715644,2025-01-11,1.0,0.07340002715066575,1.2352941176470589,top_ev
0,reinier de ridder,0.03733947583859132,0.15280935224069336,2.24,1.9916778523489933,0,0.5146470322503095,0.434503507992909,0.2998945216303297,2025-01-18,0.0,0.03733947583859132,2.24,top_ev
8,grant dawson,0.03733947583859132,0.12758845953474407,1.3355704697986577,1.9916778523489933,1,0.8442747762345572,0.434503507992909,0.2998945216303297,2025-01-18,1.0,0.03733947583859132,1.3355704697986577,top_ev
0,nassourdine imavov,0.028419443668451172,0.3541141918487626,2.64,4.28,0,0.5129220423669555,0.3073857028460158,0.6229965110269635,2025-02-01,0.0,0.028419443668451172,2.64,top_ev
8,jasmine jasudavicius,0.028419443668451172,0.19856694568062805,2.0,4.28,1,0.599283472840314,0.3073857028460158,0.6229965110269635,2025-02-01,1.0,0.028419443668451172,2.0,top_ev
0,dricus du plessis,0.04273541559509156,0.2744878357695202,1.7692307692307692,2.856923076923077,1,0.7203626897827723,0.40113380348996913,0.5471422236143886,2025-02-08,1.0,0.04273541559509156,1.7692307692307692,top_ev
4,tom nolan,0.04273541559509156,0.21393251484447728,2.18,2.856923076923077,1,0.556849777451595,0.40113380348996913,0.5471422236143886,2025-02-08,1.0,0.04273541559509156,2.18,top_ev
2,ketlen souza,0.024957654509354603,0.19488702974769334,2.24,-1,0,0.5334317097087916,0.29956486026856993,0.40915310270335326,2025-02-15,1.0,-0.024957654509354603,2.24,top_ev
8,gregory rodrigues,0.024957654509354603,0.17931910517172756,2.1,-1,0,0.5615805262722512,0.29956486026856993,0.40915310270335326,2025-02-15,1.0,-0.024957654509354603,2.1,top_ev
4,anthony hernandez,0.055693913969528684,0.16758720272656236,1.5050505050505052,1.8732782369146004,0,0.7757794165767091,0.4495725579897478,0.2917470467859695,2025-02-22,0.0,0.055693913969528684,1.5050505050505052,top_ev
3,melquizael costa,0.055693913969528684,0.10633881886463614,1.9090909090909087,1.8732782369146004,0,0.5795108098814762,0.4495725579897478,0.2917470467859695,2025-02-22,0.0,0.055693913969528684,1.9090909090909087,top_ev
6,danny silva,0.049708682587710266,0.18950224482476719,1.526315789473684,2.296842105263158,1,0.7793290569541579,0.3981550234785165,0.3126542458260144,2025-03-01,1.0,0.049708682587710266,1.526315789473684,top_ev
2,cody brundage,0.049708682587710266,0.10353238216829885,2.16,2.296842105263158,1,0.5108946213742124,0.3981550234785165,0.3126542458260144,2025-03-01,1.0,0.049708682587710266,2.16,top_ev
0,iasmin lucindo,0.040814444537362896,0.3554350996621721,2.05,-1,0,0.6611878534937425,0.3389812297544248,0.4245686180429702,2025-03-08,1.0,-0.040814444537362896,2.05,top_ev
4,brunno ferreira,0.040814444537362896,0.051004668831453936,2.05,-1,1,0.5126852043080263,0.3389812297544248,0.4245686180429702,2025-03-08,1.0,-0.040814444537362896,2.05,top_ev
2,chidi njokuani,0.03009616592694907,0.45818194192409867,2.75,3.321428571428571,1,0.5302479788814904,0.37031318444463224,0.600281975635732,2025-03-15,1.0,0.03009616592694907,2.75,top_ev
3,alexander hernandez,0.03009616592694907,0.09745013953754605,1.5714285714285714,3.321428571428571,1,0.698377361523893,0.37031318444463224,0.600281975635732,2025-03-15,1.0,0.03009616592694907,1.5714285714285714,top_ev
5,mick parkin,0.047156200857587705,0.14529490464894723,2.22,-1,0,0.5158986056977239,0.3506765034648532,0.2561103270735534,2025-03-22,1.0,-0.047156200857587705,2.22,top_ev
7,shauna bannon,0.047156200857587705,0.0967571076888471,1.6134969325153374,-1,1,0.6797391960200839,0.3506765034648532,0.2561103270735534,2025-03-22,1.0,-0.047156200857587705,1.6134969325153374,top_ev
3,manuel torres,0.05323570974067863,0.2325912706619916,1.9090909090909087,1.4823914823914817,1,0.6456430465372338,0.5560154388800609,0.3802479895540245,2025-03-29,1.0,0.05323570974067863,1.9090909090909087,top_ev
1,raul rosas jr,0.05323570974067863,0.11979374055823921,1.3003003003003002,1.4823914823914817,1,0.8611808674501009,0.5560154388800609,0.3802479895540245,2025-03-29,1.0,0.05323570974067863,1.3003003003003002,top_ev
3,lerone murphy,0.05754980761547186,0.10175085205235096,1.3355704697986577,0.971556407798019,0,0.8249290299286447,0.5355749868681761,0.05591629721629232,2025-04-05,0.0,0.05754980761547186,1.3355704697986577,top_ev
2,brad tavares,0.05754980761547186,-0.04160156059845804,1.4761904761904765,0.971556407798019,1,0.6492376524978186,0.5355749868681761,0.05591629721629232,2025-04-05,1.0,0.05754980761547186,1.4761904761904765,top_ev
3,sean woodson,0.03268430725861431,0.188838637012115,2.2,-1,0,0.5403811986418704,0.28971062411171156,0.36395761831793827,2025-04-12,1.0,-0.03268430725861431,2.2,top_ev
7,paddy pimblett,0.03268430725861431,0.14730256559119448,2.14,-1,0,0.5361226942014927,0.28971062411171156,0.36395761831793827,2025-04-12,0.0,-0.03268430725861431,2.14,top_ev
5,randy brown,0.08155916725326798,0.06637132434488818,1.5,0.9285714285714284,1,0.7109142162299255,0.5852945478544967,0.12878234229081498,2025-04-26,1.0,0.08155916725326798,1.5,top_ev
3,jaqueline amorim,0.08155916725326798,0.058526534351688614,1.2857142857142856,0.9285714285714284,1,0.823298415606869,0.5852945478544967,0.12878234229081498,2025-04-26,1.0,0.08155916725326798,1.2857142857142856,top_ev
5,yana santos,0.053668060156863935,0.14458717265170085,1.9090909090909087,1.840354767184035,1,0.5995456618651768,0.4385670149068195,0.24568591152025654,2025-05-03,1.0,0.053668060156863935,1.9090909090909087,top_ev
9,montel jackson,0.053668060156863935,0.08832768816929593,1.4878048780487805,1.840354767184035,1,0.7314989379498547,0.4385670149068195,0.24568591152025654,2025-05-03,1.0,0.053668060156863935,1.4878048780487805,top_ev
1,mike malott,0.06810252918667116,0.09221676363247427,1.5,1.306451612903226,1,0.7281445090883162,0.49934723605456116,0.15172023799681056,2025-05-10,1.0,0.06810252918667116,1.5,top_ev
3,natalia silva,0.06810252918667116,0.05447954686800505,1.5376344086021505,1.306451612903226,0,0.6857804046064648,0.49934723605456116,0.15172023799681056,2025-05-10,0.0,0.06810252918667116,1.5376344086021505,top_ev
5,luana santos,0.06558390631742823,0.23148700546751222,1.9523809523809523,1.406423034330011,1,0.6307616369467746,0.530911305758961,0.27759719536458705,2025-05-17,1.0,0.06558390631742823,1.9523809523809523,top_ev
1,michael morales,0.06558390631742823,0.037442693014507256,1.2325581395348837,1.406423034330011,0,0.8416987886721474,0.530911305758961,0.27759719536458705,2025-05-17,0.0,0.06558390631742823,1.2325581395348837,top_ev
5,jordan leavitt,0.05415771068830292,0.06868983040187465,1.606060606060606,-1,0,0.6654106491181484,0.3652511433012591,0.11990226582452146,2025-05-31,0.0,-0.05415771068830292,1.606060606060606,top_ev
1,jafel filho,0.05415771068830292,0.04792076612480595,1.9090909090909087,-1,1,0.5489108774939461,0.3652511433012591,0.11990226582452146,2025-05-31,0.0,-0.05415771068830292,1.9090909090909087,top_ev
4,merab dvalishvili,0.09530666772565954,0.1161718217447329,1.3389830508474576,0.7215496368038739,1,0.8335966769992309,0.7123848529611868,0.2264058848799122,2025-06-07,1.0,0.09530666772565954,1.3389830508474576,top_ev
1,joshua van,0.09530666772565954,0.0987608368063512,1.2857142857142856,0.7215496368038739,0,0.8545917619604955,0.7123848529611868,0.2264058848799122,2025-06-07,0.0,0.09530666772565954,1.2857142857142856,top_ev
6,michael chiesa,0.08267091777412258,0.11709594423594333,1.3636363636363638,0.7088607594936707,1,0.8192036924396917,0.7081161772021454,0.2100719483834128,2025-06-14,1.0,0.08267091777412258,1.3636363636363638,top_ev
2,jamey lyn horth,0.08267091777412258,0.08323009731367537,1.2531645569620251,0.7088607594936707,1,0.8643957342200037,0.7081161772021454,0.2100719483834128,2025-06-14,1.0,0.08267091777412258,1.2531645569620251,top_ev
2,ignacio bahamondes,0.047873471424357716,0.14630482720024174,2.1,-1,0,0.5458594415239246,0.3614348421424398,0.26502194749853913,2025-06-21,1.0,-0.047873471424357716,2.1,top_ev
6,hamdy abdelwahab,0.047873471424357716,0.10356505310045183,1.6666666666666663,-1,1,0.6621390318602712,0.3614348421424398,0.26502194749853913,2025-06-21,0.0,-0.047873471424357716,1.6666666666666663,top_ev
3,joshua van,0.050592679466654,0.2251146320154962,1.8,1.6372093023255814,0,0.680619240008609,0.5096313545941324,0.34400454909243305,2025-06-28,0.0,0.050592679466654,1.8,top_ev
5,alexandre pantoja,0.050592679466654,0.09704391243890798,1.4651162790697674,1.6372093023255814,1,0.7487760037281436,0.5096313545941324,0.34400454909243305,2025-06-28,1.0,0.050592679466654,1.4651162790697674,top_ev
3,steve garcia,0.07247815854293232,0.12223499939478644,1.6666666666666663,1.083333333333333,0,0.673340999636872,0.5597218268083894,0.16608713918414453,2025-07-12,0.0,0.07247815854293232,1.6666666666666663,top_ev
7,gabriel bonfim,0.07247815854293232,0.03907571926825232,1.25,1.083333333333333,0,0.8312605754146019,0.5597218268083894,0.16608713918414453,2025-07-12,0.0,0.07247815854293232,1.25,top_ev
0,max holloway,0.0,-0.0922903282574481,1.7692307692307692,0.0,1,0.5130532927240511,0.36329470490090127,-0.12351976789642705,2025-07-19,1.0,0.0,1.7692307692307692,top_ev
1,brendan allen,0.0,-0.034404656699346337,1.3636363636363638,0.0,0,0.7081032517538126,0.36329470490090127,-0.12351976789642705,2025-07-19,0.0,0.0,1.3636363636363638,top_ev
7,bryce mitchell,0.06065665612899763,0.1615114681118182,1.6993006993006992,-1,1,0.6835232096295886,0.47853859847207253,0.2503750476205766,2025-07-26,1.0,-0.06065665612899763,1.6993006993006992,top_ev
5,amanda ribas,0.06065665612899763,0.07650684642246114,1.5376344086021505,-1,1,0.7001058511698524,0.47853859847207253,0.2503750476205766,2025-07-26,0.0,-0.06065665612899763,1.5376344086021505,top_ev
6,neil magny,0.03490673643757403,0.40518228923804667,2.65,2.942682926829268,1,0.5302574676369988,0.3815876136756549,0.5044789695285272,2025-08-02,1.0,0.03490673643757403,2.65,top_ev
8,karol rosa,0.03490673643757403,0.07066462554429415,1.4878048780487805,2.942682926829268,1,0.7196270433986239,0.3815876136756549,0.5044789695285272,2025-08-02,1.0,0.03490673643757403,1.4878048780487805,top_ev
1,iasmin lucindo,0.0599506039585457,0.2828361066755041,1.5714285714285714,1.2546583850931676,1,0.8163502497025935,0.6720341314333093,0.5152073895049145,2025-08-09,1.0,0.0599506039585457,1.5714285714285714,top_ev
6,joselyne edwards,0.0599506039585457,0.18113871415079302,1.434782608695652,1.2546583850931676,1,0.8232178916808558,0.6720341314333093,0.5152073895049145,2025-08-09,1.0,0.0599506039585457,1.434782608695652,top_ev
5,chase hooper,0.07149020522507947,0.10951413765132173,1.359712230215827,-1,1,0.8159918790134061,0.531937420526921,0.16701299210538267,2025-08-16,0.0,-0.07149020522507947,1.359712230215827,top_ev
7,karine silva,0.07149020522507947,0.05182345362067908,1.6134969325153374,-1,1,0.6518905815215615,0.531937420526921,0.16701299210538267,2025-08-16,1.0,-0.07149020522507947,1.6134969325153374,top_ev
2,diyar nurgozhay,0.03535786864916869,0.43215773224184295,2.7,-1,0,0.530428789719201,0.3440971875780546,0.6723123316293453,2025-08-23,1.0,-0.03535786864916869,2.7,top_ev
8,gauge young,0.03535786864916869,0.16768725537764195,1.8,-1,0,0.6487151418764677,0.3440971875780546,0.6723123316293453,2025-08-23,0.0,-0.03535786864916869,1.8,top_ev
3,andreas gustafsson,0.05278652749620833,0.15922869069081103,2.1,-1,1,0.5520136622337195,0.39430801474066934,0.22235484569607533,2025-09-06,0.0,-0.05278652749620833,2.1,top_ev
0,sam patterson,0.05278652749620833,0.05445530766465584,1.4761904761904765,-1,1,0.7143084342244441,0.39430801474066934,0.22235484569607533,2025-09-06,1.0,-0.05278652749620833,1.4761904761904765,top_ev
3,rafa garcia,0.02598127699356795,0.3103241715226229,2.5,-1,1,0.5241296686090492,0.359324493147526,0.714957808204101,2025-09-13,1.0,-0.02598127699356795,2.5,top_ev
8,claudio puelles,0.02598127699356795,0.3088042222492817,1.9090909090909087,-1,1,0.6855641164162906,0.359324493147526,0.714957808204101,2025-09-13,0.0,-0.02598127699356795,1.9090909090909087,top_ev
0,carlos ulberg,0.070055524678656,0.10487245292100666,1.5714285714285714,1.2401215805471124,1,0.7031006518588224,0.5234706127992905,0.1726378165139122,2025-09-27,1.0,0.070055524678656,1.5714285714285714,top_ev
1,jimmy crute,0.070055524678656,0.061333200419424805,1.425531914893617,1.2401215805471124,1,0.7445173196972085,0.5234706127992905,0.1726378165139122,2025-09-27,1.0,0.070055524678656,1.425531914893617,top_ev
4,daniel santos,0.03007430412278795,0.1982742921515569,2.02,1.597142857142857,1,0.5932050951245331,0.5122278626098012,0.33032893460659807,2025-10-04,1.0,0.03007430412278795,2.02,top_ev
2,youssef zalal,0.03007430412278795,0.11020401866248078,1.2857142857142856,1.597142857142857,0,0.8634920145152629,0.5122278626098012,0.33032893460659807,2025-10-04,0.0,0.03007430412278795,1.2857142857142856,top_ev
2,michael aswell jr,0.04978922542464995,0.2607714281022543,1.7142857142857144,-1,0,0.735449999726315,0.5520021930503306,0.3668625732674853,2025-10-11,0.0,-0.04978922542464995,1.7142857142857144,top_ev
4,montel jackson,0.04978922542464995,0.08414780252826809,1.4444444444444444,-1,0,0.750563863288801,0.5520021930503306,0.3668625732674853,2025-10-11,1.0,-0.04978922542464995,1.4444444444444444,top_ev
5,charles jourdain,0.06676901912239873,0.08233970463093943,1.5,-1,1,0.721559803087293,0.48371238180137577,0.14017918567467147,2025-10-18,1.0,-0.06676901912239873,1.5,top_ev
0,reinier de ridder,0.06676901912239873,0.053439304495860096,1.5714285714285714,-1,1,0.6703704664973655,0.48371238180137577,0.14017918567467147,2025-10-18,0.0,-0.06676901912239873,1.5714285714285714,top_ev
0,ludovit klein,0.03529308765992336,0.20777441746739433,2.3,2.2999999999999994,1,0.5251193119423454,0.41178754760083214,0.35889890708274574,2025-10-25,1.0,0.03529308765992336,2.3,top_ev
1,hamdy abdelwahab,0.03529308765992336,0.12512642048856065,1.434782608695652,2.2999999999999994,1,0.784179020340512,0.41178754760083214,0.35889890708274574,2025-10-25,1.0,0.03529308765992336,1.434782608695652,top_ev
6,timmy cuamba,0.028127147551781785,0.2769504209157113,2.55,5.2475,1,0.5007648709473378,0.25357114874729586,0.5841857517987308,2025-11-01,1.0,0.028127147551781785,2.55,top_ev
2,waldo cortes acosta,0.028127147551781785,0.2406008297978388,2.45,5.2475,1,0.5063676856317709,0.25357114874729586,0.5841857517987308,2025-11-01,1.0,0.028127147551781785,2.45,top_ev
8,denise gomes,0.0712567489247237,0.13516531150636701,1.5,-1,0,0.756776874337578,0.5603284404740683,0.24072726104972286,2025-11-08,0.0,-0.0712567489247237,1.5,top_ev
1,ricky simon,0.0712567489247237,0.09299257867849658,1.4761904761904765,-1,1,0.7404143274918846,0.5603284404740683,0.24072726104972286,2025-11-08,0.0,-0.0712567489247237,1.4761904761904765,top_ev
1,bo nickal,0.06981851966913644,0.133664586899304,1.625,1.25,1,0.6976397457841871,0.53056772419171,0.19377737943134754,2025-11-15,1.0,0.06981851966913644,1.625,top_ev
9,kyle daukaus,0.06981851966913644,0.05302520095159591,1.3846153846153846,1.25,1,0.7605182006872637,0.53056772419171,0.19377737943134754,2025-11-15,1.0,0.06981851966913644,1.3846153846153846,top_ev
2,tagir ulanbekov,0.04666281844002378,0.17838458312104638,1.5555555555555556,-1,1,0.7575329462921012,0.49924371134853546,0.2776344440962517,2025-11-22,0.0,-0.04666281844002378,1.5555555555555556,top_ev
0,ismail naurdiev,0.04666281844002378,0.0842253559634446,1.6451612903225803,-1,1,0.6590389418601331,0.49924371134853546,0.2776344440962517,2025-11-22,1.0,-0.04666281844002378,1.6451612903225803,top_ev
2,maycee barber,0.02095696892300084,0.23443931743693347,1.7407407407407407,-1,1,0.7091459908680257,0.35697138685536595,0.42920766366907603,2025-12-06,1.0,-0.02095696892300084,1.7407407407407407,top_ev
10,terrance mckinney,0.02095696892300084,0.15777879356317015,2.3,-1,1,0.5033820841579001,0.35697138685536595,0.42920766366907603,2025-12-06,0.0,-0.02095696892300084,2.3,top_ev
2,melquizael costa,0.05586616720236521,0.23930646889085816,2.3,-1,1,0.5388288995177645,0.4347172283504416,0.24981203150751963,2025-12-13,1.0,-0.05586616720236521,2.3,top_ev
0,tereza bleda,0.05586616720236521,0.008476969079378227,1.25,-1,0,0.8067815752635026,0.4347172283504416,0.24981203150751963,2025-12-13,1.0,-0.05586616720236521,1.25,top_ev
3,natalia silva,0.06315781352504411,0.14718558979788104,1.6666666666666663,1.4999999999999996,1,0.6883113538787288,0.5001882475514917,0.2504706188787291,2026-01-24,1.0,0.06315781352504411,1.6666666666666663,top_ev
2,waldo cortes acosta,0.06315781352504411,0.09003340871728133,1.5,1.4999999999999996,1,0.7266889391448542,0.5001882475514917,0.2504706188787291,2026-01-24,1.0,0.06315781352504411,1.5,top_ev
1,tallison teixeira,0.08614130691235386,0.06151839756236532,1.3333333333333333,0.8364779874213835,0,0.796138798171774,0.6096904580153502,0.11968310528605164,2026-01-31,0.0,0.08614130691235386,1.3333333333333333,top_ev
4,benoit st denis,0.08614130691235386,0.05479387625994414,1.3773584905660377,0.8364779874213835,0,0.7658092526270828,0.6096904580153502,0.11968310528605164,2026-01-31,0.0,0.08614130691235386,1.3773584905660377,top_ev
5,julius walker,0.0394439720330817,0.36895772544379934,2.45,-1,0,0.5587582552831833,0.48437980738668396,0.582307370796501,2026-02-07,1.0,-0.0394439720330817,2.45,top_ev
2,klaudia sygula,0.0394439720330817,0.15584823503847522,1.3333333333333333,-1,1,0.8668861762788564,0.48437980738668396,0.582307370796501,2026-02-07,1.0,-0.0394439720330817,1.3333333333333333,top_ev
0,serghei spivac,0.025257283288851767,0.3377566035040779,2.6,-1,1,0.5145217705784915,0.44892868373437456,0.6436286910601388,2026-02-21,1.0,-0.025257283288851767,2.6,top_ev
9,anthony hernandez,0.025257283288851767,0.2286455449032127,1.4081632653061225,-1,0,0.8725164014530061,0.44892868373437456,0.6436286910601388,2026-02-21,1.0,-0.025257283288851767,1.4081632653061225,top_ev
