,choice_fighter_name,fstar_parlay,choice_ev,choice_real_odds,parlay_net_odds,pred_winner,choice_proba,parlay_prob,parlay_ev,date,winner,parlay_strategy,fstar_net,choice_decimal_odds
0,joaquin buckley,0.08920190831991077,0.1302281792303862,1.806451612903225,1.666666666666666,1,0.6256620277882498,0.4515662403881854,0.20417664103516064,2024-05-11,1.0,top_ev,0.08920190831991077,1.806451612903225
3,sean woodson,0.08920190831991077,0.06542790488123279,1.4761904761904765,1.666666666666666,0,0.7217414839518027,0.4515662403881854,0.20417664103516064,2024-05-11,0.0,top_ev,0.08920190831991077,1.4761904761904765
5,themba gorimbo,0.06352040874413879,0.23167856610597903,1.819672131147541,-1.0,1,0.6768684011933759,0.3596948670008503,0.4595945971921389,2024-05-18,1.0,top_ev,-0.06352040874413879,1.819672131147541
0,luana pinheiro,0.06352040874413879,0.18504505749964395,2.23,-1.0,1,0.531410339685939,0.3596948670008503,0.4595945971921389,2024-05-18,0.0,top_ev,-0.06352040874413879,2.23
6,randy brown,0.12370811380961878,0.1707575170255437,1.5681818181818183,1.0391072891072892,1,0.7465700108568684,0.6254842326779884,0.2754294580753658,2024-06-01,1.0,top_ev,0.12370811380961878,1.5681818181818183
5,jailton almeida,0.12370811380961878,0.08940531196908663,1.3003003003003002,1.0391072891072892,1,0.8378105516990898,0.6254842326779884,0.2754294580753658,2024-06-01,1.0,top_ev,0.12370811380961878,1.3003003003003002
12,zachary reese,0.06168162049699367,0.2318539815213575,2.35,3.3083333333333336,0,0.5241931836261096,0.32125498530838087,0.38407356170360774,2024-06-08,0.0,top_ev,0.06168162049699367,2.35
10,nassourdine imavov,0.06168162049699367,0.12356949968555264,1.8333333333333333,3.3083333333333336,0,0.6128560907375742,0.32125498530838087,0.38407356170360774,2024-06-08,0.0,top_ev,0.06168162049699367,1.8333333333333333
4,tatsuro taira,0.10922408799424942,0.08664324956999697,1.4444444444444444,1.1666666666666665,0,0.7522914804715364,0.5428117070077443,0.17609203185011246,2024-06-15,0.0,top_ev,0.10922408799424942,1.4444444444444444
0,melquizael costa,0.10922408799424942,0.08231660419876713,1.5,1.1666666666666665,1,0.7215444027991781,0.5428117070077443,0.17609203185011246,2024-06-15,1.0,top_ev,0.10922408799424942,1.5
2,robert whittaker,0.02898621309172318,0.0787961150774702,1.9090909090909087,-1.0,1,0.565083679326294,0.33796147620848593,0.16135852733461498,2024-06-22,1.0,top_ev,-0.02898621309172318,1.9090909090909087
3,johnny walker,0.02898621309172318,0.0765319888561296,1.8,-1.0,1,0.5980733271422942,0.33796147620848593,0.16135852733461498,2024-06-22,0.0,top_ev,-0.02898621309172318,1.8
0,ian machado garry,0.08221335957111532,0.17985849385913338,1.5494505494505495,-1.0,1,0.7614689570296534,0.4187674149666226,0.29771880242403936,2024-06-29,1.0,top_ev,-0.08221335957111532,1.5494505494505495
5,mayra bueno silva,0.08221335957111532,0.09989359671379172,2.0,-1.0,1,0.5499467983568959,0.4187674149666226,0.29771880242403936,2024-06-29,0.0,top_ev,-0.08221335957111532,2.0
8,montel jackson,0.06784346186352759,0.15100190313150708,1.9523809523809523,-1.0,1,0.589537560140528,0.3911064504544396,0.19992523234661408,2024-07-13,1.0,top_ev,-0.06784346186352759,1.9523809523809523
0,santiago ponzinibbio,0.06784346186352759,0.042504994198534485,1.5714285714285714,-1.0,1,0.663412269035431,0.3911064504544396,0.19992523234661408,2024-07-13,0.0,top_ev,-0.06784346186352759,1.5714285714285714
6,cody durden,0.05949094807705493,0.29111534338576817,2.26,-1.0,1,0.571289974949455,0.3162451714239553,0.5008995835780918,2024-07-20,0.0,top_ev,-0.05949094807705493,2.26
5,thomas petersen,0.05949094807705493,0.16248295806182123,2.1,-1.0,0,0.553563313362772,0.3162451714239553,0.5008995835780918,2024-07-20,0.0,top_ev,-0.05949094807705493,2.1
7,muhammad mokaev,0.11372787650403085,0.09563901137464476,1.5,0.875,1,0.7304260075830965,0.6110981639604945,0.1458090574259272,2024-07-27,1.0,top_ev,0.11372787650403085,1.5
4,nathaniel wood,0.11372787650403085,0.045790671498942614,1.25,0.875,1,0.8366325371991541,0.6110981639604945,0.1458090574259272,2024-07-27,1.0,top_ev,0.11372787650403085,1.25
0,rolando bedoya,0.078155890190083,0.21680669498702687,2.05,-1.0,0,0.5935642414570863,0.44450595615465516,0.31623152572461755,2024-08-03,1.0,top_ev,-0.078155890190083,2.05
5,azamat murzakanov,0.078155890190083,0.08170963485588878,1.4444444444444444,-1.0,1,0.7488759010540769,0.44450595615465516,0.31623152572461755,2024-08-03,1.0,top_ev,-0.078155890190083,1.4444444444444444
0,yana santos,0.057499772861546034,0.10547301693631922,1.6896551724137931,-1.0,1,0.6542595406357807,0.4272946516639748,0.17321850478427558,2024-08-10,1.0,top_ev,-0.057499772861546034,1.6896551724137931
1,karl williams,0.057499772861546034,0.06128190087868862,1.625,-1.0,0,0.6530965543868853,0.4272946516639748,0.17321850478427558,2024-08-10,1.0,top_ev,-0.057499772861546034,1.625
1,valter walker,0.0736624830290232,0.33142466364391465,1.9433962264150944,2.8867924528301887,0,0.6851020113895872,0.4233363245386136,0.6454204312255547,2024-08-17,0.0,top_ev,0.0736624830290232,1.9433962264150944
9,dricus du plessis,0.0736624830290232,0.2358344231976892,2.0,2.8867924528301887,1,0.6179172115988446,0.4233363245386136,0.6454204312255547,2024-08-17,1.0,top_ev,0.0736624830290232,2.0
0,francis marshall,0.02607371473494315,0.06677852455060701,1.5714285714285714,1.153439153439153,0,0.678859061077659,0.49993058585967093,0.07657009759198963,2024-08-24,0.0,top_ev,0.02607371473494315,1.5714285714285714
2,caio borralho,0.02607371473494315,0.009178637192295724,1.3703703703703702,1.153439153439153,0,0.736427654167351,0.49993058585967093,0.07657009759198963,2024-08-24,0.0,top_ev,0.02607371473494315,1.3703703703703702
1,jaqueline amorim,0.09781907747191082,0.18805065972334128,1.3875968992248062,-1.0,1,0.856192933543637,0.46881551533047106,0.3335802585311345,2024-09-07,1.0,top_ev,-0.09781907747191082,1.3875968992248062
0,trevor peek,0.09781907747191082,0.12249443878233468,2.05,-1.0,1,0.5475582628206511,0.46881551533047106,0.3335802585311345,2024-09-07,0.0,top_ev,-0.09781907747191082,2.05
3,merab dvalishvili,0.06385643216824634,0.2512008981124271,2.05,2.9136363636363627,0,0.6103419015182572,0.36390556926957573,0.4241940688232029,2024-09-14,0.0,top_ev,0.06385643216824634,2.05
8,norma dumont,0.06385643216824634,0.1382617059912239,1.9090909090909087,2.9136363636363627,0,0.5962323221858793,0.36390556926957573,0.4241940688232029,2024-09-14,0.0,top_ev,0.06385643216824634,1.9090909090909087
9,fares ziam,0.055075601863578065,0.0979168846484404,1.8333333333333333,1.3805970149253728,1,0.5988637552627857,0.46924664519334636,0.11708716281102594,2024-09-28,1.0,top_ev,0.055075601863578065,1.8333333333333333
2,taylor lapilus,0.055075601863578065,0.01746059144424586,1.2985074626865671,1.3805970149253728,1,0.7835616049053388,0.46924664519334636,0.11708716281102594,2024-09-28,1.0,top_ev,0.055075601863578065,1.2985074626865671
11,carla esparza,0.05645115088393094,0.3353498416539461,2.55,-1.0,1,0.523666604570175,0.35669282375014355,0.5241387955377754,2024-10-05,0.0,top_ev,-0.05645115088393094,2.55
10,raquel pennington,0.05645115088393094,0.14137789813192164,1.6756756756756757,-1.0,1,0.6811448746916307,0.35669282375014355,0.5241387955377754,2024-10-05,0.0,top_ev,-0.05645115088393094,1.6756756756756757
6,julia polastri,0.07857022360523319,0.16360878986660976,1.925925925925926,-1.0,1,0.6041814870461243,0.43621915788104193,0.32019766300505803,2024-10-12,1.0,top_ev,-0.07857022360523319,1.925925925925926
1,jonathan pearce,0.07857022360523319,0.13457175169362456,1.5714285714285714,-1.0,1,0.7220002056232157,0.43621915788104193,0.32019766300505803,2024-10-12,0.0,top_ev,-0.07857022360523319,1.5714285714285714
4,anthony hernandez,0.08802670183948944,0.18894194507109402,1.6896551724137931,1.8313140726933832,1,0.7036595185114638,0.487738107744209,0.3809397682450206,2024-10-19,1.0,top_ev,0.08802670183948944,1.6896551724137931
5,darren elkins,0.08802670183948944,0.1614862895281618,1.6756756756756757,1.8313140726933832,1,0.6931450437506772,0.487738107744209,0.3809397682450206,2024-10-19,1.0,top_ev,0.08802670183948944,1.6756756756756757
5,ismail naurdiev,0.08907336244037808,0.1259864491364336,1.6756756756756757,1.2850122850122854,1,0.6719596551298072,0.546960628298206,0.24981175507943898,2024-10-26,1.0,top_ev,0.08907336244037808,1.6756756756756757
1,lerone murphy,0.08907336244037808,0.10997051166821076,1.3636363636363638,1.2850122850122854,1,0.8139783752233545,0.546960628298206,0.24981175507943898,2024-10-26,1.0,top_ev,0.08907336244037808,1.3636363636363638
7,charles jourdain,0.07282922748797029,0.15467062487400368,1.7246376811594204,1.7698726394378568,1,0.6695149001370273,0.4452305990539749,0.23323205456013163,2024-11-02,1.0,top_ev,0.07282922748797029,1.7246376811594204
1,brandon moreno,0.07282922748797029,0.06803795644727728,1.606060606060606,1.7698726394378568,1,0.6650047653350972,0.4452305990539749,0.23323205456013163,2024-11-02,1.0,top_ev,0.07282922748797029,1.606060606060606
0,tresean gore,0.01517362669785121,0.04206105580786851,1.5882352941176472,1.223529411764706,1,0.656112516619769,0.47323840051423943,0.052259502319897067,2024-11-09,1.0,top_ev,0.01517362669785121,1.5882352941176472
1,damon blackshear,0.01517362669785121,0.009786803234981434,1.4,1.223529411764706,0,0.7212762880249868,0.47323840051423943,0.052259502319897067,2024-11-09,0.0,top_ev,0.01517362669785121,1.4
3,jonathan martinez,0.06037173737931827,0.13966205854734037,2.1,-1.0,1,0.5426962183558763,0.30342203896021747,0.2743725636329135,2024-11-16,0.0,top_ev,-0.06037173737931827,2.1
6,marcin tybura,0.06037173737931827,0.11820214955412367,2.0,-1.0,1,0.5591010747770618,0.30342203896021747,0.2743725636329135,2024-11-16,1.0,top_ev,-0.06037173737931827,2.0
0,petr yan,0.0,-0.03604784446395837,1.3703703703703702,0.0,1,0.7034245459317061,0.505655896259721,-0.04557891279000281,2024-11-23,1.0,top_ev,0.0,1.3703703703703702
1,carlos ulberg,0.0,-0.009887491066135123,1.3773584905660377,0.0,0,0.7188488078560937,0.505655896259721,-0.04557891279000281,2024-11-23,0.0,top_ev,0.0,1.3773584905660377
2,wang cong,0.0,-0.09694805304311281,1.1052631578947367,0.0,1,0.8170469996276599,0.505655896259721,-0.04557891279000281,2024-11-23,0.0,top_ev,0.0,1.1052631578947367
12,chris weidman,0.09186316474771558,0.15847728547800055,1.9090909090909087,-1.0,1,0.6068214352503813,0.4684923460513826,0.2919031360810851,2024-12-07,0.0,top_ev,-0.09186316474771558,1.9090909090909087
9,movsar evloev,0.09186316474771558,0.11517347148332874,1.4444444444444444,-1.0,1,0.7720431725653815,0.4684923460513826,0.2919031360810851,2024-12-07,1.0,top_ev,-0.09186316474771558,1.4444444444444444
1,vitor petrino,0.09855565264340917,0.1172053961118999,1.3278688524590163,-1.0,1,0.8413522118867395,0.5286612884460422,0.15489147676922266,2024-12-14,0.0,top_ev,-0.09855565264340917,1.3278688524590163
6,sean woodson,0.09855565264340917,0.0337324549169542,1.6451612903225803,-1.0,1,0.6283471784789331,0.5286612884460422,0.15489147676922266,2024-12-14,1.0,top_ev,-0.09855565264340917,1.6451612903225803
4,jose johnson,0.011316108810723364,0.03887817905974583,1.6756756756756757,-1.0,1,0.6199756875033967,0.4542670381892699,0.0539750823684515,2025-01-11,0.0,top_ev,-0.011316108810723364,1.6756756756756757
8,cesar almeida,0.011316108810723364,0.014531928394500848,1.3846153846153846,-1.0,1,0.7327175038404729,0.4542670381892699,0.0539750823684515,2025-01-11,1.0,top_ev,-0.011316108810723364,1.3846153846153846
8,grant dawson,0.09847050019523894,0.14512423759091192,1.4081632653061225,1.5816326530612246,1,0.8132041687239809,0.46986956951596903,0.21303062334224654,2025-01-18,1.0,top_ev,0.09847050019523894,1.4081632653061225
0,reinier de ridder,0.09847050019523894,0.059300452756283095,1.8333333333333333,1.5816326530612246,0,0.5778002469579726,0.46986956951596903,0.21303062334224654,2025-01-18,0.0,top_ev,0.09847050019523894,1.8333333333333333
0,nassourdine imavov,0.05588945224434335,0.27475594572202755,2.5,3.583333333333333,0,0.509902378288811,0.31739520219233663,0.4547280100482094,2025-02-01,0.0,top_ev,0.05588945224434335,2.5
5,hamdy abdelwahab,0.05588945224434335,0.14118158454577356,1.8333333333333333,3.583333333333333,1,0.6224626824795129,0.31739520219233663,0.4547280100482094,2025-02-01,1.0,top_ev,0.05588945224434335,1.8333333333333333
4,tom nolan,0.07536407667453389,0.16503627775103447,2.25,2.321428571428572,1,0.517793901222682,0.3917921856255927,0.3013097593992904,2025-02-08,1.0,top_ev,0.07536407667453389,2.25
0,dricus du plessis,0.07536407667453389,0.11696930323175497,1.4761904761904765,2.321428571428572,1,0.7566566247698984,0.3917921856255927,0.3013097593992904,2025-02-08,1.0,top_ev,0.07536407667453389,1.4761904761904765
3,youssef zalal,0.0592187628155537,0.044617822906478505,1.2272727272727273,0.7851239669421488,0,0.8511700779237973,0.6023358653687328,0.07524418941856448,2025-02-15,0.0,top_ev,0.0592187628155537,1.2272727272727273
5,gabriel bonfim,0.0592187628155537,0.029318250024562176,1.4545454545454546,0.7851239669421488,1,0.7076562968918865,0.6023358653687328,0.07524418941856448,2025-02-15,1.0,top_ev,0.0592187628155537,1.4545454545454546
4,anthony hernandez,0.06789380756721869,0.08393368846190918,1.3003003003003002,1.3005313005313002,0,0.8336025825815607,0.4892022751454563,0.1254251462632474,2025-02-22,0.0,top_ev,0.06789380756721869,1.3003003003003002
3,melquizael costa,0.06789380756721869,0.03827859420091856,1.7692307692307692,1.3005313005313002,0,0.5868531184613888,0.4892022751454563,0.1254251462632474,2025-02-22,0.0,top_ev,0.06789380756721869,1.7692307692307692
6,danny silva,0.07574893582877579,0.10539000827048323,1.4,1.6068965517241374,1,0.7895642916217738,0.44429920509430687,0.1582420656941239,2025-03-01,1.0,top_ev,0.07574893582877579,1.4
2,cody brundage,0.07574893582877579,0.04781304067180242,1.862068965517241,1.6068965517241374,1,0.5627144107311532,0.44429920509430687,0.1582420656941239,2025-03-01,1.0,top_ev,0.07574893582877579,1.862068965517241
0,iasmin lucindo,0.07664663661537757,0.15566427114262937,1.7692307692307692,-1.0,0,0.6532015445588775,0.3770530938883059,0.2471756182459346,2025-03-08,1.0,top_ev,-0.07664663661537757,1.7692307692307692
6,alex pereira,0.07664663661537757,0.0791850621226059,1.869565217391304,-1.0,1,0.5772385216004637,0.3770530938883059,0.2471756182459346,2025-03-08,0.0,top_ev,-0.07664663661537757,1.869565217391304
2,chidi njokuani,0.06446061795539199,0.38415291033307786,2.75,-1.0,1,0.5033283310302101,0.34098326147572255,0.5426742716764543,2025-03-15,1.0,top_ev,-0.06446061795539199,2.75
7,josiane nunes,0.06446061795539199,0.11452590256464523,1.6451612903225803,-1.0,1,0.6774569211667453,0.34098326147572255,0.5426742716764543,2025-03-15,0.0,top_ev,-0.06446061795539199,1.6451612903225803
7,shauna bannon,0.0817584190904256,0.14215579784572197,1.5714285714285714,-1.0,1,0.726826416810914,0.4087726842953101,0.2263180528859301,2025-03-22,1.0,top_ev,-0.0817584190904256,1.5714285714285714
6,jai herbert,0.0817584190904256,0.07368719328742268,1.9090909090909087,-1.0,1,0.5624075774362691,0.4087726842953101,0.2263180528859301,2025-03-22,0.0,top_ev,-0.0817584190904256,1.9090909090909087
3,manuel torres,0.10560971294705158,0.14492524078349833,1.819672131147541,1.4162859446385379,1,0.6291931503404811,0.5169828461393611,0.24917838474576604,2025-03-29,1.0,top_ev,0.10560971294705158,1.819672131147541
6,rafa garcia,0.10560971294705158,0.09105672601900616,1.3278688524590163,1.4162859446385379,1,0.8216600035451775,0.5169828461393611,0.24917838474576604,2025-03-29,1.0,top_ev,0.10560971294705158,1.3278688524590163
3,lerone murphy,0.07370560026389912,0.09408072990891941,1.359712230215827,1.1990407673860908,0,0.8046413833721684,0.5094924392943893,0.12039464468334504,2025-04-05,0.0,top_ev,0.07370560026389912,1.359712230215827
2,brad tavares,0.07370560026389912,0.024051163735071157,1.617283950617284,1.1990407673860908,1,0.6331919409354256,0.5094924392943893,0.12039464468334504,2025-04-05,1.0,top_ev,0.07370560026389912,1.617283950617284
10,nikita krylov,0.09977795419820527,0.15320766837881783,1.6756756756756757,-1.0,1,0.6882045762905848,0.46875875488869345,0.20330021956476574,2025-04-12,0.0,top_ev,-0.09977795419820527,1.6756756756756757
3,sean woodson,0.09977795419820527,0.0434375807233125,1.5319148936170213,-1.0,0,0.6811328651943845,0.46875875488869345,0.20330021956476574,2025-04-12,1.0,top_ev,-0.09977795419820527,1.5319148936170213
8,matt schnell,0.04007964215756529,0.07092078950781938,1.6451612903225803,1.4760508308895401,1,0.6509518524459296,0.44364455607401193,0.09848647168667846,2025-04-26,1.0,top_ev,0.04007964215756529,1.6451612903225803
2,david onama,0.04007964215756529,0.02574016906659171,1.5050505050505052,1.4760508308895401,0,0.6815320586415609,0.44364455607401193,0.09848647168667846,2025-04-26,0.0,top_ev,0.04007964215756529,1.5050505050505052
5,yana santos,0.07545148954008951,0.2047329145289567,2.35,2.3944444444444444,1,0.5126523040548752,0.3860649870965966,0.31047615064455836,2025-05-03,1.0,top_ev,0.07545148954008951,2.35
9,montel jackson,0.07545148954008951,0.08777317763991421,1.4444444444444444,2.3944444444444444,1,0.7530737383660945,0.3860649870965966,0.31047615064455836,2025-05-03,1.0,top_ev,0.07545148954008951,1.4444444444444444
5,valentina shevchenko,0.07563244182722785,0.17074195879078558,2.2,2.3000000000000003,1,0.5321554358139934,0.3918349059979239,0.29305518979314904,2025-05-10,1.0,top_ev,0.07563244182722785,2.2
1,mike malott,0.07563244182722785,0.10447496998287831,1.5,2.3000000000000003,1,0.7363166466552522,0.3918349059979239,0.29305518979314904,2025-05-10,1.0,top_ev,0.07563244182722785,1.5
5,luana santos,0.09543050875817824,0.11186390626623655,1.5649717514124295,0.8944394885518883,1,0.7104689942567648,0.5824381694670989,0.10339386787834881,2025-05-17,1.0,top_ev,0.09543050875817824,1.5649717514124295
1,michael morales,0.09543050875817824,-0.007617873320783369,1.2105263157894737,0.8944394885518883,0,0.8197939307350051,0.5824381694670989,0.10339386787834881,2025-05-17,0.0,top_ev,0.09543050875817824,1.2105263157894737
1,jafel filho,0.025077576035561634,0.08219051683099443,2.04,-1.0,1,0.5304855474661737,0.3300026519462221,0.11035178008087287,2025-05-31,0.0,top_ev,-0.025077576035561634,2.04
4,mateusz gamrot,0.025077576035561634,0.02602246352365356,1.6493506493506491,-1.0,1,0.6220766117426877,0.3300026519462221,0.11035178008087287,2025-05-31,1.0,top_ev,-0.025077576035561634,1.6493506493506491
4,merab dvalishvili,0.10823515739381029,0.1708337656113949,1.4444444444444444,-1.0,1,0.8105772223463503,0.5344240254578971,0.2455322038449559,2025-06-07,1.0,top_ev,-0.10823515739381029,1.4444444444444444
3,serghei spivac,0.10823515739381029,0.06379935429565808,1.6134969325153374,-1.0,1,0.6593129077954079,0.5344240254578971,0.2455322038449559,2025-06-07,0.0,top_ev,-0.10823515739381029,1.6134969325153374
6,michael chiesa,0.09071438386998605,0.08653014839144091,1.3076923076923077,1.1406173444390002,1,0.8308759958287489,0.5310226844297338,0.1367163685808459,2025-06-14,1.0,top_ev,0.09071438386998605,1.3076923076923077
4,edmen shahbazyan,0.09071438386998605,0.046189441005114684,1.6369426751592355,1.1406173444390002,1,0.6391118375011791,0.5310226844297338,0.1367163685808459,2025-06-14,1.0,top_ev,0.09071438386998605,1.6369426751592355
6,hamdy abdelwahab,0.06265735919749796,0.11135939222238928,1.6134969325153374,-1.0,1,0.6887892811112146,0.40697049423253734,0.1819621593232097,2025-06-21,0.0,top_ev,-0.06265735919749796,1.6134969325153374
2,ignacio bahamondes,0.06265735919749796,0.06352829480267025,1.8,-1.0,0,0.5908490526681501,0.40697049423253734,0.1819621593232097,2025-06-21,1.0,top_ev,-0.06265735919749796,1.8
3,joshua van,0.06180291335634922,0.35625758538670493,2.05,-1.0,0,0.6615890660422952,0.3476222527202649,0.5392713350453331,2025-06-28,0.0,top_ev,-0.06180291335634922,2.05
1,hyder amil,0.06180291335634922,0.13494025886420824,2.16,-1.0,1,0.525435305029726,0.3476222527202649,0.5392713350453331,2025-06-28,0.0,top_ev,-0.06180291335634922,2.16
3,steve garcia,0.03418681233676917,0.0784967101303144,1.7407407407407407,1.175925925925926,0,0.6195619398620955,0.4962241891892222,0.07974707832840022,2025-07-12,0.0,top_ev,0.03418681233676917,1.7407407407407407
7,gabriel bonfim,0.03418681233676917,0.0011593620883040001,1.25,1.175925925925926,0,0.8009274896706432,0.4962241891892222,0.07974707832840022,2025-07-12,0.0,top_ev,0.03418681233676917,1.25
0,dustin poirier,0.0017477400974222502,0.033259598752409913,1.9803921568627447,-1.0,0,0.5217449459046823,0.372573295770151,0.01627188668639401,2025-07-19,1.0,top_ev,-0.0017477400974222502,1.9803921568627447
1,brendan allen,0.0017477400974222502,-0.016440894511434934,1.3773584905660377,-1.0,0,0.7140908574095062,0.372573295770151,0.01627188668639401,2025-07-19,0.0,top_ev,-0.0017477400974222502,1.3773584905660377
7,bryce mitchell,0.09524256375342284,0.17122586680298557,1.7246376811594204,-1.0,1,0.6791141580622353,0.4735278187737411,0.2833290160969506,2025-07-26,1.0,top_ev,-0.09524256375342284,1.7246376811594204
5,amanda ribas,0.09524256375342284,0.09571437283908801,1.5714285714285714,-1.0,1,0.6972727827157833,0.4735278187737411,0.2833290160969506,2025-07-26,0.0,top_ev,-0.09524256375342284,1.5714285714285714
6,neil magny,0.07045138137068847,0.35512208147096613,2.4,2.999999999999999,1,0.5646342006129026,0.382564293705733,0.5302571748229317,2025-08-02,1.0,top_ev,0.07045138137068847,2.4
8,karol rosa,0.07045138137068847,0.1292393473227585,1.6666666666666663,2.999999999999999,1,0.6775436083936552,0.382564293705733,0.5302571748229317,2025-08-02,1.0,top_ev,0.07045138137068847,1.6666666666666663
1,iasmin lucindo,0.13168968809762052,0.1916963758058487,1.5813953488372094,0.9767441860465118,1,0.753572708230169,0.6409278648855944,0.266950430587803,2025-08-09,1.0,top_ev,0.13168968809762052,1.5813953488372094
6,joselyne edwards,0.13168968809762052,0.0631486814173334,1.25,0.9767441860465118,1,0.8505189451338667,0.6409278648855944,0.266950430587803,2025-08-09,1.0,top_ev,0.13168968809762052,1.25
8,edson barboza,0.07004787687436195,0.07156252876744851,1.9090909090909087,-1.0,1,0.5612946579258065,0.46239094797004604,0.14783535077576504,2025-08-16,0.0,top_ev,-0.07004787687436195,1.9090909090909087
5,chase hooper,0.07004787687436195,0.07117906791314219,1.3003003003003002,-1.0,1,0.8237936018823935,0.46239094797004604,0.14783535077576504,2025-08-16,0.0,top_ev,-0.07004787687436195,1.3003003003003002
2,diyar nurgozhay,0.08176218595101445,0.1986011971293744,1.9090909090909087,-1.0,0,0.6278387223058629,0.431938937823444,0.42215468461236694,2025-08-23,1.0,top_ev,-0.08176218595101445,1.9090909090909087
8,gauge young,0.08176218595101445,0.1865119841515247,1.7246376811594204,-1.0,0,0.6879775370290353,0.431938937823444,0.42215468461236694,2025-08-23,0.0,top_ev,-0.08176218595101445,1.7246376811594204
0,sam patterson,0.073641604602902,0.09819472864785894,1.5319148936170213,-1.0,1,0.716877114534019,0.4362463454881489,0.18634830024882065,2025-09-06,1.0,top_ev,-0.073641604602902,1.5319148936170213
3,andreas gustafsson,0.073641604602902,0.08027134833318667,1.7751937984496124,-1.0,1,0.6085371350872536,0.4362463454881489,0.18634830024882065,2025-09-06,0.0,top_ev,-0.073641604602902,1.7751937984496124
8,claudio puelles,0.07330519139728649,0.2629771993835487,1.8333333333333333,-1.0,1,0.6888966542092084,0.4193077738194621,0.5374618373380275,2025-09-13,0.0,top_ev,-0.07330519139728649,1.8333333333333333
1,alexander hernandez,0.07330519139728649,0.21733142774743142,2.0,-1.0,1,0.6086657138737157,0.4193077738194621,0.5374618373380275,2025-09-13,1.0,top_ev,-0.07330519139728649,2.0
7,rolando bedoya,0.04743865032107399,0.11025434114232768,2.15,-1.0,0,0.5163973679731757,0.3397871713993103,0.19291103781770502,2025-09-27,1.0,top_ev,-0.04743865032107399,2.15
3,tom nolan,0.04743865032107399,0.07444843367181331,1.6329113924050631,-1.0,1,0.6579955524036687,0.3397871713993103,0.19291103781770502,2025-09-27,1.0,top_ev,-0.04743865032107399,1.6329113924050631
4,daniel santos,0.09459654858387816,0.16684378357271534,1.7692307692307692,1.2115384615384617,1,0.6595203994106652,0.5757562007903115,0.2733069825170351,2025-10-04,1.0,top_ev,0.09459654858387816,1.7692307692307692
5,merab dvalishvili,0.09459654858387816,0.09124031892113615,1.25,1.2115384615384617,1,0.8729922551369089,0.5757562007903115,0.2733069825170351,2025-10-04,1.0,top_ev,0.09459654858387816,1.25
6,stewart nicoll,0.08516438870249914,0.17496109656722114,1.9523809523809523,-1.0,0,0.6018093421441865,0.47964595089637335,0.3266397927570326,2025-10-11,1.0,top_ev,-0.08516438870249914,1.9523809523809523
2,michael aswell jr,0.08516438870249914,0.1290925262401943,1.4166666666666667,-1.0,0,0.7970064891107254,0.47964595089637335,0.3266397927570326,2025-10-11,0.0,top_ev,-0.08516438870249914,1.4166666666666667
3,kyle nelson,0.06276893687621432,0.10674917177592891,1.9523809523809523,2.068027210884354,1,0.5668715270071831,0.39202291289297153,0.20273696404578345,2025-10-18,1.0,top_ev,0.06276893687621432,1.9523809523809523
5,charles jourdain,0.06276893687621432,0.08672949094312765,1.5714285714285714,2.068027210884354,1,0.6915551306001722,0.39202291289297153,0.20273696404578345,2025-10-18,1.0,top_ev,0.06276893687621432,1.5714285714285714
9,virna jandiroba,0.06461942616997464,0.270139148086999,2.25,-1.0,1,0.5645062880386662,0.35496899152517025,0.4325534300837228,2025-10-25,0.0,top_ev,-0.06461942616997464,2.25
0,ludovit klein,0.06461942616997464,0.12787125114704284,1.7936507936507935,-1.0,1,0.6288131754182629,0.35496899152517025,0.4325534300837228,2025-10-25,1.0,top_ev,-0.06461942616997464,1.7936507936507935
0,isaac dulgarian,0.07167139333883908,0.373151272242644,1.847457627118644,-1.0,1,0.7432653675441835,0.4146658176357927,0.6087628077429315,2025-11-01,0.0,top_ev,-0.07167139333883908,1.847457627118644
2,waldo cortes acosta,0.07167139333883908,0.17158454444387916,2.1,-1.0,1,0.5578974021161329,0.4146658176357927,0.6087628077429315,2025-11-01,1.0,top_ev,-0.07167139333883908,2.1
1,ricky simon,0.10037286315376813,0.12189641491873077,1.5714285714285714,-1.0,1,0.7139340822210105,0.48941414624184265,0.24975398058184806,2025-11-08,0.0,top_ev,-0.10037286315376813,1.5714285714285714
2,gabriel bonfim,0.10037286315376813,0.1139655711194863,1.625,-1.0,1,0.6855172745350685,0.48941414624184265,0.24975398058184806,2025-11-08,1.0,top_ev,-0.10037286315376813,1.625
1,bo nickal,0.09802693553004234,0.07477692687061177,1.4444444444444444,0.956658786446021,1,0.7440763339873466,0.5887015765588809,0.15188811236855915,2025-11-15,1.0,top_ev,0.09802693553004234,1.4444444444444444
7,islam makhachev,0.09802693553004234,0.07174622339769526,1.3546099290780145,0.956658786446021,0,0.791184384811911,0.5887015765588809,0.15188811236855915,2025-11-15,0.0,top_ev,0.09802693553004234,1.3546099290780145
2,tagir ulanbekov,0.09904129159670133,0.1705263689652876,1.5,-1.0,1,0.7803509126435251,0.4647414968864225,0.25929953995030575,2025-11-22,0.0,top_ev,-0.09904129159670133,1.5
0,ismail naurdiev,0.09904129159670133,0.0758403854357344,1.806451612903225,-1.0,1,0.5955544990804961,0.4647414968864225,0.25929953995030575,2025-11-22,1.0,top_ev,-0.09904129159670133,1.806451612903225
9,merab dvalishvili,0.04243085275038028,0.9154021174692412,2.5,-1.0,1,0.7661608469876965,0.4207295639833096,1.2088302109123754,2025-12-06,0.0,top_ev,-0.04243085275038028,2.5
10,terrance mckinney,0.04243085275038028,0.15319399032033598,2.1,-1.0,1,0.5491399953906362,0.4207295639833096,1.2088302109123754,2025-12-06,0.0,top_ev,-0.04243085275038028,2.1
0,tereza bleda,0.08834213814485312,0.10820508501352277,1.5,-1.0,0,0.7388033900090152,0.48362995148981147,0.2027113267312417,2025-12-13,1.0,top_ev,-0.08834213814485312,1.5
2,melquizael costa,0.08834213814485312,0.08527865734938922,1.6578947368421053,-1.0,1,0.654612523480584,0.48362995148981147,0.2027113267312417,2025-12-13,1.0,top_ev,-0.08834213814485312,1.6578947368421053
1,paddy pimblett,0.04242848827017644,0.055441947670777814,1.4444444444444444,-1.0,0,0.7306905791566923,0.5448950143682778,0.08407834095491751,2026-01-24,1.0,top_ev,-0.04242848827017644,1.4444444444444444
3,natalia silva,0.04242848827017644,0.027132134881824976,1.3773584905660377,-1.0,1,0.7457260705306401,0.5448950143682778,0.08407834095491751,2026-01-24,1.0,top_ev,-0.04242848827017644,1.3773584905660377
9,jacob malkoun,0.08652116972820287,0.13282259368380372,1.7407407407407407,1.3209876543209873,1,0.6507704261587809,0.5083048661002756,0.17976931885002223,2026-01-31,1.0,top_ev,0.08652116972820287,1.7407407407407407
1,tallison teixeira,0.08652116972820287,0.041442257091247936,1.3333333333333333,1.3209876543209873,0,0.781081692818436,0.5083048661002756,0.17976931885002223,2026-01-31,0.0,top_ev,0.08652116972820287,1.3333333333333333
5,julius walker,0.06545850626176099,0.258136904479249,2.5,-1.0,0,0.5032547617916996,0.3858355955232832,0.5563613745801148,2026-02-07,1.0,top_ev,-0.06545850626176099,2.5
2,klaudia sygula,0.06545850626176099,0.23703658086740798,1.6134969325153374,-1.0,1,0.766680466469154,0.3858355955232832,0.5563613745801148,2026-02-07,1.0,top_ev,-0.06545850626176099,1.6134969325153374
9,anthony hernandez,0.08160838208443433,0.20438350461178129,1.4,-1.0,0,0.8602739318655581,0.491578362509491,0.4108299004022391,2026-02-21,1.0,top_ev,-0.08160838208443433,1.4
0,serghei spivac,0.08160838208443433,0.1714125068966328,2.05,-1.0,1,0.5714207350715282,0.491578362509491,0.4108299004022391,2026-02-21,1.0,top_ev,-0.08160838208443433,2.05
