odds_type,bin_low,bin_high_exclusive,n_bets,n_events,close_wins,open_wins,different_picks,mean_close_american,close_roi_pct,open_target_roi_pct,initial_gap_pp,same_close_picks_at_open_roi_pct,required_adjustment,status,matched_roi_pct,mean_decimal_increase,mean_raw_american_change,mean_adjusted_american,roi_at_limit_pct,roi_gain_pp_first_step,average_gap_closed_pp_per_point
close1,-3350,-3300,2,2,2,2,0,-3334.0,2.9994003898140886,8.554955675531561,5.555555285717473,8.554955675531561,2165.0860163398847,matched,8.55495567553155,0.05555555285717462,2165.086016339884,-1168.9139836601162,1866.0,0.00902346850760738,0.002565974397224751
close1,-2000,-1950,2,2,2,2,0,-2000.0,5.000000000000004,20.482227193636582,15.482227193636579,20.482227193636582,1511.771844660194,matched,20.48222719363657,0.15482227193636566,1511.7718446601937,-488.2281553398063,3200.0,0.02512562814069863,0.010241113596818289
close1,-1800,-1750,2,2,2,2,0,-1800.0,5.555555555555558,10.399377593360992,4.843822037805434,10.399377593360992,838.4039900249243,matched,10.399377593360848,0.0484382203780529,838.4039900249239,-961.5960099750761,3400.0,0.031036623215396908,0.005777431996311749
close1,-1700,-1650,1,1,1,1,0,-1667.0,5.998800239952007,12.5,6.501199760047993,12.5,867.0,matched,12.5,0.06501199760047993,867.0,-800.0,3533.0,0.036202777549498855,0.0074985002999400155
close1,-1600,-1550,1,1,1,1,0,-1600.0,6.25,9.090909090909083,2.840909090909083,9.090909090909083,499.9999999999981,matched,9.090909090909083,0.02840909090909083,499.9999999999991,-1100.000000000001,3600.0,0.039308176100627534,0.005681818181818187
close1,-1450,-1400,2,2,2,2,0,-1440.0,6.944779358572461,23.676323676323683,16.731544317751222,23.676323676323683,1017.4005001382991,matched,23.676323676323673,0.16731544317751212,1017.4005001382991,-422.59949986170096,3760.0,0.04856962421313504,0.016445386369946583
close1,-1400,-1350,1,1,1,1,0,-1400.0,7.14285714285714,14.28571428571428,7.14285714285714,14.28571428571428,699.9999999999978,matched,14.285714285714235,0.07142857142857095,699.9999999999975,-700.0000000000025,3800.0,0.05138746145940676,0.010204081632653088
close1,-1350,-1300,1,1,1,1,0,-1350.0,7.407407407407396,14.28571428571428,6.8783068783068835,14.28571428571428,649.9999999999994,matched,14.28571428571428,0.06878306878306883,649.9999999999997,-700.0000000000003,3850.0,0.05527915975678255,0.010582010582010599
close1,-1250,-1200,5,4,4,4,0,-1232.0,-13.480497925311202,-5.016339869281041,8.464158056030161,-5.016339869281041,692.6385531716102,matched,-5.016339869281055,0.10452493796474345,692.6385531716099,-539.3614468283901,3158.0,0.0535847116521353,0.012220165939756831
close1,-1200,-1150,2,2,2,2,0,-1200.0,8.333333333333325,9.126984126984128,0.7936507936508033,9.126984126984128,104.34782608695524,matched,9.126984126984116,0.007936507936507908,104.34782608695537,-1095.6521739130446,4000.0,0.07002801120448154,0.007605820105820292
close1,-1150,-1100,1,1,1,1,0,-1115.0,8.968609865470857,15.408320493066263,6.439710627595407,15.408320493066263,466.0000000000004,matched,15.408320493066263,0.06439710627595407,466.00000000000034,-648.9999999999997,4085.0,0.08116389018524117,0.013819121518445067
close1,-1100,-1050,1,1,1,1,0,-1100.0,9.090909090909083,15.408320493066263,6.31741140215718,15.408320493066263,451.0000000000003,matched,15.408320493066263,0.0631741140215718,451.00000000000034,-648.9999999999997,4100.0,0.08340283569641116,0.014007564084605713
close1,-1050,-1000,1,1,1,1,0,-1050.0,9.523809523809534,18.691588785046733,9.167779261237198,18.691588785046733,514.9999999999973,matched,18.69158878504664,0.09167779261237108,514.9999999999975,-535.0000000000025,4150.0,0.09157509157509125,0.017801513128616015
close1,-1000,-950,9,9,8,8,0,-1000.0,-2.2222222222222143,9.633270943743694,11.855493165965909,9.633270943743694,571.5037996608521,matched,9.63327094374369,0.13337429811711643,571.5037996608521,-428.49620033914795,3722.222222222222,0.08978675645341383,0.020744382054854793
close1,-950,-900,1,1,1,1,0,-910.0,10.989010989010994,28.57142857142856,17.582417582417563,28.57142857142856,559.9999999999999,matched,28.57142857142856,0.17582417582417564,559.9999999999998,-350.00000000000017,4290.0,0.12210012210012167,0.03139717425431708
close1,-900,-850,3,3,3,3,0,-900.0,11.111111111111116,26.943164362519195,15.832053251408079,26.943164362519195,528.8483466362599,matched,26.9431643625192,0.15832053251408085,528.84834663626,-371.15165336374,4300.0,0.12484394506866359,0.029936849291687984
close1,-850,-800,4,4,4,4,0,-842.5,11.872309899569588,21.301169590643276,9.428859691073688,21.301169590643276,372.671191305935,matched,21.30116959064428,0.09428859691074692,372.6711913059348,-469.8288086940652,4357.5,0.14268128208826347,0.025300747444503443
close1,-800,-750,5,5,3,3,0,-800.0,-32.5,-29.007092198581564,3.4929078014184363,-29.007092198581564,254.19354838709666,matched,-29.007092198581564,0.05821513002364065,254.19354838709668,-545.8064516129033,2600.0,0.09493670886075734,0.013741134751773042
close1,-750,-700,4,4,4,4,0,-742.5,13.472222222222218,23.61318745708674,10.140965234864524,23.61318745708674,318.59514217820885,matched,23.613187457086752,0.10140965234864535,318.59514217820896,-423.90485782179104,4457.5,0.18403967347629546,0.03183025693841901
close1,-700,-650,9,8,9,9,0,-683.7777777777778,14.631066872719833,24.155736725319755,9.524669852599922,24.155736725319755,269.3027916523478,matched,24.15573672531973,0.09524669852599892,269.30279165234776,-414.47498612543,4516.222222222222,0.21734463386705904,0.035367883838707634
close1,-650,-600,9,9,8,8,0,-647.1111111111111,2.6351125334176113,10.835699779406296,8.200587245988684,10.835699779406296,241.55529802231973,matched,10.835699779406305,0.09211532025918677,241.55529802231993,-405.5558130887912,4036.222222222222,0.21595578555978845,0.03394910943013533
close1,-600,-550,16,16,16,15,1,-590.25,16.95456518414527,20.763678779532153,3.809113595386883,39.51367877953215,108.09903883206384,matched,20.763678779532157,0.038091135953868885,108.09903883206383,-482.1509611679362,4609.75,0.29264750438444764,0.03523725683911485
close1,-550,-500,13,13,10,10,0,-546.0,-8.954895593882958,4.352216632937312,13.30711222682027,4.352216632937312,264.06234145769605,matched,4.352216632937314,0.17188815298477728,264.06234145769616,-281.93765854230384,3557.769230769231,0.26421233952807555,0.050393828038338924
close1,-500,-450,23,18,22,22,0,-485.0,15.42640175468694,24.616461298041315,9.190059543354375,24.616461298041315,153.1935958333319,matched,24.616461298041305,0.09574169585335453,153.1935958333319,-331.80640416666824,4506.304347826088,0.41797257506587115,0.05998984156852593
close1,-450,-400,24,21,17,17,0,-438.125,-12.974127764755986,-2.2905436444951355,10.68358412026085,-2.2905436444951355,173.5477009139471,matched,-2.290543644495138,0.15047381942050722,173.54770091394712,-264.57729908605285,3343.958333333333,0.3792851405418549,0.06155992884952282
close1,-400,-350,36,29,29,29,0,-384.8611111111111,1.5849640397007856,11.756308488957165,10.17134444925638,11.756308488957165,124.51424699264969,matched,11.756308488957165,0.12528334703541597,124.51424699264969,-260.3468641184613,3860.2777777777783,0.5648556114772312,0.08168819789639666
close1,-350,-300,46,35,38,38,0,-332.3478260869565,7.697346637390333,17.849531697112404,10.152185059722072,17.849531697112404,94.60837544372302,matched,17.849531697112404,0.1207249919927091,94.60837544372305,-237.73945064323362,4005.760869565217,0.7873659967382833,0.10730746630102546
close1,-300,-250,84,50,56,56,0,-279.60714285714283,-9.394211559165107,-0.8062484198953109,8.587963139269796,-0.8062484198953109,73.37090044551493,matched,-0.8062484198953088,0.12816743127211663,73.37090044551493,-206.23624241162784,3247.3809523809523,0.8931468625265353,0.11704862673243595
close1,-250,-200,105,55,64,65,1,-230.31428571428572,-12.521094261126409,-3.2821372764768495,9.23895698464956,-4.914790337701341,59.10612134551609,matched,-3.2821372764782772,0.1523427508881687,59.1061213455161,-171.2081643687696,2989.9809523809517,1.2111086610293889,0.15631133923746202
close1,-200,-150,117,61,78,83,11,-176.18803418803418,4.804687239524168,20.505323867500024,15.700636627975857,12.09064746390369,50.52758896159548,matched,20.50532386749821,0.23488509004097108,50.52758896159548,-125.66044522643872,3316.051282051282,2.330636594764676,0.3107339366600185
close1,-150,-100,109,54,64,65,19,-133.25688073394497,2.7681231838862708,6.64428870334412,3.8761655194578495,9.41527667321412,10.690141244315242,matched,6.644288703346328,0.0675293901681176,25.36904032688405,-107.8878404070609,2932.9541284403676,3.606298129617463,0.362592544931911
close1,100,150,11,11,5,5,0,110.27272727272727,-4.272727272727271,-2.027239257485643,2.245488015241628,-2.027239257485643,4.94007363353158,matched,-2.027239257485647,0.04940073633531576,4.940073633531579,115.21280090625883,2268.4545454545455,4.545454545454546,0.45454545454545464
close1,150,200,1,1,1,1,0,160.0,160.0,175.0,15.0,175.0,15.0,matched,175.0,0.1499999999999999,15.0,175.0,5160.0,10.000000000000028,1.0
close2,-2200,-2150,1,1,1,1,0,-2200.0,4.545454545454541,5.998800239952007,1.4533456944974654,5.998800239952007,533.0000000000005,matched,5.998800239952007,0.014533456944974654,532.9999999999993,-1667.0000000000007,3000.0,0.020755500207547684,0.002726727381796368
close2,-2100,-2050,1,1,1,1,0,-2100.0,4.761904761904767,11.111111111111116,6.349206349206349,11.111111111111116,1199.9999999999998,matched,11.111111111111116,0.06349206349206349,1200.0000000000005,-899.9999999999995,3100.0,0.022784233310546576,0.005291005291005292
close2,-1650,-1600,1,1,1,1,0,-1650.0,6.060606060606055,7.407407407407396,1.3468013468013407,7.407407407407396,299.99999999999767,matched,7.407407407407396,0.013468013468013407,299.99999999999795,-1350.000000000002,3550.0,0.03695491500370629,0.00448933782267117
close2,-1400,-1350,1,1,1,1,0,-1400.0,7.14285714285714,33.55704697986577,26.414189837008628,33.55704697986577,1102.0,matched,33.55704697986577,0.2641418983700863,1102.0,-298.00000000000006,3800.0,0.05138746145940676,0.023969319271332692
close2,-1250,-1200,1,1,1,1,0,-1250.0,8.000000000000007,12.5,4.499999999999993,12.5,449.99999999999943,matched,12.5,0.04499999999999993,450.0,-800.0,3950.0,0.0645161290322438,0.009999999999999997
close2,-1200,-1150,2,2,1,1,0,-1200.0,-45.833333333333336,-43.75,2.0833333333333357,-43.75,400.0000000000005,matched,-43.75,0.04166666666666674,400.0,-800.0,1950.0,0.03501400560224255,0.005208333333333332
close2,-1150,-1100,1,1,1,1,0,-1115.0,8.968609865470857,9.090909090909083,0.12229922543822624,9.090909090909083,14.999999999999755,matched,9.090909090909083,0.0012229922543822713,14.99999999999909,-1100.000000000001,4085.0,0.08116389018524117,0.008153281695881883
close2,-1100,-1050,2,2,2,2,0,-1100.0,9.090909090909083,11.744505494505496,2.6535964035964135,11.744505494505496,248.53801169592822,matched,11.744505494505786,0.02653596403596703,248.5380116959276,-851.4619883040724,4100.0,0.08340283569641116,0.010676823176822281
close2,-1000,-950,5,5,5,5,0,-1000.0,10.000000000000009,16.43860683314935,6.438606833149342,16.43860683314935,391.6759430103005,matched,16.43860683314933,0.06438606833149318,391.6759430103002,-608.3240569896998,4200.0,0.10101010101009145,0.01643860683314935
close2,-950,-900,4,4,3,3,0,-940.0,-16.989589358010416,-15.79077701959058,1.1988123384198364,-15.79077701959058,121.82210413093831,matched,-15.79077701959058,0.015859084999500728,121.82210413093813,-818.1778958690619,3172.5,0.08651607195841038,0.009840679956827164
close2,-900,-850,1,1,1,1,0,-900.0,11.111111111111116,11.111111111111116,0.0,11.111111111111116,0.0,already_at_or_above_open,11.111111111111116,0.0,4.547473508864641e-13,-899.9999999999995,4300.0,0.12484394506866359,
close2,-850,-800,2,2,2,2,0,-842.5,11.870376893272283,31.269113149847094,19.39873625657481,31.269113149847094,522.5198068910811,matched,31.269113149847083,0.193987362565748,522.5198068910811,-319.98019310891897,4357.5,0.1426101197147247,0.037125360609762424
close2,-800,-750,8,8,8,8,0,-785.0,12.743506493506496,19.95543845953682,7.211931966030322,19.95543845953682,283.4348779962784,matched,19.95543845953681,0.07211931966030316,283.43487799627826,-501.56512200372174,4415.0,0.1645547989651881,0.025444758305733346
close2,-750,-700,3,2,3,3,0,-728.3333333333334,13.73607873607873,21.164650257266025,7.428571521187296,21.164650257266025,255.35280371371869,matched,21.164650257266025,0.07428571521187292,255.35280371371869,-472.98052961961463,4471.666666666666,0.19139383688380285,0.029091403787818288
close2,-700,-650,1,1,1,1,0,-700.0,14.28571428571428,16.666666666666675,2.3809523809523956,16.666666666666675,100.00000000000028,matched,16.666666666666675,0.023809523809523947,100.00000000000023,-599.9999999999998,4500.0,0.2070393374741233,0.023809523809523888
close2,-650,-600,11,9,9,9,0,-646.3636363636364,-5.509491254309579,0.6725780957757485,6.182069350085328,0.6725780957757485,211.62846983458525,matched,0.6725780957757463,0.07537621391716315,211.62846983458513,-434.73516652905124,3708.0,0.19940587033825974,0.029211898356196628
close2,-600,-550,6,6,5,5,0,-578.3333333333334,-2.182539682539679,3.1293991778816346,5.311938860421313,3.1293991778816346,154.1476068706994,matched,3.1293991778816386,0.06311004654284443,154.14760687069938,-424.18572646263397,3836.6666666666665,0.25649962090639966,0.03446007997306778
close2,-550,-500,11,11,11,11,0,-539.4545454545455,18.54993235171335,23.171013062570164,4.621080710856816,23.171013062570164,107.41693736655905,matched,23.171013062570164,0.04621080710856815,107.4169373665592,-432.0376080879863,4660.545454545454,0.3508595215543586,0.043020037846428556
close2,-500,-450,22,20,19,18,1,-487.04545454545456,4.081267106139646,6.567344261580002,2.4860771554403565,20.203707897943637,59.91534884214697,matched,6.567344261580363,0.028905764218646244,59.91534884214689,-427.13010570330755,4055.909090909091,0.3714596247043733,0.04149315999127665
close2,-450,-400,15,13,14,14,0,-435.6666666666667,14.768183248771956,23.49339152614265,8.725208277370692,23.49339152614265,125.8511917045744,matched,23.49339152614264,0.09349100022737661,125.85119170457439,-309.8154749620923,4440.0,0.5041897625077016,0.06932956421940302
close2,-400,-350,27,24,23,23,0,-393.51851851851853,6.740456241159476,13.442774938473315,6.702318697313839,13.442774938473315,93.65299738038067,matched,13.442774938471905,0.07962615726563334,93.65299738038073,-299.8655211381378,4077.9629629629626,0.55997917751675,0.07156544782108495
close2,-350,-300,43,34,32,32,0,-334.90697674418607,-3.412088235627992,0.3258819396069356,3.7379701752349277,0.3258819396069356,48.333945445072715,matched,0.32588193960693457,0.050684884418650294,48.33394544507268,-286.57303129911344,3593.9534883720926,0.6819670855237949,0.07733633455358621
close2,-300,-250,63,43,53,53,0,-279.36507936507934,14.330630645841897,20.21572472323343,5.885094077391532,20.21572472323343,45.3074264505532,matched,20.215724723233425,0.0698612448536036,45.30742645055318,-234.05765291452607,4123.9047619047615,1.1273164506403024,0.12989248205952061
close2,-250,-200,112,58,77,78,1,-231.0,-1.3162088473900349,5.1143942752353695,6.430603122625405,3.583782030337411,40.41457900157584,matched,5.114394275235374,0.09311049572644267,40.414579001575866,-190.5854209984241,3385.214285714286,1.3687191512798549,0.1591159250322678
close2,-200,-150,131,64,84,86,4,-178.4198473282443,0.5171629559131581,5.529257227512126,5.012094271598968,2.664737373769103,21.134543252076448,matched,5.529257227512044,0.0772688004581545,21.134543252076448,-157.28530407616782,3184.6030534351144,2.2096707765367762,0.2371517667459662
close2,-150,-100,144,61,87,88,23,-127.84722222222223,8.032943190526495,7.708600410423645,-0.32434278010285045,9.889574243998236,0.0,already_at_or_above_open,8.032943190526495,0.0,2.7632217501781674e-15,-127.84722222222223,3024.5000000000005,4.116934028865435,
close2,100,150,27,21,14,16,2,112.37037037037037,10.74074074074074,20.36689901383567,9.62615827309493,8.844265268979704,18.564733812397368,matched,20.36689901383567,0.18564733812397372,18.56473381239737,130.9351041827677,2603.333333333333,5.185185185185189,0.5185185185185185
close2,150,200,5,5,2,2,0,156.0,5.0,7.799999999999993,2.7999999999999927,7.799999999999993,6.999999999999982,matched,7.799999999999993,0.06999999999999992,6.999999999999977,163.0,2005.0,4.0000000000000036,0.39999999999999997
