shift_pct,policy,switches,mean_expected_return_pct,events,mean_event_return_pct,compounded_return_pct,profitable_events,max_drawdown_pct
0.0,keep_opening,0,5.590662319897209,39,10.829021298248435,2034.1973961407296,22,35.3850701263376
0.0,always_close1,39,3.571143977999329,39,1.4998206474454248,-4.1934477926156895,17,48.18733720244302
0.0,positive_expected_gain,6,5.757761544101761,39,11.118028996885334,2343.6203072293233,23,31.263816113166087
0.0,two_point_expected_gain,1,5.675100147389007,39,11.64529335630434,2786.5114087147085,23,29.60635621869494
0.5,keep_opening,0,5.5874880067225785,39,10.803355419120555,2016.002367888742,22,35.455605049097215
0.5,always_close1,39,3.586765316892987,39,1.523875732847812,-3.55007403801183,17,48.29893653423479
0.5,positive_expected_gain,6,5.7554573613638516,39,11.092898098195306,2322.9846184825938,23,31.29648393102864
0.5,two_point_expected_gain,1,5.6721330790935465,39,11.61980417423727,2762.017261418299,23,29.630393119543143
1.0,keep_opening,0,5.584232101366923,39,10.777638299011857,1997.9237571920955,22,35.52560456042531
1.0,always_close1,39,3.6025899729727544,39,1.5480966825162668,-2.8985819569087634,17,48.409380991298775
1.0,positive_expected_gain,6,5.7530654902676055,39,11.067688776199427,2302.4575945202578,23,31.3288963939544
1.0,two_point_expected_gain,1,5.6690818848788975,39,11.59425277693709,2737.6676698884207,23,29.654247747042128
1.5,keep_opening,0,5.580817416297499,39,10.751862318712318,1979.993707130799,22,35.59506879518376
1.5,always_close1,39,3.6186339113470356,39,1.5723630726888673,-2.244601693102144,17,48.51868380096664
1.5,positive_expected_gain,6,5.7505088119009535,39,11.042393576146253,2282.076733382996,23,31.361054529576403
1.5,two_point_expected_gain,1,5.665869387494034,39,11.568631584948559,2713.5064504622196,23,29.677920132053803
2.0,keep_opening,0,5.577313527151382,39,10.725866299405503,1962.0465524277647,22,35.663997851201316
2.0,always_close1,39,3.6348547029289504,39,1.5967017044592087,-1.5857334355639519,17,48.62685796915618
2.0,positive_expected_gain,6,5.747856970016767,39,11.016851480958746,2261.6529797739263,23,31.39295935209494
2.0,two_point_expected_gain,1,5.662565172665767,39,11.542779458475213,2689.3098454975425,23,29.70141030029694
2.5,keep_opening,0,5.573746438948742,39,10.700260130584532,1944.5265133033781,22,35.73239178893712
2.5,always_close1,39,3.651253191370374,39,1.621124977075292,-0.9222347008131182,17,48.73391628394892
2.5,positive_expected_gain,6,5.74511653813693,39,10.991572084499868,2241.6330595702952,23,31.42461186229547
2.5,two_point_expected_gain,1,5.659195255319357,39,11.517306325313994,2665.679075146339,23,29.72610521790735
3.0,keep_opening,0,5.570061340891115,39,10.674415220681976,1926.9848965367746,22,35.800250631767106
3.0,always_close1,39,3.667619845441974,39,1.6447256877758858,-0.28261364747882434,17,48.839871320617135
3.0,positive_expected_gain,6,5.742292193572384,39,10.966095764922624,2221.5956302104814,23,31.45601304776434
3.0,two_point_expected_gain,1,5.655704834375316,39,11.491583631489789,2642.0075182774676,23,29.76298340594813
3.5,keep_opening,0,5.566280815876887,39,10.648498663369645,1909.5662152177695,22,35.8675743655261
3.5,always_close1,39,3.683482696282442,39,1.665952233504482,0.28745905550611184,17,48.94473544526511
3.5,positive_expected_gain,6,5.739346274295249,39,10.940553581334997,2201.712009992906,23,31.487163882982028
3.5,two_point_expected_gain,1,5.652116502270561,39,11.465778507570114,2618.4909718710683,23,29.79979921014926
4.0,keep_opening,0,5.562398093641853,39,10.622679800741084,1892.3394726738645,22,35.934362938815
4.0,always_close1,39,3.6995203958548752,39,1.6872875389542255,0.8610330659358789,17,49.048520819440085
4.0,positive_expected_gain,6,5.736292465769809,39,10.915082857156936,2182.0274909139375,23,31.518065329480073
4.0,two_point_expected_gain,1,5.648423498099152,39,11.44006033185444,2595.22309319069,23,29.836551632330853
4.5,keep_opening,0,5.558380572818013,39,10.596611244655344,1875.1281247177023,22,36.00164502280091
4.5,always_close1,39,3.715664262071465,39,1.708590884683851,1.4349015494679485,17,49.15123940394251
4.5,positive_expected_gain,6,5.733118684765123,39,10.889304123499171,2162.3072041759015,23,31.549818658298012
4.5,two_point_expected_gain,1,5.644593229676904,39,11.414081751732912,2571.9653594444117,23,29.87323967588248
5.0,keep_opening,0,5.554220510132845,39,10.57048822072979,1858.0618510224458,22,36.06736154113223
5.0,always_close1,39,3.7318998869284434,39,1.7301103909482543,2.0173029033825784,17,49.25290296262938
5.0,positive_expected_gain,6,5.7297763636745085,39,10.863477196857787,2142.7670931441444,23,31.580223272722442
5.0,two_point_expected_gain,1,5.640617962740977,39,11.3880380276877,2548.893498660886,23,29.90986234604146
5.5,keep_opening,0,5.550079686368166,39,10.544566306975852,1841.2234375221947,22,36.13356843420533
5.5,always_close1,39,3.748211491575094,39,1.7515005421286707,2.5973319387300853,17,49.35352306650906
5.5,positive_expected_gain,6,5.7264477848785615,39,10.837825584391467,2123.4690283235295,23,31.611479856157743
5.5,two_point_expected_gain,1,5.636659486912944,39,11.362184771938288,2526.1197996118385,23,29.94641864971047
6.0,keep_opening,0,5.545751513454636,39,10.518407198669262,1824.4032709295134,22,36.19821226770843
6.0,always_close1,39,3.7645748278965177,39,1.7732222682353131,3.191867326754183,17,49.4531110972744
6.0,positive_expected_gain,6,5.722861502335188,39,10.812099821243946,2104.3716963550983,23,31.63423777516958
6.0,two_point_expected_gain,1,5.632511222793134,39,11.336083713317716,2503.36098239492,23,29.982907595317887
6.5,keep_opening,0,5.541355700314401,39,10.492369851115257,1807.8123818363529,22,36.26334321606828
6.5,always_close1,39,3.7808807211985256,39,1.7953862749372769,3.807318897355927,17,49.55167825098873
6.5,positive_expected_gain,6,5.719074378039998,39,10.786779728628037,2085.8349359936315,23,31.648878825972005
6.5,two_point_expected_gain,1,5.628292887809041,39,11.31009384005464,2480.902814904397,23,30.019328192568473
7.0,keep_opening,0,5.536883127966858,39,10.466295633696001,1791.3188893689842,22,36.32691343171794
7.0,always_close1,39,3.7972678859520923,39,1.817356142806325,4.417657342572734,17,49.64923554188717
7.0,positive_expected_gain,6,5.715216315226066,39,10.761239037751775,2067.267164805541,23,31.663037203894973
7.0,two_point_expected_gain,1,5.623995371323428,39,11.28405655382821,2458.5671636526126,23,30.05567945272024
7.5,keep_opening,0,5.532246206921727,39,10.440220147538835,1775.015591283371,22,36.39096737730944
7.5,always_close1,39,3.8137127638355244,39,1.8394585761534736,5.033938859779519,17,49.745793805425755
7.5,positive_expected_gain,6,5.711207329871662,39,10.735772758933242,2048.952370973695,23,31.678013855804764
7.5,two_point_expected_gain,1,5.619531092026167,39,11.258007487438327,2436.479836179286,23,30.09196038823616
8.0,keep_opening,0,5.527570416621129,39,10.414050263957996,1758.7539680277619,22,36.453462736818885
8.0,always_close1,39,3.8302424518645384,39,1.861570176270135,5.651359731098804,17,49.84136370212329
8.0,positive_expected_gain,6,5.707133059589179,39,10.710220464964102,2030.6941611339414,23,31.691617835688835
8.0,two_point_expected_gain,1,5.6150255373840725,39,11.231853543268508,2414.440184042233,23,30.128170012795607
8.5,keep_opening,0,5.522705948559707,39,10.38749590008257,1742.4547606253568,22,36.51643831508446
8.5,always_close1,39,3.846801638884646,39,1.883728550735108,6.272779497678438,17,49.93595572073648
8.5,positive_expected_gain,7,5.7053039529687855,39,10.665467323500586,1998.5715168771283,23,31.70694099876974
8.5,two_point_expected_gain,1,5.6103289067583075,39,11.205304668909417,2392.341258617817,23,30.16430734109832
9.0,keep_opening,0,5.517833515509322,39,10.36145554718027,1726.5598272723973,22,36.57887341415517
9.0,always_close1,39,3.8634300893950653,39,1.9057660249488924,6.890628656537534,17,50.02958018126349
9.0,positive_expected_gain,7,5.7050010318919515,39,10.655652886384736,1992.1761176538466,23,31.721991556745955
9.0,two_point_expected_gain,1,5.605621920635082,39,11.17925938550217,2370.7810322189616,23,30.200371388937775
9.5,keep_opening,0,5.512803963235866,39,10.335120861358572,1710.659137949462,22,36.64076758360567
9.5,always_close1,39,3.8800343374257555,39,1.9280354536626316,7.519674368419227,17,50.122247238577145
9.5,positive_expected_gain,8,5.704886769380011,39,10.653650799515454,1993.106450043248,23,31.73677088350152
9.5,two_point_expected_gain,1,5.600755432344117,39,11.152909378442462,2349.205096795849,23,30.236361172903802
10.0,keep_opening,0,5.50776297985778,39,10.308945264543109,1694.970338074447,22,36.70212033385612
10.0,always_close1,39,3.8967318787491245,39,1.950253709086743,8.147020950542338,17,50.21396688517841
10.0,positive_expected_gain,8,5.7054751078780495,39,10.64172103171956,1984.7306156214306,23,31.75218252151374
10.0,two_point_expected_gain,1,5.595875137418501,39,11.126708098368614,2327.9081046249435,23,30.272275710618622
10.5,keep_opening,0,5.502566228841496,39,10.282495880756635,1679.2593256039615,22,36.76293113616287
10.5,always_close1,39,3.9134583472968707,39,1.9724164268437605,8.774238369195198,17,50.30474895437818
10.5,positive_expected_gain,8,5.705974413137415,39,10.629514502222563,1976.1547408719725,23,31.773353969722496
10.5,two_point_expected_gain,1,5.590836706591011,39,11.10022269744449,2306.5736457459657,23,30.308114020235855
11.0,keep_opening,0,5.497243286133466,39,10.256169797561771,1663.7990769689502,22,36.82319942218586
11.0,always_close1,39,3.930180212692337,39,1.9946129162467796,9.404882788061242,17,50.39460312320685
11.0,positive_expected_gain,9,5.706994301339623,39,10.239541200709844,1731.6882414744825,23,31.838611469836266
11.0,two_point_expected_gain,1,5.585669722933472,39,11.073850290820424,2285.5711843400018,23,30.343875120788343
11.5,keep_opening,0,5.49188303408121,39,10.229936509739664,1648.4944405855074,22,36.88292458394079
11.5,always_close1,39,3.946910503356075,39,2.0168799795520265,10.03982742525611,17,50.48353891523596
11.5,positive_expected_gain,9,5.708340493498118,39,10.230048921820629,1725.702471390611,23,31.903284402910646
11.5,two_point_expected_gain,1,5.580463075773597,39,11.047560400305976,2264.772242961371,23,30.37955803172948
12.0,keep_opening,0,5.486361611898767,39,10.203344475196301,1633.14641691437,22,36.94210597344971
12.0,always_close1,39,3.963637820583695,39,2.0391048234968903,10.675598651799255,17,50.57156570377445
12.0,positive_expected_gain,10,5.71066301835932,39,9.978584082587853,1519.2535420404536,23,34.835123966635926
12.0,two_point_expected_gain,1,5.575092911168376,39,11.020901510296415,2243.907915053267,23,30.415161773037635
12.5,keep_opening,0,5.4808575724953865,39,10.176987601914009,1618.028262115636,22,37.00074290260389
12.5,always_close1,39,3.9804144022647265,39,2.0614231267786645,11.314730217992608,17,50.65869271397185
12.5,positive_expected_gain,10,5.713249693993097,39,9.96818151800547,1513.1414641857784,23,34.859018646190734
12.5,two_point_expected_gain,1,5.569737788730247,39,10.99446755472162,2223.3479886565933,23,30.450685365123785
13.0,keep_opening,0,5.475118643332214,39,10.150343089181616,1602.9260031064798,22,37.058834642805905
13.0,always_close1,39,3.9971860364009535,39,2.083640305490365,11.952742432144191,17,50.74492902623054
13.0,positive_expected_gain,10,5.715647886380838,39,9.957487835677451,1506.9083140529478,23,34.882575348868805
13.0,two_point_expected_gain,1,5.564145442488947,39,10.967735758290996,2202.8033121016,23,30.486127828693267
13.5,keep_opening,0,5.468839874613206,39,10.12154111122287,1586.9065506317195,22,37.11638042486787
13.5,always_close1,39,4.01391981707371,39,2.1059207329638916,12.59605320412307,17,50.83028357844556
13.5,positive_expected_gain,10,5.717529800953283,39,9.944533544043802,1499.626795805558,23,34.90579552677197
13.5,two_point_expected_gain,1,5.558010929082993,39,10.938836320123556,2181.0124118301314,23,30.521488184784996
14.0,keep_opening,0,5.46254547970582,39,10.092749438182476,1571.0017856834793,22,37.17438220646025
14.0,always_close1,39,4.030703207378394,39,2.128217003984776,13.239996954127742,17,50.91476516861746
14.0,positive_expected_gain,10,5.7194653511566464,39,9.931654191716053,1492.3300263143244,23,34.92868061071174
14.0,two_point_expected_gain,1,5.551858468182413,39,10.909937034743031,2159.3709621907856,23,30.589784381937267
14.5,keep_opening,0,5.456143075388434,39,10.063853464979166,1555.1996026668994,22,37.23083230034039
14.5,always_close1,39,4.047463300854922,39,2.1505390081818674,13.887365639250726,17,50.9983824575303
14.5,positive_expected_gain,10,5.721328685428103,39,9.918663573323979,1484.9865610915251,23,34.9512320107366
14.5,two_point_expected_gain,2,5.599797212104458,39,11.050462850181084,2270.2580309718464,23,30.659047570960894
15.0,keep_opening,0,5.449579622914028,39,10.034878682449893,1539.5260932503907,22,37.28773406297689
15.0,always_close1,39,4.064204488835994,39,2.172802914558988,14.53473525297575,17,51.08114397103556
15.0,positive_expected_gain,10,5.7230652413927485,39,9.905455335573816,1477.557597942228,23,34.973451115913065
15.0,two_point_expected_gain,2,5.5980154444074,39,11.036991631911732,2259.8094861134987,23,30.72888690183809
15.5,keep_opening,0,5.442860203581187,39,10.005439513359637,1523.812177215837,22,37.343084923753786
15.5,always_close1,39,4.080873853663163,39,2.1950286885153476,15.183973340518753,17,51.163058102573885
15.5,positive_expected_gain,10,5.724652341197462,39,9.891809951681697,1469.96656503837,23,34.99533929491548
15.5,two_point_expected_gain,2,5.596109792329695,39,11.02303273029532,2249.0642615976053,23,30.797090136752892
16.0,keep_opening,0,5.435934260914847,39,9.974761272539055,1507.6813935152566,22,37.398882982356206
16.0,always_close1,39,4.097546454729074,39,2.2171222943802804,15.828702043694909,17,51.24413311569667
16.0,positive_expected_gain,10,5.726049191593598,39,9.876792714520658,1461.7613241940549,23,35.01689789612501
16.0,two_point_expected_gain,2,5.594026862161085,39,11.007810637029472,2237.473764491935,23,30.865864128127065
16.5,keep_opening,0,5.428869877243966,39,9.944036341644386,1491.7196564915855,22,37.45313072923675
16.5,always_close1,39,4.1141972167141105,39,2.239289991462405,16.478591509073382,17,51.32437714604786
16.5,positive_expected_gain,10,5.727312366434079,39,9.8616197485113,1453.5326628699927,23,35.03812824756094
16.5,two_point_expected_gain,2,5.591832027954565,39,10.992516924279293,2225.8847054094317,23,30.9330026923783
17.0,keep_opening,0,5.421692445320379,39,9.913124574907624,1475.80810207482,22,37.507821060414145
17.0,always_close1,39,4.130797228962411,39,2.2614209177086195,17.129755719675433,17,51.40379820379866
17.0,positive_expected_gain,10,5.7285133090144,39,9.84639306736123,1445.269460308724,23,35.05903165736047
17.0,two_point_expected_gain,2,5.589548094810176,39,10.977010648927637,2214.125943273285,23,31.00070649256741
17.5,keep_opening,0,5.414476596665805,39,9.88254211658644,1460.2312128803528,22,37.561955282372
17.5,always_close1,39,4.147380025120619,39,2.283517945605009,17.78109982261986,17,51.48240417599956
17.5,positive_expected_gain,10,5.729675831049068,39,9.831309274909744,1437.1066741415295,23,35.07960941393657
17.5,two_point_expected_gain,2,5.587247219476314,39,10.961807168593147,2202.6181622425156,23,31.067872522321515
18.0,keep_opening,0,5.4071378366958385,39,9.8516594849372,1444.6541385162168,22,37.61453970818134
18.0,always_close1,39,4.16395144229114,39,2.3056701825673804,18.43702001976222,17,51.5602028284068
18.0,positive_expected_gain,10,5.730770958017011,39,9.816051963685082,1428.8600560569978,23,35.09986278590064
18.0,two_point_expected_gain,2,5.5848425383059075,39,10.94627622432305,2190.8718240406342,23,31.133403778569757
18.5,keep_opening,0,5.39971759852241,39,9.820733772141168,1429.2217785390333,22,37.667559528185905
18.5,always_close1,39,4.180501347547437,39,2.327902551013484,19.09726300401029,17,51.63720180777462
18.5,positive_expected_gain,10,5.731799363040746,39,9.800787713998945,1420.6368701502588,23,35.11979302249151
18.5,two_point_expected_gain,2,5.582373214392005,39,10.930674139304262,2179.1026675447456,23,31.199491733796116
19.0,keep_opening,0,5.39223780357155,39,9.78996535455769,1414.0067713611022,22,37.720019715063266
19.0,always_close1,39,4.197009692268092,39,2.3500706301780188,19.75715003866563,17,51.71340864435396
19.0,positive_expected_gain,10,5.732750105648905,39,9.785520030295444,1412.4266481897505,23,35.13940135377835
19.0,two_point_expected_gain,2,5.579858991989585,39,10.915200527987047,2167.4224462918532,23,31.265037799802297
19.5,keep_opening,0,5.38464411864671,39,9.758848551041506,1398.7697668144979,22,37.771919007775914
19.5,always_close1,39,4.213506313163718,39,2.372186917813997,20.416735247069973,17,51.78883075289151
19.5,positive_expected_gain,10,5.733657981040546,39,9.769970398272664,1404.0711467389804,23,35.15868899053623
19.5,two_point_expected_gain,2,5.577243447816267,39,10.899348953359869,2155.4755322961787,23,31.330040521565284
20.0,keep_opening,0,5.37700449770457,39,9.728203974621136,1383.9113073043568,22,37.823256100281185
20.0,always_close1,39,4.229918193179929,39,2.3942941561798188,21.079212179685957,17,51.863475435703954
20.0,positive_expected_gain,10,5.734476267750866,39,9.754838672153575,1395.9590814426015,23,35.17765712474063
20.0,two_point_expected_gain,2,5.574592527465988,39,10.883939277653045,2143.8669739438355,23,31.394498401310543
20.5,keep_opening,0,5.369227230374688,39,9.697197763019275,1369.0479819924878,22,37.874029641018325
20.5,always_close1,39,4.246309946506542,39,2.4164450593080704,21.74563653880601,17,51.937349883954795
20.5,positive_expected_gain,10,5.735213144472583,39,9.739362529482257,1387.700045988557,23,35.196306929532014
20.5,two_point_expected_gain,2,5.5718125889139065,39,10.868136891914851,2132.0223252522696,23,31.458409897908634
21.0,keep_opening,0,5.361401229950056,39,9.666359390780158,1354.39286712567,22,37.92423823261172
21.0,always_close1,39,4.262650390629303,39,2.438704361845306,22.418196798181576,17,52.01046117967363
21.0,positive_expected_gain,10,5.735864869910227,39,9.723969725251859,1379.4975654116208,23,35.21463955938129
21.0,two_point_expected_gain,2,5.5689906858471225,39,10.852470527286805,2120.2666506654714,23,31.521773426637477
21.5,keep_opening,0,5.353438906170327,39,9.63515445752259,1339.740212799878,22,37.97486441490631
21.5,always_close1,39,4.278962192100718,39,2.460854865605764,23.088386820430063,17,52.08281629777032
21.5,positive_expected_gain,10,5.736443447908739,39,9.708272305822856,1371.177736148004,23,35.23265615034763
21.5,two_point_expected_gain,2,5.566037436090813,39,10.836405042444138,2108.288787208978,23,31.585672702031474
22.0,keep_opening,0,5.345420423711497,39,9.604169166997902,1325.3174392876178,22,38.023937532852855
22.0,always_close1,39,4.295185141525345,39,2.483000748739002,23.76178036252039,17,52.15442210789127
22.0,positive_expected_gain,10,5.736903852955699,39,9.692690018942878,1362.9395305919877,23,35.25035782026023
22.0,two_point_expected_gain,2,5.563031276017105,39,10.820525901862869,2096.439171298829,23,31.647933913970462
22.5,keep_opening,0,5.33732414299226,39,9.573129709326707,1311.0157298297331,22,38.072441236753704
22.5,always_close1,39,4.3114248605213445,39,2.505159416360713,24.436578783401906,17,52.22528537578262
22.5,positive_expected_gain,10,5.737346092784657,39,9.677113349745262,1354.7076188770388,23,35.2677456686465
22.5,two_point_expected_gain,2,5.559948897547187,39,10.80455855733828,2084.5542386185584,23,31.709642143743455
23.0,keep_opening,0,5.329143565916606,39,9.541939482777465,1296.7897926157661,22,38.12135435281908
23.0,always_close1,39,4.327579982666919,39,2.5272188529390704,25.110433594792724,17,52.29541276554536
23.0,positive_expected_gain,11,5.737947359066206,39,9.691473051672043,1359.8824179733888,23,35.284820777101814
23.0,two_point_expected_gain,2,5.5567821903156425,39,10.788405669039209,2072.5661083067353,23,31.77187664063964
23.5,keep_opening,0,5.320766615722585,39,9.51049391023062,1282.6250112834703,22,38.16871324737661
23.5,always_close1,39,4.342081314794487,39,2.54287583344715,25.541948701679452,17,52.364810841071176
23.5,positive_expected_gain,11,5.737093520940785,39,9.67129444204948,1349.6266555126417,23,35.30158420939079
23.5,two_point_expected_gain,2,5.551818734739207,39,10.76545201026503,2056.1781747636473,23,31.832472137455948
24.0,keep_opening,0,5.31216120142984,39,9.477997502312437,1268.1860137931724,22,38.21647589844419
24.0,always_close1,39,4.355876573584186,39,2.5559527471075603,25.877743626432625,17,52.433486067644594
24.0,positive_expected_gain,11,5.735319108848406,39,9.647329995903972,1337.810003888197,23,35.31803701141302
24.0,two_point_expected_gain,2,5.545971301133866,39,10.738861597974388,2037.5691156767716,23,31.893587387215703
24.5,keep_opening,0,5.303456794019647,39,9.445434328295608,1253.8567436004678,22,38.2626832817581
24.5,always_close1,39,4.369570094038401,39,2.5690293106388635,26.21439321693959,17,52.501444813855144
24.5,positive_expected_gain,11,5.7334332312047955,39,9.623438336840902,1326.1033396783102,23,35.33418021164606
24.5,two_point_expected_gain,2,5.539999822701986,39,10.712202247871435,2019.0510795837718,23,31.953062750075134
25.0,keep_opening,0,5.294620888257844,39,9.412753786191686,1239.6466865302573,22,38.30928859673845
25.0,always_close1,39,4.383230467701614,39,2.5821659309938827,26.553465630246542,17,52.56869335297938
25.0,positive_expected_gain,11,5.73136796094917,39,9.599219230425202,1314.368466620854,23,35.350014821074026
25.0,two_point_expected_gain,2,5.533853938958826,39,10.685350501286015,2000.5934163940103,23,32.013051189590854
25.5,keep_opening,0,5.2857357763084405,39,9.379993245489498,1225.5388762849086,22,38.354337370899586
25.5,always_close1,39,4.396761880691693,39,2.595125989923412,26.888634314619143,17,52.63523786451408
25.5,positive_expected_gain,11,5.729225958045,39,9.574951394047748,1302.6905926346078,23,35.36554183334552
25.5,two_point_expected_gain,2,5.527619927800767,39,10.658359386703541,1982.1817332320961,23,32.07139863845412
26.0,keep_opening,0,5.276778984524867,39,9.34746274170124,1211.6896531751402,22,38.39977807845069
26.0,always_close1,39,4.410228545043768,39,2.608098108370841,27.22570351530895,17,52.70108443592374
26.0,positive_expected_gain,11,5.726974341656778,39,9.550862694802404,1291.2104515477474,23,35.38076222496295
26.0,two_point_expected_gain,2,5.521291669472532,39,10.631603022807926,1964.1039683135216,23,32.13025232128671
26.5,keep_opening,0,5.267783985186176,39,9.314843825538945,1197.9225215238191,22,38.44463306053479
26.5,always_close1,39,4.42357413680424,39,2.6211894593409215,27.56976300182048,17,52.76623906396607
26.5,positive_expected_gain,11,5.724613921316795,39,9.526561266570315,1279.707610792071,23,35.39567695542032
26.5,two_point_expected_gain,2,5.5148824749957495,39,10.604682371270743,1946.034085451984,23,32.18853482836611
27.0,keep_opening,0,5.258623561255407,39,9.282097992976091,1184.2629450836491,22,38.48890035212571
27.0,always_close1,39,4.436516367037062,39,2.6354128014122438,27.99218490185258,17,52.80070946836365
27.0,positive_expected_gain,11,5.7217508329302635,39,9.5034857325368,1269.179498820341,23,35.369209939127934
27.0,two_point_expected_gain,2,5.508281331576318,39,10.577622053788549,1928.0529369722394,23,32.24624403185194
27.5,keep_opening,0,5.249412913066196,39,9.249270826183299,1170.7146102559964,22,38.532577935670375
27.5,always_close1,39,4.449254896533329,39,2.6500820767752113,28.444601369735565,17,52.831699413367836
27.5,positive_expected_gain,11,5.718644379166618,39,9.480579342059325,1258.911638869772,23,35.33850733863393
27.5,two_point_expected_gain,2,5.501594560402486,39,10.550432095252319,1910.1458707476747,23,32.3033777534707
28.0,keep_opening,0,5.240105034541025,39,9.216430397461172,1157.3070579305006,22,38.575663740202515
28.0,always_close1,39,4.461864503801745,39,2.6645758195093006,28.892495040179234,17,52.862027638766996
28.0,positive_expected_gain,12,5.7157665944756655,39,9.418958884635675,1224.9417511830386,23,36.44691360402385
28.0,two_point_expected_gain,2,5.494765207041027,39,10.523141643604571,1892.3381021658429,23,32.359933763593396
28.5,keep_opening,0,5.230728525943289,39,9.183613546564121,1144.0482539663642,22,38.618155641071404
28.5,always_close1,39,4.474430430534588,39,2.6793414637799726,29.352991445270817,17,52.89263682622811
28.5,positive_expected_gain,12,5.7130289617533965,39,9.395274257376178,1214.537708684644,23,36.438707326313256
28.5,two_point_expected_gain,2,5.487851915540313,39,10.495903123000137,1874.713506020828,23,32.41590978099268
29.0,keep_opening,0,5.221298165376428,39,9.150840430685815,1130.9290525490303,22,38.66005145895629
29.0,always_close1,39,4.486885186771422,39,2.693737109461333,29.800504385663128,17,52.92259540452746
29.0,positive_expected_gain,12,5.710189100984254,39,9.371489006034254,1204.153547606578,23,36.43019982276665
29.0,two_point_expected_gain,2,5.48084591269369,39,10.468645040901617,1857.20433892217,23,32.47130347180591
29.5,keep_opening,0,5.2117033422110115,39,9.117928688157411,1117.9196008400845,22,38.70134895931613
29.5,always_close1,39,4.499078614913975,39,2.7088297854771968,30.291721970104078,17,52.951908979255066
29.5,positive_expected_gain,12,5.707167008732368,39,9.347645671028006,1193.8489094510294,23,36.42139377832802
29.5,two_point_expected_gain,2,5.473639333912491,39,10.441195283206461,1839.771199482188,23,32.52611244905267
30.0,keep_opening,0,5.202111023762064,39,9.08502620702125,1105.030289355247,22,38.7430104224077
30.0,always_close1,39,4.510890039781054,39,2.724805419614041,30.84303358777256,17,52.9805830712063
30.0,positive_expected_gain,12,5.704100382746313,39,9.323724663296682,1183.5802796757096,23,36.412291853201886
30.0,two_point_expected_gain,2,5.466416439351319,39,10.413767007776947,1822.469957745404,23,32.58139586517167
30.5,keep_opening,0,5.192410228565437,39,9.05206647679707,1092.2593581494664,22,38.78310328110093
30.5,always_close1,39,4.522670945821796,39,2.740597241905558,31.385829834083466,17,53.00955927141526
30.5,positive_expected_gain,13,5.701124953194812,39,9.27450339549222,1158.5390446482158,23,36.4041636530791
30.5,two_point_expected_gain,2,5.459040298874459,39,10.386194533087,1805.2420036867873,23,32.63502670133168
31.0,keep_opening,0,5.182617342765468,39,9.019176150276092,1079.6500882244331,22,38.82259078742323
31.0,always_close1,39,4.534311998600874,39,2.7564939073210235,31.938227507973483,17,53.03790640298964
31.0,positive_expected_gain,13,5.69807384293146,39,9.250658885717698,1148.6204855181593,23,36.39574617221047
31.0,two_point_expected_gain,2,5.4515443672876405,39,10.358668870180363,1788.1952717538886,23,32.6880653436315
31.5,keep_opening,0,5.17278200921494,39,8.986072211513072,1067.0967560786717,22,38.862431835118315
31.5,always_close1,39,4.5459306720055555,39,2.7722170285946417,32.484152606943596,17,53.06562973677129
31.5,positive_expected_gain,14,5.695876166840912,39,8.292727808086537,769.7602410137916,22,45.379346202063054
31.5,two_point_expected_gain,2,5.443981135276784,39,10.330917055920457,1771.1674558893076,23,32.741566788907726
32.0,keep_opening,0,5.162817382403982,39,8.95311625988647,1054.732221488082,22,38.90070013297825
32.0,always_close1,39,4.5573848598521005,39,2.787986471409604,33.03642715677333,17,53.09367004738592
32.0,positive_expected_gain,15,5.693667900126975,39,6.956774539575762,435.17183441052765,21,45.39367229206683
32.0,two_point_expected_gain,2,5.4362510180863985,39,10.303252392318772,1754.345830100645,23,32.79341184984265
32.5,keep_opening,0,5.152744841729713,39,8.919973742471383,1042.4412636569846,22,38.939314769829814
32.5,always_close1,39,4.568784415020691,39,2.80373609797208,33.590346559523866,17,53.12016108881832
32.5,positive_expected_gain,15,5.691474970336335,39,6.935111089353936,431.23905307320854,21,45.40631409988205
32.5,two_point_expected_gain,2,5.428377462291845,39,10.275347870931007,1737.5516256715337,23,32.845711710229594
33.0,keep_opening,0,5.142656858153962,39,8.886891958100165,1030.2941860388903,22,38.977311769455966
33.0,always_close1,39,4.580105767547026,39,2.819434276080883,34.144104974965536,17,53.14697886928388
33.0,positive_expected_gain,15,5.689227301744248,39,6.913540695739832,427.3437777994084,21,45.41945491242011
33.0,two_point_expected_gain,2,5.4204711581099225,39,10.247518189689888,1720.9359474770906,23,32.89740600728701
33.5,keep_opening,0,5.132521030265572,39,8.853921134903029,1018.2947168883402,22,39.0146884506843
33.5,always_close1,39,4.591363874534029,39,2.8351513386527785,34.701913883127,17,53.17319276249446
33.5,positive_expected_gain,15,5.686948710997873,39,6.892050069050303,423.47924278220876,21,45.43201030525395
33.5,two_point_expected_gain,2,5.412486192469293,39,10.219762735521638,1704.4784012326922,23,32.94849192275237
34.0,keep_opening,0,5.122261236341688,39,8.820818751560736,1006.3974187917671,22,39.050485927301004
34.0,always_close1,39,4.6024594078962,39,2.8507202170249064,35.257106309935125,17,53.19974245873708
34.0,positive_expected_gain,15,5.6844199358496414,39,6.87039732398672,419.63378785204276,21,45.44507465242176
34.0,two_point_expected_gain,2,5.404331875760203,39,10.191784921979256,1688.0785850088312,23,32.997915485848765
34.5,keep_opening,0,5.111923376162047,39,8.78765014604011,994.5955673216023,22,39.08661470011052
34.5,always_close1,39,4.613547927776436,39,2.866379318331541,35.81680119630764,17,53.22476295487475
34.5,positive_expected_gain,15,5.681871239972383,39,6.848695381093598,415.7990273764679,21,45.45647327627059
34.5,two_point_expected_gain,3,5.447992601771123,39,9.908375310627765,1466.3513165524707,23,40.02225584605055
35.0,keep_opening,0,5.101509314053311,39,8.754536523368902,982.9377520327815,22,39.12211472785979
35.0,always_close1,39,4.624499868435175,39,2.881905178759515,36.37462850367501,17,53.25012840500594
35.0,positive_expected_gain,15,5.679143957604886,39,6.826827643308005,411.9693191268703,21,45.4683902360148
35.0,two_point_expected_gain,3,5.44051959069817,39,9.880876823447867,1452.5195804482166,23,40.07527139349892
35.5,keep_opening,0,5.09104541377415,39,8.721325598288269,971.3715377095946,22,39.15698307586612
35.5,always_close1,39,4.635319525288831,39,2.8972027107182576,36.92551945305376,17,53.274908663907425
35.5,positive_expected_gain,15,5.676291504904237,39,6.804845310276112,408.15224063894675,21,45.479740286035565
35.5,two_point_expected_gain,3,5.432953307233399,39,9.853212073120297,1438.731569606731,23,40.12826689150225
36.0,keep_opening,0,5.080495220768314,39,8.688188909459607,959.9499551031176,22,39.19121674370933
36.0,always_close1,39,4.646121460472951,39,2.9124985630672464,37.477007897222926,17,53.300042341055246
36.0,positive_expected_gain,15,5.673397339767629,39,6.782906346593999,404.36145688247774,21,45.491618005876035
36.0,two_point_expected_gain,3,5.425305603230974,39,9.825647654518866,1425.0948664088783,23,40.18243922741229
36.5,keep_opening,0,5.069844672086739,39,8.654837917577424,948.5704343295422,22,39.22576377672586
36.5,always_close1,39,4.656661203866825,39,2.9275349073536585,38.02536123450351,17,53.32366572596678
36.5,positive_expected_gain,15,5.6702984731523705,39,6.760722211493143,400.56675448149343,21,45.50184745824857
36.5,two_point_expected_gain,3,5.417506256454377,39,9.797851660119141,1411.4689573592268,23,40.23539544465442
37.0,keep_opening,0,5.059101557571142,39,8.62148358360777,937.3352553798854,22,39.258717831581926
37.0,always_close1,39,4.666766370206843,39,2.940778842580378,38.50076168238883,17,53.34765110644778
37.0,positive_expected_gain,15,5.667067961231481,39,6.738484416365012,396.80320195139967,21,45.51261338964445
37.0,two_point_expected_gain,3,5.409587571051601,39,9.769961789534857,1397.9438187294897,23,40.28952804034167
37.5,keep_opening,0,5.048341767927649,39,8.588257772212838,926.2393629532625,22,39.2910278088012
37.5,always_close1,39,4.676783255814588,39,2.953880825311254,38.97002470440629,17,53.371068851472
37.5,positive_expected_gain,16,5.664055447892865,39,6.580651630118969,362.23564192658966,21,45.52282980125232
37.5,two_point_expected_gain,3,5.401615188922051,39,9.74215361538279,1384.546345698957,23,40.34364107282068
38.0,keep_opening,0,5.0374908263197735,39,8.555082974177736,915.284221606034,22,39.323638618470355
38.0,always_close1,39,4.6867121730320775,39,2.9670426239328416,39.44677973607702,17,53.39392328117029
38.0,positive_expected_gain,16,5.661289596640911,39,6.560101385560844,359.1095672558394,21,45.53250082071041
38.0,two_point_expected_gain,3,5.3935346726118425,39,9.714422000683832,1371.3114527714026,23,40.39773496389992
38.5,keep_opening,0,5.02655424179639,39,8.521745852343404,904.3958822119091,22,39.35464958948579
38.5,always_close1,39,4.696555256082098,39,2.980100942946669,39.91871617255338,17,53.41715165956621
38.5,positive_expected_gain,17,5.6584322164813425,39,6.486236394076789,345.7798249613754,21,45.542721240547344
38.5,two_point_expected_gain,3,5.385327476499551,39,9.686384519525882,1358.0476095012498,23,40.4530027926816
39.0,keep_opening,0,5.015552840118316,39,8.488264193203042,893.5756049977227,22,39.38595272619897
39.0,always_close1,39,4.7062997296091655,39,2.9932844377644052,40.400660064738325,17,53.438891955807954
39.0,positive_expected_gain,17,5.65596901142935,39,6.464718056171784,342.59377964323824,21,45.55131371305623
39.0,two_point_expected_gain,4,5.4289149424368865,39,9.427794227718389,1242.3293381398005,23,40.50705883599286
39.5,keep_opening,0,5.004464715297895,39,8.455018095814424,882.9516779207776,22,39.41565105864077
39.5,always_close1,39,4.71597192555068,39,3.0064212987390846,40.88224896184614,17,53.46101411059491
39.5,positive_expected_gain,17,5.653392211394703,39,6.4431646281502415,339.42641398558334,21,45.56046372996081
39.5,two_point_expected_gain,4,5.421427310360926,39,9.40251255234124,1231.4088260262286,23,40.562288002987636
40.0,keep_opening,0,4.993337429095733,39,8.421689311416653,872.4034933125104,22,39.44563262882762
40.0,always_close1,39,4.725550372512838,39,3.01954952376561,41.36479397238304,17,53.48258917849974
40.0,positive_expected_gain,18,5.650984775527039,39,6.583953510502657,360.1546768504595,21,45.56908444424986
40.0,two_point_expected_gain,4,5.413870444912181,39,9.377126571385858,1220.5170124107606,23,40.61749795964248
40.5,keep_opening,0,4.982120672920369,39,8.38825225662432,861.9328306347363,22,39.47494755451901
40.5,always_close1,39,4.7350203855119455,39,3.0325834190531133,41.84715824013525,17,53.503621162130614
40.5,positive_expected_gain,18,5.649242503780632,39,6.567933260621135,357.68642569521205,21,45.5771796774904
40.5,two_point_expected_gain,5,5.457809208756334,39,9.279301092737974,1168.1289261944207,23,42.55398464173412
41.0,keep_opening,0,4.9708193351806145,39,8.354832223547486,851.5869484331903,22,39.50359214489091
41.0,always_close1,39,4.744457388057937,39,3.045589604708119,42.32716083116941,17,53.52504598574412
41.0,positive_expected_gain,18,5.647382749591316,39,6.551788825665179,355.2137863344794,21,45.58584438476531
41.0,two_point_expected_gain,5,5.450704389409177,39,9.252901355300166,1157.2225130941883,23,42.6285522631422
41.5,keep_opening,0,4.959450292219883,39,8.32145123370896,841.3599048839958,22,39.530621018710264
41.5,always_close1,39,4.753737893804968,39,3.0585320344981586,42.80874956898544,17,53.54593513513639
41.5,positive_expected_gain,18,5.645410405482674,39,6.535690016835548,352.7609898591175,21,45.593991252818846
41.5,two_point_expected_gain,5,5.443499077280765,39,9.226544806898698,1146.4239337584272,23,42.7026926023527
42.0,keep_opening,0,4.948031986614943,39,8.287999734693138,831.220220084082,22,39.557914462622676
42.0,always_close1,39,4.762946313196352,39,3.0714714533083054,43.29256853937411,17,53.566292432456855
42.0,positive_expected_gain,18,5.643353259693306,39,6.5195488793591005,350.3180439417123,21,45.60162392659398
42.0,two_point_expected_gain,5,5.436212893930453,39,9.200126193089982,1135.6936893722373,23,42.776409122837045
42.5,keep_opening,0,4.936539409800914,39,8.254480693769892,821.16255926987,22,39.58546582619968
42.5,always_close1,39,4.772096677251769,39,3.0844641202093697,43.78109912840562,17,53.58612164220775
42.5,positive_expected_gain,18,5.6412166362812055,39,6.503304146272367,347.86841174799895,21,45.60874599658457
42.5,two_point_expected_gain,5,5.428821996135799,39,9.173652737429618,1125.0266168362427,23,42.849705218184006
43.0,keep_opening,0,4.924986435624673,39,8.221095919354223,811.2597456572532,22,39.61139059845655
43.0,always_close1,39,4.78111048453201,39,3.0972515171320056,44.26315487910153,17,53.605426471977104
43.0,positive_expected_gain,18,5.638955739192424,39,6.487012403039949,345.4294087821424,21,45.61536099948494
43.0,two_point_expected_gain,5,5.421320317908036,39,9.147255335457736,1114.4950902852122,23,42.92258421332827
43.5,keep_opening,0,4.913331701260142,39,8.187668292975042,801.4537816395938,22,39.63662539349871
43.5,always_close1,39,4.7900707806094545,39,3.110217880764143,44.75466284271668,17,53.62421057307948
43.5,positive_expected_gain,18,5.636584963672492,39,6.470780547389639,343.014712690307,21,45.62147241911864
43.5,two_point_expected_gain,5,5.413688271562815,39,9.120834719837655,1104.0505362803071,23,42.995049365279755
44.0,keep_opening,0,4.901633973013652,39,8.154041967209128,791.6871301895769,22,39.66116603617999
44.0,always_close1,39,4.798958109646558,39,3.123054078461305,45.24264792777397,17,53.64340827040714
44.0,positive_expected_gain,18,5.634130125748214,39,6.454243972946305,340.564056367122,21,45.62817534236291
44.0,two_point_expected_gain,5,5.405998055821212,39,9.094199795681972,1093.5938003768154,23,43.06824691650064
44.5,keep_opening,0,4.88984184735591,39,8.120592538336693,782.0818064251256,22,39.68594454999518
44.5,always_close1,39,4.807727337618185,39,3.135803966401897,45.72843407350169,17,53.66209195484538
44.5,positive_expected_gain,20,5.631879603055722,39,6.2526767925072475,306.3599976141565,20,45.63438163001777
44.5,two_point_expected_gain,5,5.398165397929003,39,9.067692308683558,1083.2877204609417,23,43.14103441836974
45.0,keep_opening,0,4.878059289434841,39,8.087271125514874,772.5990985155739,22,39.7090831588077
45.0,always_close1,39,4.816386877621649,39,3.1487930521095477,46.229852454579046,17,53.68026511252448
45.0,positive_expected_gain,20,5.6297925673769855,39,6.238369962165981,304.47086772454,20,45.64009460339461
45.0,two_point_expected_gain,5,5.390316669594872,39,9.041343279829947,1073.1090223269994,23,43.2134149130181
45.5,keep_opening,0,4.8659668905214275,39,8.053104109464048,762.9915474980193,22,39.732449150632696
45.5,always_close1,39,4.824953617380514,39,3.1614547409187046,46.71772944173287,17,53.69793117633429
45.5,positive_expected_gain,20,5.627378853422617,39,6.223009503117943,302.4566220435111,20,45.64531753360138
45.5,two_point_expected_gain,5,5.382089161001287,39,9.014025709845884,1062.6732969336124,23,43.285391378206974
46.0,keep_opening,0,4.853727999605742,39,8.018879553790034,753.4790660939569,22,39.754168012406275
46.0,always_close1,39,4.833466264531013,39,3.174281351332232,47.21488033569725,17,53.71602340932251
46.0,positive_expected_gain,20,5.624835996766111,39,6.207627016842093,300.4468745339996,20,45.651145554610586
46.0,two_point_expected_gain,5,5.3737256819922,39,8.986726123570076,1052.3333686295803,23,43.358104709352865
46.5,keep_opening,0,4.84143361622275,39,7.984537359292259,744.0370068210734,22,39.776103441818464
46.5,always_close1,39,4.841892461997117,39,3.1869536054946,47.70668529827067,17,53.733614832569955
46.5,positive_expected_gain,20,5.622192104127466,39,6.192075829065857,298.4260355534708,20,45.656490042830896
46.5,two_point_expected_gain,5,5.365261288078537,39,8.959269687446522,1042.0281151348129,23,43.43041721493679
47.0,keep_opening,0,4.829114966945089,39,7.950333771183137,734.7318323221966,22,39.79731618149548
47.0,always_close1,39,4.850181009899468,39,3.1997357197675984,48.20812793250864,17,53.7497792665538
47.0,positive_expected_gain,20,5.619394226909538,39,6.176549195557822,296.42797812214457,20,45.66026209029891
47.0,two_point_expected_gain,5,5.356715018742722,39,8.931953943119483,1031.87174941153,23,43.50119625467074
47.5,keep_opening,0,4.816705487598989,39,7.915936968219782,725.4750063342306,22,39.81780145093411
47.5,always_close1,39,4.858445731824945,39,3.2123685316461947,48.70151832957903,17,53.76637906394588
47.5,positive_expected_gain,20,5.616543329882137,39,6.160843655714983,294.4073085719787,20,45.664648764530945
47.5,two_point_expected_gain,5,5.348045802963712,39,8.904369833369378,1021.7001594655225,23,43.57271666124175
48.0,keep_opening,0,4.804234277085443,39,7.881683085171128,716.355298528515,22,39.8375543734518
48.0,always_close1,39,4.866584652481907,39,3.2249433853135647,49.196946559694,17,53.783416760734305
48.0,positive_expected_gain,20,5.6135986096553,39,6.145207461035406,292.4038735277367,20,45.66965324699331
48.0,two_point_expected_gain,5,5.3393064574837155,39,8.876937309998356,1011.662177528889,23,43.64497721465528
48.5,keep_opening,0,4.791677495871779,39,7.847249805396722,707.2930850021651,22,39.85656997432477
48.5,always_close1,39,4.874590010757251,39,3.2376108519588658,49.700570577984735,17,53.799037213446475
48.5,positive_expected_gain,20,5.610498213274727,39,6.129533468725548,290.4149326997412,20,45.67309430564319
48.5,two_point_expected_gain,5,5.330425395869975,39,8.84933404234606,1001.6695039262996,23,43.715713551879254
49.0,keep_opening,0,4.779073883265683,39,7.812816206444506,698.3283119791336,22,39.874843179253205
49.0,always_close1,39,4.88257525679895,39,3.2502192299497286,50.199835738282616,17,53.81510134364219
49.0,positive_expected_gain,20,5.607333528830984,39,6.113625163226385,288.40059691084707,20,45.6771591713616
49.0,two_point_expected_gain,5,5.321467076224524,39,8.82166165172876,991.7333592654526,23,43.78719255176002
49.5,keep_opening,0,4.76642947727693,39,7.778535660528208,689.5006170322243,22,39.89236881217938
49.5,always_close1,39,4.890452907485432,39,3.2629065019462846,50.708280821281384,17,53.82975476993319
49.5,positive_expected_gain,20,5.604079543543515,39,6.097968791152246,286.43160472586044,20,45.67966633015175
49.5,two_point_expected_gain,5,5.3124361915247835,39,8.794238444140651,981.9796781235704,23,43.85715493674858
50.0,keep_opening,0,4.753661676960413,39,7.744168752363724,680.7546876273364,22,39.909141593898376
50.0,always_close1,39,4.898200297078391,39,3.2753584212166627,51.20823478826655,17,53.84485745983562
50.0,positive_expected_gain,20,5.600690358658873,39,6.082132334755995,284.45124356264995,20,45.682803105199135
50.0,two_point_expected_gain,5,5.30325259299478,39,8.766664572286151,972.2642817798171,23,43.92786224826711
50.5,keep_opening,0,4.740904265138271,39,7.709733218188952,672.0710068419683,22,39.926082641420344
50.5,always_close1,39,4.905860075608967,39,3.28783970981654,51.710226338071365,17,53.86041170432823
50.5,positive_expected_gain,20,5.597189082547996,39,6.066051632149147,282.44827066224764,20,45.68657240903221
50.5,two_point_expected_gain,5,5.294026324701786,39,8.73887378839998,962.5360853198569,23,43.99931288906361
51.0,keep_opening,0,4.727733754754197,39,7.676211163891887,663.8054829314608,22,39.941332699062016
51.0,always_close1,39,4.913491605089799,39,3.300427280927175,52.22089036567539,17,53.87456427408432
51.0,positive_expected_gain,20,5.593655424370448,39,6.05030659575403,280.49918234086533,20,45.688792337907
51.0,two_point_expected_gain,5,5.284380936104268,39,8.71218538462544,953.4078589431759,23,44.069255271270066
51.5,keep_opening,0,4.714416070219047,39,7.642495312255486,655.589296159918,22,39.95581343655865
51.5,always_close1,39,4.920962818773515,39,3.3130343783960527,52.73650979869595,17,53.8882461841
51.5,positive_expected_gain,20,5.5899038063986275,39,6.034224093707309,278.52457759096234,20,45.76170998228508
51.5,two_point_expected_gain,5,5.2745229682531525,39,8.685197515023722,944.2743843226256,23,44.13881922647478
52.0,keep_opening,0,4.701123488146481,39,7.6090983151885245,647.5275873437614,22,39.97044338754008
52.0,always_close1,39,4.928358387209926,39,3.3253641195603096,53.23881862920565,17,53.902387539521015
52.0,positive_expected_gain,20,5.586155473524452,39,6.018237792372103,276.5618429354555,20,45.86126975396764
52.0,two_point_expected_gain,5,5.264662124583032,39,8.658470044119916,935.2872739127328,23,44.209129227770696
52.5,keep_opening,0,4.687764147275724,39,7.57560691262502,639.5310021146967,22,39.984291011574456
52.5,always_close1,39,4.935698318762129,39,3.3378044332297816,53.74862040146817,17,53.91606336101836
52.5,positive_expected_gain,20,5.582289734931567,39,6.002119401461197,274.5970116426255,20,45.95877698422742
52.5,two_point_expected_gain,5,5.2546938422300435,39,8.631630762691346,926.3454115774127,23,44.2790624337691
53.0,keep_opening,0,4.674289145276976,39,7.5420880912999575,631.6207314038943,22,39.997350393718
53.0,always_close1,39,4.9429009913345725,39,3.3503340544152493,54.26684390386456,17,53.92927636206769
53.0,positive_expected_gain,20,5.578274652419912,39,5.98607703688857,272.6566629925383,20,46.05556353447153
53.0,two_point_expected_gain,5,5.244594461807107,39,8.60483667535313,917.5048825821216,23,44.3486209027799
53.5,keep_opening,0,4.660797158936695,39,7.508619215025876,623.799829385454,22,40.008693432507684
53.5,always_close1,39,4.950072561024117,39,3.362741401245422,54.78003856011608,17,53.942029213270914
53.5,positive_expected_gain,20,5.574245497355532,39,5.969928676288598,270.7040939004298,20,46.15500883428907
53.5,two_point_expected_gain,5,5.234438148002845,39,8.578079033421556,908.7451659823387,23,44.41780663995934
54.0,keep_opening,0,4.647194298381644,39,7.475168847905247,616.0787646870378,22,40.020158821951924
54.0,always_close1,39,4.957091289607019,39,3.375105901599819,55.29501151471812,17,53.9543245426347
54.0,positive_expected_gain,20,5.5700288922138625,39,5.953713179963622,268.76479739326743,20,46.25132609377198
54.0,two_point_expected_gain,5,5.224105819305709,39,8.55123774754983,900.0563635748534,23,44.48662159742046
54.5,keep_opening,0,4.633571651312811,39,7.4416720586485035,608.4205742917713,22,40.030817501859374
54.5,always_close1,39,4.964045170091658,39,3.3875196686200306,55.814217267877495,17,53.96709115204121
54.5,positive_expected_gain,20,5.565746676699234,39,5.937418686316091,266.822852040621,20,46.349366127744
54.5,two_point_expected_gain,5,5.213752492446783,39,8.524388511960696,891.4191423517505,23,44.55618324518868
55.0,keep_opening,0,4.61990149146475,39,7.408233717704841,600.852467246486,22,40.041583046448515
55.0,always_close1,39,4.970896705015426,39,3.399711559255992,56.326050540410996,17,53.978478936457975
55.0,positive_expected_gain,20,5.561405657766675,39,5.921221531512334,264.8986006939867,20,46.44732166543278
55.0,two_point_expected_gain,5,5.203298944655842,39,8.497627595049252,882.8868605652556,23,44.62426093428948
55.5,keep_opening,0,4.6061416074026935,39,7.3748031780697625,593.3751136110482,22,40.05060830325278
55.5,always_close1,39,4.977644419328558,39,3.412135143598314,56.85187190560692,17,53.99034261259621
55.5,positive_expected_gain,20,5.556906156467973,39,5.905013332290573,262.98847844271336,20,46.54415818831076
55.5,two_point_expected_gain,5,5.192729573417564,39,8.470825897982062,874.4217228156217,23,44.69308623716993
56.0,keep_opening,0,4.592323435925258,39,7.3413929784362635,585.9860786782496,22,40.05880727977239
56.0,always_close1,39,4.984308269674035,39,3.424404662616013,57.37123730916749,17,54.0017584273385
56.0,positive_expected_gain,21,5.552391097400113,39,5.939719201588354,267.63323134504276,20,46.640329289533554
56.0,two_point_expected_gain,5,5.182036703671111,39,8.443944487972578,866.0159409678197,23,44.76154531788723
56.5,keep_opening,0,4.578481414937953,39,7.307918077297407,578.6451633687296,22,40.06709114812526
56.5,always_close1,39,4.990895934159992,39,3.4366812319944566,57.894252586607145,17,54.0127288033446
56.5,positive_expected_gain,21,5.548040841426374,39,5.924466525569754,265.82923555798504,20,46.73993831878126
56.5,two_point_expected_gain,5,5.17130659867259,39,8.417083346230708,857.6643469039005,23,44.8296398601787
57.0,keep_opening,0,4.5645321938613685,39,7.274551326155534,571.4278410395088,22,40.073616414967375
57.0,always_close1,39,4.997381924702069,39,3.448900261063733,58.416716925675736,17,54.024181247355905
57.0,positive_expected_gain,21,5.543552297930048,39,5.909111289481162,264.0296980974526,20,46.83530474307369
57.0,two_point_expected_gain,5,5.160443571985071,39,8.390284719500206,849.4297558295965,23,44.8984802483643
57.5,keep_opening,0,4.5505739598600226,39,7.241292024054935,564.2940177244207,22,40.08021130583735
57.5,always_close1,39,5.003783972686973,39,3.461256033769353,58.948810374588966,17,54.03426763742662
57.5,positive_expected_gain,23,5.539302106487649,39,7.127579618173669,465.9144119290962,21,46.93159970576053
57.5,two_point_expected_gain,5,5.149518966805923,39,8.363628477878073,841.2949185608562,23,44.96584919063199
58.0,keep_opening,0,4.536567933071167,39,7.208011602902989,557.2397304089502,22,40.08503466041419
58.0,always_close1,39,5.010103952341758,39,3.4734867909025766,59.47581327991982,17,54.0448403070474
58.0,positive_expected_gain,23,5.535786113269606,39,7.113191806066363,463.2716919826329,21,47.02749762934037
58.0,two_point_expected_gain,5,5.13852091554811,39,8.336907186945625,833.2169779864491,23,45.033964341722374
58.5,keep_opening,0,4.522451250576447,39,7.174522974731359,550.2181445124171,22,40.089911848632674
58.5,always_close1,39,5.01630046594093,39,3.4856162463661917,60.00270758520596,17,54.05497639959427
58.5,positive_expected_gain,23,5.532092276771076,39,7.098600312237336,460.61090602148846,21,47.124446824289855
58.5,two_point_expected_gain,5,5.127373062047722,39,8.309974381315891,825.1491585025475,23,45.10171842693913
59.0,keep_opening,0,4.508333080759154,39,7.141215536292172,543.2981986500387,22,40.09391874724869
59.0,always_close1,39,5.022387830386475,39,3.497697581411251,60.529393915769944,17,54.064678144341414
59.0,positive_expected_gain,24,5.528660936942607,39,7.154182685865409,471.49126882002423,21,46.523211896339525
59.0,two_point_expected_gain,5,5.116157759542699,39,8.283124475058447,817.1653186276421,23,45.16911287401418
59.5,keep_opening,0,4.49412336939332,39,7.107954966566162,536.4713794645481,22,40.097047747888226
59.5,always_close1,39,5.028399399989509,39,3.5099743545710216,61.0673768294492,17,54.07394773307577
59.5,positive_expected_gain,25,5.525347289478626,39,7.205161294565239,479.8500311231839,21,45.69293436159283
59.5,two_point_expected_gain,5,5.10483821431403,39,8.256414653172662,809.3038125248409,23,45.236149062552556
60.0,keep_opening,0,4.479885873588407,39,7.074677233723167,529.7115343643935,22,40.09929109016317
60.0,always_close1,39,5.0343346652191,39,3.5221413901497765,61.60306413865661,17,54.08278732083647
60.0,positive_expected_gain,26,5.523580242566039,39,6.407761454237123,323.9400376643638,20,54.08278732083647
60.0,two_point_expected_gain,5,5.0934514312202825,39,8.229686318696967,801.5031673299638,23,45.302828324645304
60.5,keep_opening,0,4.465572042903288,39,7.041428949242462,523.0291318420681,22,40.10064085889902
60.5,always_close1,39,5.040142661513225,39,3.5342964184178185,62.14254036702238,17,54.09119902606972
60.5,positive_expected_gain,27,5.522162672013323,39,6.441905305377135,328.1755131680621,20,54.09119902606972
60.5,two_point_expected_gain,6,5.133436528863874,39,7.411771443053468,555.2906131869483,22,53.68049399750332
61.0,keep_opening,0,4.451243261660662,39,7.008376362608268,516.456171871417,22,40.10108898040383
61.0,always_close1,39,5.045872220057355,39,3.5462402366554957,62.6703702822724,17,54.1001083016579
61.0,positive_expected_gain,27,5.5213025716520345,39,6.439290290544786,327.74807525203664,20,54.1001083016579
61.0,two_point_expected_gain,6,5.122660904746651,39,7.388258054487469,550.3624139331715,22,53.74019444933103
61.5,keep_opening,0,4.436873189692449,39,6.975144684536938,509.9062272834557,22,40.101539086694125
61.5,always_close1,39,5.051523591988075,39,3.55849667309335,63.21845373402786,17,54.108593385009286
61.5,positive_expected_gain,27,5.520368321051494,39,6.4369566829756435,327.35736080690526,20,54.108593385009286
61.5,two_point_expected_gain,6,5.111826972627459,39,7.3646829373003335,545.447089160514,22,53.799360399211594
62.0,keep_opening,0,4.422379772256973,39,6.941954173797839,503.4547268625412,22,40.100158488510296
62.0,always_close1,39,5.057066163308941,39,3.5704837307432653,63.756763995712554,17,54.1157333554504
62.0,positive_expected_gain,27,5.519287789976116,39,6.43432685883817,326.9390445339812,20,54.11573335545039
62.0,two_point_expected_gain,6,5.100811401639879,39,7.341209208505563,540.6195710296338,22,53.85706632431221
62.5,keep_opening,0,4.407913822320591,39,6.908855160244004,497.0728312891118,22,40.09876181684711
62.5,always_close1,39,5.062488249663013,39,3.5824747994934265,64.2967001607236,17,54.12337627213613
62.5,positive_expected_gain,27,5.518123908069531,39,6.431753770873117,326.5210615572149,20,54.123376272136134
62.5,two_point_expected_gain,7,5.141101844578342,39,7.17440787516651,494.4864824155328,22,53.915172271340175
63.0,keep_opening,0,4.393362809310986,39,6.875785384323373,490.7697596172017,22,40.09551826080555
63.0,always_close1,39,5.06785630851497,39,3.5946351977907067,64.84679060209974,17,54.13152341877267
63.0,positive_expected_gain,28,5.516936378403316,39,6.147802904650266,281.98355413823634,19,54.13152341877269
63.0,two_point_expected_gain,7,5.130296562731418,39,7.151315841687829,490.1264064973664,22,53.9736770101197
63.5,keep_opening,0,4.378744170322655,39,6.842587860067366,484.5129357388699,22,40.092239925648364
63.5,always_close1,39,5.07310460116321,39,3.6065604219836525,65.3887499432378,17,54.13833149711398
63.5,positive_expected_gain,29,5.516549350119483,39,6.205635219083979,292.1503751197867,19,54.13833149711397
63.5,two_point_expected_gain,7,5.119350510181326,39,7.128020923655976,485.769917739972,22,54.030730380827805
64.0,keep_opening,0,4.364148639018774,39,6.8096367514863045,478.35796125930557,22,40.08800697815893
64.0,always_close1,39,5.078279687058151,39,3.6185969709909505,65.93923986155659,17,54.14472509310768
64.0,positive_expected_gain,29,5.51659171896592,39,6.202032754385593,291.53663730816754,19,54.14472509310768
64.0,two_point_expected_gain,7,5.108411459702087,39,7.10508915420238,481.5032361904367,22,54.08726162153674
64.5,keep_opening,0,4.3494242106368315,39,6.77656818077643,472.25901278363943,22,40.08281016947014
64.5,always_close1,39,5.0833059759659145,39,3.6306304427674743,66.49282527057,17,54.15162788195629
64.5,positive_expected_gain,29,5.516439460059745,39,6.198330610223078,290.92154666067233,19,54.15162788195629
64.5,two_point_expected_gain,7,5.097274040542252,39,7.081947299581581,477.2452886889053,22,54.14419498772656
65.0,keep_opening,0,4.33469186051096,39,6.743627609509652,466.23937811625467,22,40.07664006339733
65.0,always_close1,39,5.0882881887142775,39,3.642580179119643,67.04427749266146,17,54.158119396660176
65.0,positive_expected_gain,29,5.516281552203801,39,6.194658617851575,290.3020348784243,19,54.15811939666016
65.0,two_point_expected_gain,7,5.086123301345069,39,7.0590186035728015,473.04640905390755,22,54.200608253102175
65.5,keep_opening,0,4.3199653570857155,39,6.710839124475691,460.3076677143619,22,40.069487031906924
65.5,always_close1,39,5.093133468847921,39,3.6546364027509535,67.60524207965265,17,54.16328001410754
65.5,positive_expected_gain,29,5.5159953315312595,39,6.1910736062432825,289.70042718734163,19,54.16328001410755
65.5,two_point_expected_gain,7,5.074891091091289,39,7.036195827452662,468.9035920685826,22,54.2555840212114
66.0,keep_opening,0,4.305086825447885,39,6.677778707338729,454.4031768230691,22,40.06134125108439
66.0,always_close1,39,5.097696534283804,39,3.665936799143483,68.12809529885881,17,54.168954488802626
66.0,positive_expected_gain,29,5.515394970294564,39,6.1865926847362935,288.9913619184898,19,54.16895448880261
66.0,two_point_expected_gain,8,5.115108541802347,39,6.934087595161189,444.0582030621646,22,54.31096467257922
66.5,keep_opening,0,4.290254970620317,39,6.64492899520393,448.5791327005368,22,40.053099489359276
66.5,always_close1,39,5.102132349160409,39,3.677117047325207,68.64410158474716,17,54.17514387280299
66.5,positive_expected_gain,29,5.514689413947252,39,6.182040867217381,288.26065954530844,19,54.175143872803
66.5,two_point_expected_gain,8,5.104653555328769,39,6.910785582089171,440.0629710402201,22,54.36674856773074
67.0,keep_opening,0,4.27532912973053,39,6.612104694942462,442.83638561238297,22,40.04293748447198
67.0,always_close1,39,5.10644964960806,39,3.6880845333217724,69.15237130772107,17,54.18000770617408
67.0,positive_expected_gain,29,5.51385744917655,39,6.177336649999784,287.52189208537754,19,54.18000770617408
67.0,two_point_expected_gain,8,5.094025137983838,39,6.8874809519232985,436.12026078743435,22,54.42110222644837
67.5,keep_opening,0,4.260382525574038,39,6.579272461749093,437.1445702602347,22,40.0326579576732
67.5,always_close1,39,5.110646915019944,39,3.6994905117527224,69.68804430975753,17,54.18446881249559
67.5,positive_expected_gain,29,5.512876868951404,39,6.172797103274389,286.8087516473895,19,54.18446881249559
67.5,two_point_expected_gain,8,5.0833551145938145,39,6.8642731856101165,432.2146781816184,22,54.474945857111834
68.0,keep_opening,0,4.245402539634408,39,6.547106932567111,431.64795916413476,21,40.02043801435234
68.0,always_close1,39,5.114727481226071,39,3.7104015015216207,70.19949810120791,17,54.18944910883818
68.0,positive_expected_gain,29,5.511819728988597,39,6.167981376315948,286.05948617435814,19,54.18944910883818
68.0,two_point_expected_gain,8,5.07258820356795,39,6.841588640429236,428.44832723636426,21,54.52919475818283
68.5,keep_opening,0,4.230362987435134,39,6.515747336702991,426.37773894004994,21,40.00807819659477
68.5,always_close1,39,5.118762681570001,39,3.7215661335288712,70.7256474808262,17,54.193109353741505
68.5,positive_expected_gain,29,5.510704106889582,39,6.163198937746163,285.31300938752645,19,54.193109353741505
68.5,two_point_expected_gain,9,5.113280256009737,39,6.714369959592445,399.95550617372714,21,56.74081087037612
69.0,keep_opening,0,4.215256384436734,39,6.484559241262645,421.19310636755574,21,39.994661534238205
69.0,always_close1,39,5.122668382143022,39,3.732661305799006,71.25089783946177,17,54.197291487234864
69.0,positive_expected_gain,29,5.509448529307727,39,6.158461009457261,284.5777958851939,19,54.19729148723488
69.0,two_point_expected_gain,10,5.154480290142146,39,7.159049659943189,478.7091218855048,21,49.64922784867124
69.5,keep_opening,0,4.200165769855864,39,6.453566383187097,416.0855491583738,21,39.98017673646014
69.5,always_close1,39,5.126451187936336,39,3.7436906590995647,71.77680163479904,17,54.20107672844379
69.5,positive_expected_gain,30,5.508142408453601,39,5.159252078870987,163.38554415105202,18,54.201076728443766
69.5,two_point_expected_gain,10,5.144806347937811,39,7.141293486824591,475.5195895741518,21,49.65148083930503
70.0,keep_opening,0,4.184997518793739,39,6.42237610536964,410.99992360116903,21,39.96461227782364
70.0,always_close1,39,5.130172817911864,39,3.754822476071588,72.30990690700953,17,54.20446656916309
70.0,positive_expected_gain,30,5.507370879581046,39,5.158340639203674,163.19615357132,18,54.20446656916309
70.0,two_point_expected_gain,10,5.135036240039902,39,7.123377873157727,472.31971514735136,21,49.65365393751002
70.5,keep_opening,0,4.169807317896182,39,6.391282253405405,405.97306717085775,21,39.94795639280431
70.5,always_close1,39,5.133783299251805,39,3.7656538400615793,72.82683610574752,17,54.20838168369174
70.5,positive_expected_gain,30,5.5065188695269764,39,5.15724429743453,162.98359155471167,18,54.20838168369174
70.5,two_point_expected_gain,10,5.125199830598671,39,7.105416356031122,469.1164962080985,21,49.65676061173635
71.0,keep_opening,0,4.15459576023889,39,6.3603846876129575,401.03072077742274,21,39.93110024758629
71.0,always_close1,39,5.137235310588985,39,3.776779587542515,73.36795521284512,17,54.21098486161746
71.0,positive_expected_gain,30,5.505500106398035,39,5.156551859604043,162.81775296093718,18,54.21098486161746
71.0,two_point_expected_gain,10,5.115259953074975,39,7.087723112323964,465.993631098336,21,49.65878234545597
71.5,keep_opening,0,4.139290140199088,39,6.329331300114503,396.1150326338456,21,39.912224882360135
71.5,always_close1,39,5.140657915670168,39,3.7878018620749425,73.90095570935635,17,54.21319693572612
71.5,positive_expected_gain,30,5.504416895211531,39,5.155462795762304,162.6136829425339,18,54.213196935726124
71.5,two_point_expected_gain,10,5.105175639624274,39,7.069800508290812,462.84945527856286,21,49.66073278268337
72.0,keep_opening,0,4.123977388405063,39,6.298395728273501,391.2649762167361,21,39.893123814067124
72.0,always_close1,39,5.143929317133914,39,3.798726922972062,74.43435522022313,17,54.215937839569285
72.0,positive_expected_gain,30,5.503203104980205,39,5.154456029775147,162.42019044263665,18,54.215937839569285
72.0,two_point_expected_gain,10,5.0950454608242985,39,7.052056290263067,459.7524513018955,21,49.66362464473863
72.5,keep_opening,0,4.108634056338059,39,6.2676895293958035,386.4996898632362,21,39.871978930438814
72.5,always_close1,39,5.147129976876336,39,3.8098106908620886,74.97774017926587,17,54.21828992326494
72.5,positive_expected_gain,30,5.501934905304632,39,5.153703010845417,162.24712996875786,18,54.21828992326494
72.5,two_point_expected_gain,10,5.084814654225494,39,7.034389669817996,456.69027507226565,21,49.666450361813595
73.0,keep_opening,0,4.093221430788758,39,6.236714724343809,381.73969335178344,21,39.85058189576146
73.0,always_close1,39,5.150191126178318,39,3.820733507016421,75.51510012541323,17,54.220254502955946
73.0,positive_expected_gain,30,5.500480043186444,39,5.152456640719585,162.03592502921893,18,54.22025450295593
73.0,two_point_expected_gain,10,5.074461902968159,39,7.016481606671992,453.6026016118636,21,49.66921270429769
73.5,keep_opening,0,4.0778160931180985,39,6.206103322669055,377.07847608950703,21,39.82801691169949
73.5,always_close1,39,5.153176320917789,39,3.831782378626363,76.0624746176683,17,54.22183286620983
73.5,positive_expected_gain,30,5.498968312581268,39,5.151661205735932,161.86309733376706,18,54.22183286620984
73.5,two_point_expected_gain,10,5.064045209341265,39,6.998887638943724,450.58627747164286,21,49.67191442426318
74.0,keep_opening,0,4.062338364189835,39,6.17538863191653,372.4516918815428,21,39.80427040221438
74.0,always_close1,39,5.156035108893066,39,3.8426932779574625,76.60476008921715,17,54.223026272345344
74.0,positive_expected_gain,30,5.497329406428435,39,5.150587844804605,161.66819346039185,18,54.223026272345344
74.0,two_point_expected_gain,10,5.053509660807031,39,6.981136580884713,447.5642904826414,21,49.674558256443916
74.5,keep_opening,0,4.046850335020146,39,6.14471822545724,367.8664917452699,21,39.77932850117202
74.5,always_close1,39,5.1588268311027505,39,3.8537176037341907,77.15607199171069,17,54.223835952497225
74.5,positive_expected_gain,30,5.495637298888152,39,5.14968646957127,161.48367700467904,18,54.22383595249725
74.5,two_point_expected_gain,10,5.042902108948477,39,6.963516913017679,444.5734542489381,21,49.677146918128656
75.0,keep_opening,0,4.031236539197161,39,6.113777163065589,363.3011662377263,21,39.75317704522692
75.0,always_close1,39,5.161474962801453,39,3.8646776794075834,77.70545730580871,17,54.22518037173241
75.0,positive_expected_gain,30,5.493761562159995,39,5.148559329574004,161.2892834468663,18,54.22518037173241
75.0,two_point_expected_gain,10,5.032122313706708,39,6.945492049635768,441.54276316836257,21,49.680691436832035
75.5,keep_opening,0,4.014974602438041,39,6.080381946791043,358.4305987632435,21,39.72580156613612
75.5,always_close1,39,5.1640006140772,39,3.875589482034183,78.25757174485256,17,54.22522596632094
75.5,positive_expected_gain,30,5.491803169645236,39,5.147641911294405,161.10848110881807,18,54.22522596632094
75.5,two_point_expected_gain,10,5.020601150252533,39,6.924989778032765,438.12112581439,21,49.68317755721947
76.0,keep_opening,0,3.9987053095313647,39,6.047030091475801,353.6197179456816,21,39.6980876125138
76.0,always_close1,39,5.166434209827674,39,3.8865537104204657,78.81322645914733,17,54.22580819307641
76.0,positive_expected_gain,30,5.489709975212602,39,5.146510877895103,160.91408065095635,18,54.22580819307641
76.0,two_point_expected_gain,10,5.009034982633798,39,6.904531689853155,434.72777910345036,21,49.68662430129368
76.5,keep_opening,0,3.9823939460149878,39,6.013872556604863,348.8874070285975,21,39.66821921305029
76.5,always_close1,39,5.168763782242722,39,3.8975227098967995,79.37239009325194,17,54.22509429541411
76.5,positive_expected_gain,30,5.487515565727474,39,5.145492072471184,160.72928727169494,18,54.22509429541411
76.5,two_point_expected_gain,10,4.99732921878001,39,6.884236159136704,431.3905505511956,21,49.689018524875614
77.0,keep_opening,0,3.966081728518838,39,5.980624444200693,344.18434140520986,21,39.6379814127039
77.0,always_close1,39,5.170985331862092,39,3.90855000441944,79.93801716416691,17,54.224918814756926
77.0,positive_expected_gain,30,5.485224444602929,39,5.1444996876729725,160.5461666840755,18,54.22491881475694
77.0,two_point_expected_gain,10,4.98559202767594,39,6.863876442835758,428.0514636085998,21,49.692378047867436
77.5,keep_opening,0,3.9497253478496583,39,5.947400069903807,339.53710130724016,21,39.606458158107735
77.5,always_close1,39,5.1730823204078185,39,3.9194132658150256,80.49646638190725,17,54.22436598744782
77.5,positive_expected_gain,30,5.482809536099996,39,5.1433617365053586,160.3525188096535,18,54.22436598744782
77.5,two_point_expected_gain,10,4.973727405687144,39,6.843389434748527,424.7161110903809,21,49.69569772284599
78.0,keep_opening,0,3.933359924503009,39,5.914507105070626,334.983855487624,21,39.57363338034872
78.0,always_close1,39,5.175088270226514,39,3.9303811431357936,81.06421158939672,17,54.22343685415101
78.0,positive_expected_gain,30,5.480304247313432,39,5.142435222144378,160.17666783552275,18,54.22343685415101
78.0,two_point_expected_gain,10,4.961803382751374,39,6.823290400888069,421.46642438938403,21,49.698980136303994
78.5,keep_opening,0,3.9169187239937395,39,5.881426276334839,330.45416970220236,21,39.53949065671461
78.5,always_close1,39,5.176981273461491,39,3.9413457101089087,81.63425104170472,17,54.22304818847583
78.5,positive_expected_gain,30,5.477658536941603,39,5.14141825489162,159.9956800126611,18,54.22304818847582
78.5,two_point_expected_gain,10,4.949726857483645,39,6.802980424930483,418.2046088370412,21,49.70323403810032
79.0,keep_opening,0,3.900517440258644,39,5.848582575647217,325.99868976079097,21,39.50401320133275
79.0,always_close1,39,5.178745718002817,39,3.9522791725248863,82.20456997121003,17,54.22136924571153
79.0,positive_expected_gain,30,5.474910848500961,39,5.140346448939317,159.8095936677706,18,54.22136924571155
79.0,two_point_expected_gain,10,4.937619373408378,39,6.782816417851939,414.9825691449335,21,49.70644929595418
79.5,keep_opening,0,3.884060077548194,39,5.815712988961158,321.5894062879059,21,39.46718385601762
79.5,always_close1,39,5.180391639286308,39,3.963034565643679,82.76859691651566,17,54.22023229353194
79.5,positive_expected_gain,30,5.472046393522374,39,5.139187122716722,159.61805935774964,18,54.22023229353194
79.5,two_point_expected_gain,10,4.925388701591959,39,6.762622519354478,411.78013721206554,21,49.71064046008982
80.0,keep_opening,0,3.8675907180405775,39,5.782864651487875,317.22383273664934,21,39.42988411200867
80.0,always_close1,39,5.1819287013579585,39,3.974169529088975,83.35761282075953,17,54.21780738829669
80.0,positive_expected_gain,30,5.469026832968598,39,5.138251061232035,159.44841677459527,18,54.21780738829669
80.0,two_point_expected_gain,10,4.913072929119196,39,6.742452229826418,408.5976931024635,21,49.713798714260236
80.5,keep_opening,0,3.8510636819953197,39,5.750061174915599,312.911778179049,21,39.44686413241926
80.5,always_close1,39,5.183375835632539,39,3.985062453070333,83.93371444213437,17,54.21592589357888
80.5,positive_expected_gain,30,5.465942634627607,39,5.137091317146169,159.25679701871616,18,54.21592589357886
80.5,two_point_expected_gain,10,4.9006341365127,39,6.722346483730587,405.44900797356735,21,49.717937211682504
81.0,keep_opening,0,3.834581220178532,39,5.7174248538588355,308.66243805302895,21,39.522745665098526
81.0,always_close1,39,5.1846990586144095,39,3.9960382830896,84.5177894043027,17,54.213673360821744
81.0,positive_expected_gain,30,5.462723498098381,39,5.136007231558139,159.0738022721927,18,54.213673360821744
81.0,two_point_expected_gain,10,4.888163591548526,39,6.7023198620673865,402.3267152062225,21,49.72205293844386
81.5,keep_opening,0,3.818018828114047,39,5.684846294244881,304.46704322549164,21,39.598486091987574
81.5,always_close1,39,5.185860327990305,39,4.0069353609383285,85.10164734419104,17,54.21105064892655
81.5,positive_expected_gain,30,5.459353372302436,39,5.1349706273076166,158.89693494893663,18,54.21105064892655
81.5,two_point_expected_gain,11,4.92726102587872,39,6.541903261752872,370.29124517851193,21,49.72614836792123
82.0,keep_opening,0,3.8014645222769152,39,5.652441078363683,300.33780734386823,21,39.67408326419585
82.0,always_close1,39,5.186949405331257,39,4.018007638979571,85.69674533989075,17,54.20805859132558
82.0,positive_expected_gain,30,5.455896819259458,39,5.134026971015322,158.72932273151997,18,54.20805859132557
82.0,two_point_expected_gain,12,4.966715529104956,39,6.708041837672865,394.32793695895543,21,49.73022596166506
82.5,keep_opening,0,3.7848929028591383,39,5.61990363527195,296.22852814052976,21,39.74953503062185
82.5,always_close1,39,5.187907291519759,39,4.029032671028083,86.29410300307367,17,54.20469799599179
82.5,positive_expected_gain,30,5.452308791173785,39,5.133022163336742,158.55661718814892,18,54.20469799599179
82.5,two_point_expected_gain,12,4.956244624910146,39,6.6922287229724775,391.840336029291,21,49.73428816999572
83.0,keep_opening,0,3.7683016002640195,39,5.58759104999563,292.1908499838997,21,39.82483923782132
83.0,always_close1,39,5.188696457008215,39,4.039997523932165,86.89036898547928,17,54.20096964562726
83.0,positive_expected_gain,30,5.448560953110655,39,5.132006288344941,158.3848798189742,18,54.20096964562726
83.0,two_point_expected_gain,12,4.945632020570174,39,6.6763859337100095,389.36517001200724,21,49.73833743206939
83.5,keep_opening,0,3.75173845258697,39,5.555393794519435,288.2016729124665,21,39.8999937294771
83.5,always_close1,39,5.189447084828098,39,4.050960870298102,87.4875276581889,17,54.19778794007453
83.5,positive_expected_gain,30,5.444775954190577,39,5.131004105527827,158.2079221991731,18,54.197787940074505
83.5,two_point_expected_gain,12,4.93501878928537,39,6.6607890680001764,386.9270574221045,21,49.74337867326957
84.0,keep_opening,0,3.7351063039928003,39,5.523180084055896,284.2580220029115,21,39.974996346559855
84.0,always_close1,39,5.189985140973506,39,4.061875313022247,88.08772823372313,17,54.19332611789003
84.0,positive_expected_gain,31,5.44133854329861,39,4.863771660573157,138.03830822593852,18,54.19332611789003
84.0,two_point_expected_gain,12,4.924174100847932,39,6.645040466469925,384.498608671433,21,49.747408910431126
84.5,keep_opening,0,3.71847409396405,39,5.491006146435757,280.3550114797979,21,40.04984492671782
84.5,always_close1,39,5.190463160476775,39,4.0729641321474475,88.69877238995032,17,54.18941196237026
84.5,positive_expected_gain,31,5.438173615701163,39,4.8670265500366,138.185949877655,18,54.18941196237026
84.5,two_point_expected_gain,12,4.913312638267444,39,6.6294238833760195,382.0892567085095,21,49.75243512274936
85.0,keep_opening,0,3.7018158264278718,39,5.459022061726458,276.51841200763766,21,40.12453730431922
85.0,always_close1,39,5.190779335279126,39,4.084021637325084,89.31247823487776,17,54.18513251541434
85.0,positive_expected_gain,31,5.434875288251957,39,4.870397814647305,138.34567922582264,18,54.18513251541434
85.0,two_point_expected_gain,13,4.953712387694345,39,6.553632934775029,367.04377483551343,21,49.75745719018639
85.5,keep_opening,0,3.685164688868271,39,5.4270823042594625,272.7234863360056,21,40.199071310029545
85.5,always_close1,39,5.19105566485761,39,4.0952072600263225,89.93168531502901,17,54.18048843655957
85.5,positive_expected_gain,31,5.431503155035116,39,4.873630654613118,138.49050374676196,18,54.180488436559585
85.5,two_point_expected_gain,13,4.943679686937887,39,6.534678770644978,364.03685892354815,21,49.76247748015098
86.0,keep_opening,0,3.668507504801481,39,5.395284908516286,268.9806797166949,21,40.273444770632004
86.0,always_close1,39,5.191075637705671,39,4.1062995308132475,90.5550565025284,17,54.175480360692
86.0,positive_expected_gain,31,5.427916622441591,39,4.87710267840021,138.65891414873948,18,54.17548036069198
86.0,two_point_expected_gain,14,4.985146690792732,39,6.769542657110761,396.5246966464746,21,49.76749835091763
86.5,keep_opening,0,3.6518406595903308,39,5.363524698297409,265.2796454231255,21,40.347655508831856
86.5,always_close1,39,5.191051241522004,39,4.117421488482872,91.17840048106723,17,54.17010889822258
86.5,positive_expected_gain,31,5.424226271179259,39,4.880337273400599,138.80860733997486,18,54.17010889822258
86.5,two_point_expected_gain,14,4.975924068014954,39,6.754337119739421,393.8693355634255,21,49.77252215211254
87.0,keep_opening,0,3.6351803940017073,39,5.331837362225065,261.6235050157831,21,40.42170134301358
87.0,always_close1,39,5.190782849575223,39,4.128470169911848,91.80710991047758,17,54.16437463520687
87.0,positive_expected_gain,31,5.420345077195156,39,4.883693998295101,138.9725104528046,18,54.16437463520687
87.0,two_point_expected_gain,14,4.966578441231313,39,6.739151581915505,391.23463812183036,21,49.7775512248949
87.5,keep_opening,0,3.6184407769360245,39,5.300348327052143,258.0377540586248,21,40.495580086776286
87.5,always_close1,39,5.190462219156503,39,4.139670768703846,92.44305661204884,17,54.1582781333531
87.5,positive_expected_gain,31,5.416367847113287,39,4.887011697814296,139.13179770023402,18,54.1582781333531
87.5,two_point_expected_gain,14,4.957051061741994,39,6.724073819862346,388.64227758377547,21,49.782587902515004
88.0,keep_opening,0,3.601419917795517,39,5.2697649679979985,254.63157926126775,21,40.56928954909716
88.0,always_close1,39,5.190025901020114,39,4.150826463559993,93.07663348086612,17,54.15273170165753
88.0,positive_expected_gain,31,5.412281664325667,39,4.89030646283337,139.2833670915674,18,54.15273170165753
88.0,two_point_expected_gain,15,4.998461046664744,39,6.938911895786669,422.80265920728016,21,49.7886330712673
88.5,keep_opening,0,3.5842330777100972,39,5.240400772381584,251.4742368638857,21,40.64282753350326
88.5,always_close1,39,5.1893591105023,39,4.162029168470877,93.72268742058833,17,54.14591210493589
88.5,positive_expected_gain,32,5.408308746898955,39,5.615864274997149,214.29636988758287,19,54.14591210493588
88.5,two_point_expected_gain,16,5.040077660331346,39,6.288655990281053,301.32726491270444,20,58.002732471367544
89.0,keep_opening,0,3.5667781558618263,39,5.212182757663462,248.57755696188994,21,40.71619183838827
89.0,always_close1,39,5.18860767097898,39,4.173202548587105,94.36575342524374,17,54.1396431709962
89.0,positive_expected_gain,33,5.404299483032935,39,6.262202374093313,271.2265894254901,19,54.1396431709962
89.0,two_point_expected_gain,16,5.030553436976807,39,6.280462193296901,300.38479374240666,20,58.0137305005809
89.5,keep_opening,0,3.5493074994493043,39,5.184025103279044,245.7131375361615,21,40.789380256536944
89.5,always_close1,39,5.187683388445706,39,4.184939698271147,95.05171616495258,17,54.13301359506644
89.5,positive_expected_gain,33,5.400310370794182,39,6.273137092196729,272.4818695145916,19,54.13301359506644
89.5,two_point_expected_gain,16,5.020917119534726,39,6.272493279973516,299.47626536874606,20,58.02467385493095
90.0,keep_opening,0,3.5318727837063837,39,5.155986904708612,242.88491725506063,21,40.86239057447624
90.0,always_close1,39,5.186473855229594,39,4.196529696580808,95.74122838345495,17,54.12602382003773
90.0,positive_expected_gain,33,5.396059268913176,39,6.284001724359464,273.75337029192366,19,54.12602382003773
90.0,two_point_expected_gain,16,5.011164774403771,39,6.264362047837707,298.5473495262033,20,58.035564537802756
90.5,keep_opening,0,3.51442419550415,39,5.128178797445977,240.10569217148924,21,40.93522057290158
90.5,always_close1,39,5.185124770682021,39,4.20838218415183,96.44975250829613,17,54.11867426495718
90.5,positive_expected_gain,33,5.391662860101479,39,6.295157638742878,275.0626128488325,19,54.11867426495718
90.5,two_point_expected_gain,16,5.001223776071125,39,6.256448704297296,297.65470639684753,20,58.0464045449359
91.0,keep_opening,0,3.4969854393164765,39,5.100384020498373,237.3508564436899,21,41.00786802588981
91.0,always_close1,39,5.183627963486705,39,4.220424958667031,97.17417805409698,17,54.110965325039786
91.0,positive_expected_gain,33,5.38711466647073,39,6.3064776172088735,276.40008742899977,19,54.110965325039786
91.0,two_point_expected_gain,16,4.99120548127137,39,6.248649279005143,296.77544375075445,20,58.057195864751336
91.5,keep_opening,0,3.4795736924224085,39,5.07286511231499,234.64572428391176,21,41.08033070075536
91.5,always_close1,39,5.181944270027133,39,4.232184452867937,97.88443059522396,17,54.102897371839816
91.5,positive_expected_gain,33,5.382400493100739,39,6.31764965537378,277.72397715863553,19,54.102897371839816
91.5,two_point_expected_gain,16,4.981012070195247,39,6.240837319848511,295.8980769674811,20,58.067940478496816
92.0,keep_opening,0,3.462135784810317,39,5.045325623498124,231.96318277381366,21,41.15260635788558
92.0,always_close1,39,5.180092894679516,39,4.244333506222277,98.62445072600686,17,54.094470753147284
92.0,positive_expected_gain,33,5.3775011882650645,39,6.329130853518576,279.0965272670801,19,54.094470753147284
92.0,two_point_expected_gain,16,4.970713841120867,39,6.2331809183887,295.0414093829734,20,58.07864036063479
92.5,keep_opening,0,3.444734494385883,39,5.018015404237785,229.32689475824054,21,41.22469275031445
92.5,always_close1,39,5.178119154611483,39,4.256351325367273,99.35769551396578,17,54.08659573290424
92.5,positive_expected_gain,33,5.372475477439393,39,6.340453815297356,280.45397543677433,19,54.08659573290424
92.5,two_point_expected_gain,16,4.960278137464471,39,6.2255966971706895,294.198249467218,20,58.09012807442405
93.0,keep_opening,0,3.4273136357514242,39,4.9907786696597585,226.71944269798266,21,41.296587623504465
93.0,always_close1,39,5.175958019158939,39,4.2685639422838015,100.10829765424756,17,54.07745253125913
93.0,positive_expected_gain,33,5.367269805350787,39,6.352052294630959,281.85199911820627,19,54.07745253125912
93.0,two_point_expected_gain,17,5.001210040783725,39,6.179090134844843,286.56664819396633,20,58.100743831821745
93.5,keep_opening,0,3.4099454435371164,39,4.963698184516749,224.1486854854695,21,41.36828871503101
93.5,always_close1,39,5.173640770584765,39,4.280752404509327,100.85776195431974,17,54.06886110495297
93.5,positive_expected_gain,33,5.361930933076244,39,6.363700877823902,283.2574502158684,19,54.06886110495297
93.5,two_point_expected_gain,17,4.990969112060957,39,6.17117424778457,285.68262171997935,20,58.11215021038938
94.0,keep_opening,0,3.392542583418285,39,4.936684658438539,221.60852177871297,21,41.43979375434087
94.0,always_close1,39,5.171156095542871,39,4.293180444411037,101.62585676657913,17,54.059911769305444
94.0,positive_expected_gain,33,5.356393608415129,39,6.375459269889361,284.6844799037678,19,54.05991176930546
94.0,two_point_expected_gain,17,4.9805609091343515,39,6.163407498136932,284.8186882214612,20,58.12351855014337
94.5,keep_opening,0,3.3751848853013433,39,4.909863089648979,219.10551332312323,21,41.511100462320435
94.5,always_close1,39,5.168411522610623,39,4.305396028585756,102.39013225578724,17,54.04969561652866
94.5,positive_expected_gain,33,5.350617210197297,39,6.387132766245007,286.1173541300499,19,54.04969561652866
94.5,two_point_expected_gain,17,4.969945968153136,39,6.1555921512657275,283.95343111941526,20,58.134022451064006
95.0,keep_opening,0,3.3578745942783303,39,4.883388790746005,216.65439287794177,21,41.582206551153874
95.0,always_close1,39,5.1655767589802695,39,4.317943925548243,103.17253723826161,17,54.04003133242177
95.0,positive_expected_gain,33,5.344757791556766,39,6.399217564202073,287.5923465622844,19,54.04003133242177
95.0,two_point_expected_gain,17,4.9592542585446475,39,6.148202444897759,283.13008532495127,20,58.145321076184864
95.5,keep_opening,0,3.3405672902796018,39,4.856851117031645,214.21747481128853,21,41.65310972387424
95.5,always_close1,39,5.162540109099215,39,4.330619203739413,103.96621043865397,17,54.030009763017006
95.5,positive_expected_gain,33,5.3386923209852135,39,6.411400665637086,289.08662966666503,19,54.03000976301702
95.5,two_point_expected_gain,18,5.00015426198493,39,6.155876361714299,285.09419798142915,20,58.156587441782335
96.0,keep_opening,0,3.3232810908328574,39,4.8305894955105515,211.8288676931881,21,41.72380767418995
96.0,always_close1,39,5.15926947360281,39,4.343363544374284,104.77148618764338,17,54.020539614911534
96.0,positive_expected_gain,33,5.3323887305122994,39,6.4236234974266155,290.6008042309493,19,54.020539614911534
96.0,two_point_expected_gain,18,4.989846569415271,39,6.148322288459919,284.23183797345695,20,58.168650042217585
96.5,keep_opening,0,3.305997904230741,39,4.80528575007807,209.57234737057107,20,41.79429808609374
96.5,always_close1,39,5.155817479158116,39,4.356119494277457,105.57944817423453,17,54.009803738453165
96.5,positive_expected_gain,33,5.325910849464751,39,6.4359357923262985,292.1276530132229,19,54.009803738453165
96.5,two_point_expected_gain,18,4.979328341146112,39,6.140777767889013,283.3710241262043,20,58.179857035955564
97.0,keep_opening,0,3.288753392680557,39,4.7814865398548925,207.5079298104761,20,41.86457863344515
97.0,always_close1,39,5.152213657644921,39,4.369168556150735,106.405096614208,17,53.998710991033064
97.0,positive_expected_gain,34,5.319541900325687,39,6.53844299724459,304.5334415380985,19,53.998710991033064
97.0,two_point_expected_gain,18,4.968683996467179,39,6.133521055751025,282.5387448536721,20,58.191037497531795
97.5,keep_opening,0,3.2714841946382758,39,4.757650198102934,205.45757488629803,20,41.93464697983384
97.5,always_close1,39,5.14827934625991,39,4.38220725454854,107.24196514921277,17,53.98816942001004
97.5,positive_expected_gain,34,5.312934764389513,39,6.551910318792305,306.2697128913003,19,53.98816942001004
97.5,two_point_expected_gain,18,4.957748592598597,39,6.126083265251584,281.69409066538367,20,58.20301811379206
98.0,keep_opening,0,3.2542773182905465,39,4.734199625050471,203.45637713170376,20,42.004500778112394
98.0,always_close1,39,5.144207262309081,39,4.395457233629287,108.09036809623431,17,53.976362985223325
98.0,positive_expected_gain,34,5.306198745410049,39,6.565670743430275,308.03800507535345,19,53.976362985223325
98.0,two_point_expected_gain,18,4.9466470564607254,39,6.119071875519564,280.8982285910926,20,58.214150606857864
98.5,keep_opening,0,3.2369083787293738,39,4.710295608161285,201.4254001711903,20,42.07413767018958
98.5,always_close1,39,5.139893611707091,39,4.408975003272075,108.95942437350593,17,53.965107449938074
98.5,positive_expected_gain,34,5.299229954827737,39,6.579780247442156,309.85628107474827,19,53.965107449938074
98.5,two_point_expected_gain,18,4.935358567719563,39,6.1124010843413075,280.13580282381383,20,58.22608582282667
99.0,keep_opening,0,3.218741949605482,39,4.6832471574041605,199.11865030414316,20,42.143555286453385
99.0,always_close1,39,5.135327721048075,39,4.422544396790318,109.83600921996013,17,53.95349488031259
99.0,positive_expected_gain,34,5.292006655542664,39,6.593915098036638,311.68863576761703,19,53.95349488031259
99.0,two_point_expected_gain,18,4.923835024258286,39,6.105627492568111,279.36182979088153,20,58.23800085467261
99.5,keep_opening,0,3.2006018431143923,39,4.656365540806902,196.8458245108627,20,42.21275124564761
99.5,always_close1,39,5.130504959807244,39,4.436497321841692,110.7403621709242,17,53.94152527576095
99.5,positive_expected_gain,34,5.284524244242121,39,6.608406913400996,313.5747671605114,19,53.94152527576096
99.5,two_point_expected_gain,18,4.912056563572128,39,6.09910784846249,278.61949973466096,20,58.24989757722061
100.0,keep_opening,0,3.182500234127482,39,4.629838821747103,194.62320701852875,20,42.28172315461309
100.0,always_close1,39,5.125413545205401,39,4.450425579725874,111.64699623253523,17,53.92919861205594
100.0,positive_expected_gain,35,5.277217570743309,39,6.065574352086358,235.68873997875693,18,53.92919861205594
100.0,two_point_expected_gain,18,4.900032318822355,39,6.092923762878533,277.9144023475387,20,58.261777862309984
