Unnamed: 0.5,Unnamed: 0.4,Unnamed: 0.3,Unnamed: 0.2,Unnamed: 0.1,Unnamed: 0,title_fight,event_name,event_date,event_location,fight_url,weight_class,method,round,fight_time,performance_bonus_winner,fight_otn_bonus,winner,fighter_red,fighter_blue,record_red,record_blue,dob_red,dob_blue,height_red,height_blue,reach_red,reach_blue,stance_red,stance_blue,kd_red,kd_blue,sig_str_red,sig_str_blue,sig_str_percent_red,sig_str_percent_blue,td_red,td_blue,td_pct_red,td_pct_blue,clinch_red,clinch_blue,ground_red,ground_blue,sub_att_red,sub_att_blue,rev_red,rev_blue,ctrl_red,ctrl_blue,head_red,head_blue,body_red,body_blue,leg_red,leg_blue,distance_red,distance_blue,total_strikes_red,total_strikes_blue
0.0,0.0,0.0,0.0,0.0,0.0,0,UFC Fight Night: Evloev vs. Murphy,2026-03-21," London, England, United Kingdom",http://ufcstats.com/fight-details/346e3897c2ead99a,Featherweight,M-DEC,5,5:00,0,0,Movsar Evloev,Movsar Evloev,Lerone Murphy,20-0-0,17-1-1,"Feb 11, 1994","Jul 22, 1991","5' 7""","5' 9""","72""","73""",Orthodox,Orthodox,0,0,86 of 189,89 of 239,45%,37%,9 of 10,0 of 0,90%,---,1 of 2,0 of 1,5 of 9,0 of 0,0,0,0,0,3:54,0:00,47 of 134,45 of 175,33 of 44,24 of 38,6 of 11,20 of 26,80 of 178,89 of 238,124 of 234,89 of 239
1.0,1.0,1.0,1.0,1.0,1.0,0,UFC Fight Night: Evloev vs. Murphy,2026-03-21," London, England, United Kingdom",http://ufcstats.com/fight-details/fa534aaa5b997a69,Featherweight,U-DEC,3,5:00,0,0,Luke Riley,Luke Riley,Michael Aswell Jr.,13-0-0,11-4-0,"Jun 30, 1999","Sep 27, 2000","5' 9""","5' 8""","69""","69""",Orthodox,Orthodox,0,0,100 of 177,61 of 180,56%,33%,0 of 0,1 of 1,---,100%,10 of 11,3 of 11,0 of 0,0 of 0,0,0,0,0,0:00,2:49,65 of 134,48 of 158,31 of 36,13 of 21,4 of 7,0 of 1,90 of 166,58 of 169,113 of 192,107 of 233
2.0,2.0,2.0,2.0,2.0,2.0,0,UFC Fight Night: Evloev vs. Murphy,2026-03-21," London, England, United Kingdom",http://ufcstats.com/fight-details/5ee11b727e89e8ad,Welterweight,U-DEC,3,5:00,0,0,Michael Page,Michael Page,Sam Patterson,25-3-0,14-3-1,"Apr 07, 1987","Apr 30, 1996","6' 3""","6' 3""","79""","78""",Switch,Orthodox,0,0,27 of 55,12 of 64,49%,18%,0 of 0,0 of 2,---,0%,0 of 0,2 of 4,0 of 0,0 of 0,0,0,0,0,0:26,2:47,17 of 38,4 of 50,4 of 8,4 of 6,6 of 9,4 of 8,27 of 55,10 of 60,33 of 61,25 of 78
3.0,3.0,3.0,3.0,3.0,3.0,0,UFC Fight Night: Evloev vs. Murphy,2026-03-21," London, England, United Kingdom",http://ufcstats.com/fight-details/43e26b46cbb51985,Light Heavyweight,"KO/TKO, Punch",1,0:28,1,0,Iwo Baraniewski,Iwo Baraniewski,Austen Lane,8-0-0,13-8-0 (1 NC),"Nov 20, 1998","Nov 09, 1987","6' 0""","6' 6""","73""","80""",Orthodox,Orthodox,1,0,10 of 13,0 of 4,76%,0%,0 of 0,0 of 0,---,---,0 of 0,0 of 0,8 of 8,0 of 0,0,0,0,0,0:04,0:00,9 of 12,0 of 3,0 of 0,0 of 0,1 of 1,0 of 1,2 of 5,0 of 4,10 of 13,0 of 4
4.0,4.0,4.0,4.0,4.0,4.0,0,UFC Fight Night: Evloev vs. Murphy,2026-03-21," London, England, United Kingdom",http://ufcstats.com/fight-details/562d916f55918901,Middleweight,U-DEC,3,5:00,0,0,Christian Leroy Duncan,Roman Dolidze,Christian Leroy Duncan,15-5-0,14-2-0,"Jul 15, 1988","Jul 24, 1995","6' 2""","6' 2""","76""","79""",Orthodox,Switch,0,0,10 of 34,54 of 99,29%,54%,3 of 4,0 of 2,75%,0%,1 of 1,1 of 4,0 of 0,2 of 3,0,0,0,0,7:07,1:08,8 of 31,18 of 52,0 of 0,6 of 12,2 of 3,30 of 35,9 of 33,51 of 92,40 of 94,78 of 125
5.0,5.0,5.0,5.0,5.0,5.0,0,UFC Fight Night: Evloev vs. Murphy,2026-03-21," London, England, United Kingdom",http://ufcstats.com/fight-details/4e58bcc0d27042fd,Featherweight,"KO/TKO, Punches",2,0:31,0,0,Danny Silva,Kurtis Campbell,Danny Silva,8-1-0,11-2-0,"Jul 29, 2002","Jan 30, 1997","5' 9""","5' 7""","72""","69""",Switch,Switch,0,2,17 of 41,16 of 32,41%,50%,2 of 5,1 of 1,40%,100%,2 of 2,4 of 7,0 of 0,1 of 2,0,0,0,1,1:56,1:05,12 of 29,11 of 26,2 of 8,4 of 5,3 of 4,1 of 1,15 of 39,11 of 23,17 of 43,20 of 36
6.0,6.0,6.0,6.0,6.0,6.0,0,UFC Fight Night: Evloev vs. Murphy,2026-03-21," London, England, United Kingdom",http://ufcstats.com/fight-details/3ee578ddd071ad4c,Lightweight,U-DEC,3,5:00,0,1,Mason Jones,Mason Jones,Axel Sola,18-2-0 (1 NC),11-1-1,"Apr 26, 1995","Sep 17, 1997","5' 10""","6' 0""","74""","74""",Orthodox,Southpaw,0,0,110 of 236,65 of 135,46%,48%,0 of 0,3 of 7,---,42%,26 of 42,4 of 10,1 of 1,0 of 0,0,0,0,0,0:05,2:19,76 of 193,49 of 116,29 of 37,16 of 19,5 of 6,0 of 0,83 of 193,61 of 125,123 of 251,68 of 141
7.0,7.0,7.0,7.0,7.0,7.0,0,UFC Fight Night: Evloev vs. Murphy,2026-03-21," London, England, United Kingdom",http://ufcstats.com/fight-details/3b9f50f07d9a1601,Featherweight,S-DEC,3,5:00,0,0,Nathaniel Wood,Nathaniel Wood,Losene Keita,23-6-0,16-2-0,"May 08, 1993","Dec 30, 1997","5' 6""","5' 7""","69""","72""",Orthodox,Orthodox,0,0,67 of 178,52 of 119,37%,43%,0 of 1,0 of 0,0%,---,0 of 1,0 of 0,0 of 0,0 of 0,0,0,0,0,0:00,0:00,32 of 128,36 of 101,2 of 3,13 of 15,33 of 47,3 of 3,67 of 177,52 of 119,67 of 178,52 of 119
8.0,8.0,8.0,8.0,8.0,8.0,0,UFC Fight Night: Evloev vs. Murphy,2026-03-21," London, England, United Kingdom",http://ufcstats.com/fight-details/90187edeeda7e6d6,Heavyweight,U-DEC,3,5:00,0,0,Mario Pinto,Mario Pinto,Felipe Franco,12-0-0,10-2-0,"Mar 14, 1998","Jan 22, 2001","6' 5""","6' 1""","79""","76""",Orthodox,Orthodox,0,0,34 of 58,21 of 60,58%,35%,2 of 14,0 of 1,14%,0%,13 of 15,8 of 9,1 of 1,0 of 0,0,0,0,0,6:15,0:00,25 of 48,13 of 51,6 of 7,7 of 8,3 of 3,1 of 1,20 of 42,13 of 51,137 of 166,60 of 100
9.0,9.0,9.0,9.0,9.0,9.0,0,UFC Fight Night: Evloev vs. Murphy,2026-03-21," London, England, United Kingdom",http://ufcstats.com/fight-details/8817bd21b6d0a989,Middleweight,U-DEC,3,5:00,0,0,Mantas Kondratavicius,Mantas Kondratavicius,Antonio Trocoli,9-1-0,12-7-0 (1 NC),"Jul 17, 1999","Dec 06, 1990","6' 2""","6' 5""","75""","80""",Orthodox,Orthodox,1,0,75 of 107,17 of 39,70%,43%,2 of 4,1 of 12,50%,8%,17 of 19,2 of 4,16 of 20,0 of 0,1,0,0,0,6:06,5:03,61 of 93,10 of 28,14 of 14,3 of 7,0 of 0,4 of 4,42 of 68,15 of 35,135 of 177,29 of 54
10.0,10.0,10.0,10.0,10.0,10.0,0,UFC Fight Night: Evloev vs. Murphy,2026-03-21," London, England, United Kingdom",http://ufcstats.com/fight-details/bfd17ed83ec5b598,Heavyweight,"KO/TKO, Punches",1,1:48,0,0,Brando Pericic,Louie Sutherland,Brando Pericic,10-5-0,6-1-0,"Feb 08, 1994","Aug 03, 1994","6' 3""","6' 5""","76""","79""",Orthodox,Orthodox,0,0,9 of 18,19 of 26,50%,73%,1 of 3,0 of 0,33%,---,2 of 3,9 of 10,0 of 0,5 of 7,0,0,0,0,0:40,0:19,5 of 14,13 of 20,2 of 2,6 of 6,2 of 2,0 of 0,7 of 15,5 of 9,9 of 18,34 of 46
11.0,11.0,11.0,11.0,11.0,11.0,0,UFC Fight Night: Evloev vs. Murphy,2026-03-21," London, England, United Kingdom",http://ufcstats.com/fight-details/bbe0f3653de9f6a8,Lightweight,U-DEC,3,5:00,0,0,Abdul-Kareem Al-Selwady,Shem Rock,Abdul-Kareem Al-Selwady,12-3-1,16-4-0,"Nov 05, 1993","Apr 10, 1995","5' 11""","5' 8""","73""","69""",Southpaw,Orthodox,0,0,47 of 128,81 of 146,36%,55%,1 of 6,0 of 4,16%,0%,3 of 3,8 of 11,1 of 2,2 of 5,0,0,0,0,0:55,0:19,26 of 101,48 of 102,16 of 22,13 of 14,5 of 5,20 of 30,43 of 123,71 of 130,52 of 134,105 of 173
12.0,12.0,12.0,12.0,12.0,12.0,0,UFC Fight Night: Evloev vs. Murphy,2026-03-21," London, England, United Kingdom",http://ufcstats.com/fight-details/216bc9b661485017,Women's Strawweight,"KO/TKO, Punches",2,1:17,1,0,Shanelle Dyer,Shanelle Dyer,Ravena Oliveira,7-1-0,7-4-1,"Apr 23, 2001","Feb 20, 1997","5' 6""","5' 5""","65""","65""",Orthodox,Orthodox,0,0,49 of 78,26 of 80,62%,32%,1 of 1,0 of 1,100%,0%,8 of 11,2 of 2,6 of 10,0 of 0,0,0,0,0,0:34,0:12,22 of 42,16 of 65,13 of 17,9 of 10,14 of 19,1 of 5,35 of 57,24 of 78,50 of 79,32 of 86
13.0,13.0,13.0,13.0,13.0,13.0,0,UFC Fight Night: Emmett vs. Vallejos,2026-03-14," Las Vegas, Nevada, USA",http://ufcstats.com/fight-details/f594fc5c2bc6237e,Featherweight,"KO/TKO, Punches",1,3:33,1,0,Kevin Vallejos,Josh Emmett,Kevin Vallejos,19-7-0,18-1-0,"Mar 04, 1985","Dec 08, 2001","5' 6""","5' 7""","70""","68""",Orthodox,Switch,0,2,3 of 12,36 of 55,25%,65%,0 of 1,0 of 0,0%,---,0 of 0,10 of 14,0 of 0,14 of 20,0,0,0,0,0:00,0:38,2 of 11,30 of 49,1 of 1,4 of 4,0 of 0,2 of 2,3 of 12,12 of 21,3 of 12,43 of 68
14.0,14.0,14.0,14.0,14.0,14.0,0,UFC Fight Night: Emmett vs. Vallejos,2026-03-14," Las Vegas, Nevada, USA",http://ufcstats.com/fight-details/3b7b771b9578383d,Women's Strawweight,U-DEC,3,5:00,0,0,Gillian Robertson,Amanda Lemos,Gillian Robertson,15-6-1,17-8-0,"May 22, 1987","May 17, 1995","5' 4""","5' 5""","65""","63""",Southpaw,Orthodox,0,0,42 of 73,12 of 26,57%,46%,1 of 1,3 of 7,100%,42%,2 of 2,1 of 1,13 of 14,1 of 2,1,0,1,2,2:04,9:17,31 of 61,5 of 12,8 of 8,2 of 4,3 of 4,5 of 10,27 of 57,10 of 23,51 of 84,64 of 81
15.0,15.0,15.0,15.0,15.0,15.0,0,UFC Fight Night: Emmett vs. Vallejos,2026-03-14," Las Vegas, Nevada, USA",http://ufcstats.com/fight-details/8bee5192baec71d8,Featherweight,S-DEC,3,5:00,0,0,Jose Delgado,Andre Fili,Jose Delgado,25-13-0 (1 NC),11-2-0,"Jun 25, 1990","Apr 21, 1998","5' 11""","5' 11""","74""","74""",Orthodox,Switch,0,0,62 of 141,94 of 169,43%,55%,4 of 6,1 of 3,66%,33%,0 of 0,9 of 14,1 of 2,2 of 2,0,0,1,0,0:59,0:36,46 of 121,37 of 99,11 of 13,34 of 47,5 of 7,23 of 23,61 of 139,83 of 153,70 of 154,103 of 179
16.0,16.0,16.0,16.0,16.0,16.0,0,UFC Fight Night: Emmett vs. Vallejos,2026-03-14," Las Vegas, Nevada, USA",http://ufcstats.com/fight-details/e0acd0cf4930671b,Featherweight,KO/TKO,2,5:00,0,1,Marwan Rahiki,Marwan Rahiki,Harry Hardwick,8-0-0,13-5-1,"May 10, 2002","Sep 29, 1994","5' 8""","5' 8""","72""","71""",Orthodox,Switch,0,0,90 of 164,65 of 149,54%,43%,0 of 0,0 of 1,---,0%,2 of 4,0 of 1,0 of 0,0 of 0,0,0,0,0,1:35,0:44,60 of 126,39 of 117,18 of 25,11 of 13,12 of 13,15 of 19,88 of 160,65 of 148,93 of 171,76 of 164
17.0,17.0,17.0,17.0,17.0,17.0,0,UFC Fight Night: Emmett vs. Vallejos,2026-03-14," Las Vegas, Nevada, USA",http://ufcstats.com/fight-details/db7694f4513120d5,Light Heavyweight,"SUB, Guillotine Choke",1,4:24,0,0,Ion Cutelaba,Ion Cutelaba,Oumar Sy,20-11-1 (1 NC),12-2-0,"Dec 14, 1993","Nov 21, 1995","6' 1""","6' 4""","75""","83""",Southpaw,Orthodox,0,0,14 of 20,5 of 11,70%,45%,1 of 2,0 of 1,50%,0%,1 of 1,0 of 0,3 of 4,0 of 0,1,0,0,0,2:27,0:18,4 of 9,1 of 7,4 of 5,0 of 0,6 of 6,4 of 4,10 of 15,5 of 11,40 of 49,5 of 11
18.0,18.0,18.0,18.0,18.0,18.0,0,UFC Fight Night: Emmett vs. Vallejos,2026-03-14," Las Vegas, Nevada, USA",http://ufcstats.com/fight-details/fc9168fd102e2e66,Flyweight,S-DEC,3,5:00,0,0,Charles Johnson,Charles Johnson,Bruno Silva,19-8-0,15-8-2 (1 NC),"Jan 10, 1991","Mar 16, 1990","5' 9""","5' 4""","70""","65""",Switch,Orthodox,0,0,85 of 162,73 of 136,52%,53%,0 of 6,0 of 8,0%,0%,24 of 30,2 of 5,0 of 0,0 of 0,0,0,0,0,0:06,3:43,43 of 101,52 of 106,30 of 46,14 of 21,12 of 15,7 of 9,61 of 132,71 of 131,110 of 189,101 of 171
19.0,19.0,19.0,19.0,19.0,19.0,0,UFC Fight Night: Emmett vs. Vallejos,2026-03-14," Las Vegas, Nevada, USA",http://ufcstats.com/fight-details/f26c0bdf7689aea2,Welterweight,U-DEC,3,5:00,0,0,Myktybek Orolbai,Chris Curtis,Myktybek Orolbai,32-13-0 (1 NC),16-2-1,"Jul 15, 1987","Feb 10, 1998","5' 10""","5' 10""","75""","74""",Orthodox,Orthodox,0,0,12 of 31,20 of 28,38%,71%,0 of 0,19 of 24,---,79%,2 of 2,1 of 1,1 of 1,14 of 17,0,0,0,0,0:06,12:33,6 of 25,13 of 18,6 of 6,3 of 4,0 of 0,4 of 6,9 of 28,5 of 10,57 of 81,83 of 102
20.0,20.0,20.0,20.0,20.0,20.0,0,UFC Fight Night: Emmett vs. Vallejos,2026-03-14," Las Vegas, Nevada, USA",http://ufcstats.com/fight-details/2c330a6f7f1e55f0,Heavyweight,U-DEC,3,5:00,0,0,Vitor Petrino,Vitor Petrino,Steven Asplund,14-2-0,7-2-0,"Aug 28, 1997","Jul 16, 1998","6' 2""","6' 5""","77""","78""",Orthodox,Orthodox,0,1,92 of 161,61 of 158,57%,38%,0 of 4,0 of 0,0%,---,0 of 1,1 of 2,0 of 0,2 of 2,0,0,0,0,1:17,0:12,59 of 126,48 of 140,18 of 18,4 of 8,15 of 17,9 of 10,92 of 160,58 of 154,92 of 162,73 of 172
21.0,21.0,21.0,21.0,21.0,21.0,0,UFC Fight Night: Emmett vs. Vallejos,2026-03-14," Las Vegas, Nevada, USA",http://ufcstats.com/fight-details/f44b4e998b6829f6,Bantamweight,"SUB, Rear Naked Choke",2,1:04,0,0,Elijah Smith,Elijah Smith,SuYoung You,10-1-0,16-4-0 (2 NC),"Sep 05, 2002","Dec 11, 1995","5' 9""","5' 6""","71""","65""",Orthodox,Orthodox,1,0,16 of 27,3 of 3,59%,100%,0 of 0,4 of 8,---,50%,3 of 3,0 of 0,8 of 11,0 of 0,1,0,1,0,1:35,2:42,14 of 25,3 of 3,1 of 1,0 of 0,1 of 1,0 of 0,5 of 13,3 of 3,18 of 29,21 of 27
22.0,22.0,22.0,22.0,22.0,22.0,0,UFC Fight Night: Emmett vs. Vallejos,2026-03-14," Las Vegas, Nevada, USA",http://ufcstats.com/fight-details/c769dd861357af9f,Lightweight,"KO/TKO, Punch",3,4:12,1,0,Manoel Sousa,Bolaji Oki,Manoel Sousa,10-4-0,14-1-0,"Nov 15, 1995","Jun 04, 1997","5' 10""","5' 9""","73""","70""",Orthodox,Orthodox,0,2,84 of 170,71 of 179,49%,39%,1 of 2,0 of 3,50%,0%,17 of 19,8 of 14,5 of 8,1 of 4,0,1,0,0,3:23,1:09,42 of 111,48 of 150,28 of 44,16 of 21,14 of 15,7 of 8,62 of 143,62 of 161,108 of 196,86 of 196
23.0,23.0,23.0,23.0,23.0,23.0,0,UFC Fight Night: Emmett vs. Vallejos,2026-03-14," Las Vegas, Nevada, USA",http://ufcstats.com/fight-details/cff81d681a01ae18,Middleweight,U-DEC,3,5:00,0,0,Eryk Anders,Brad Tavares,Eryk Anders,21-13-0,18-9-0 (1 NC),"Dec 21, 1987","Apr 21, 1987","6' 1""","6' 1""","74""","75""",Orthodox,Southpaw,1,0,48 of 86,35 of 84,55%,41%,0 of 1,3 of 9,0%,33%,14 of 21,19 of 36,3 of 6,1 of 1,0,0,0,1,0:29,9:20,29 of 64,26 of 69,17 of 20,9 of 15,2 of 2,0 of 0,31 of 59,15 of 47,55 of 95,68 of 133
24.0,24.0,24.0,24.0,24.0,24.0,0,UFC Fight Night: Emmett vs. Vallejos,2026-03-14," Las Vegas, Nevada, USA",http://ufcstats.com/fight-details/8cab057e6549afd0,Women's Bantamweight,"SUB, Rear Naked Choke",1,2:07,0,0,Bia Mesquita,Bia Mesquita,Montse Rendon,7-0-0,7-2-0,"Apr 07, 1991","Mar 16, 1989","5' 4""","5' 8""","67""","68""",Orthodox,Orthodox,0,0,18 of 27,0 of 8,66%,0%,1 of 1,0 of 0,100%,---,0 of 1,0 of 0,12 of 20,0 of 0,1,0,0,0,1:46,0:00,16 of 25,0 of 6,1 of 1,0 of 1,1 of 1,0 of 1,6 of 6,0 of 8,31 of 40,0 of 8
25.0,25.0,25.0,25.0,25.0,25.0,0,UFC Fight Night: Emmett vs. Vallejos,2026-03-14," Las Vegas, Nevada, USA",http://ufcstats.com/fight-details/32d371462c539bee,Bantamweight,U-DEC,3,5:00,0,0,Hecher Sosa,Luan Lacerda,Hecher Sosa,13-4-0,15-1-0,"Jan 07, 1993","Aug 25, 1995","5' 7""","5' 9""","71""","70""",Orthodox,Orthodox,0,0,62 of 168,104 of 221,36%,47%,4 of 11,0 of 0,36%,---,9 of 18,16 of 32,0 of 0,0 of 0,0,0,0,0,3:06,0:34,35 of 118,67 of 170,22 of 44,25 of 37,5 of 6,12 of 14,53 of 150,88 of 189,72 of 182,137 of 263
26.0,26.0,26.0,26.0,26.0,26.0,0,UFC Fight Night: Emmett vs. Vallejos,2026-03-14," Las Vegas, Nevada, USA",http://ufcstats.com/fight-details/244285b7fd0ddece,Women's Strawweight,U-DEC,3,5:00,0,0,Piera Rodriguez,Piera Rodriguez,Sam Hughes,12-2-0,11-7-0,"Nov 11, 1992","Jun 28, 1992","5' 3""","5' 5""","63""","64""",Orthodox,Orthodox,0,0,107 of 231,77 of 144,46%,53%,1 of 6,0 of 7,16%,0%,34 of 42,12 of 12,1 of 1,0 of 0,0,0,0,0,2:35,0:22,52 of 163,47 of 110,45 of 55,13 of 17,10 of 13,17 of 17,72 of 188,65 of 132,111 of 237,91 of 160
27.0,27.0,27.0,27.0,27.0,,0,UFC Fight Night: Adesanya vs. Pyfer,2026-03-28," Seattle, Washington, USA",http://ufcstats.com/fight-details/85e94a6c071fd9fa,Middleweight,"KO/TKO, Punches",2,4:18,1,0,Joe Pyfer,Israel Adesanya,Joe Pyfer,24-6-0,16-3-0,"Jul 22, 1989","Sep 17, 1996","6' 4""","6' 2""","80""","75""",Switch,Orthodox,0,0,42 of 75,36 of 70,56%,51%,0 of 2,2 of 8,0%,25%,0 of 1,2 of 7,0 of 0,16 of 21,0,0,0,0,0:00,2:44,22 of 54,33 of 64,8 of 8,2 of 3,12 of 13,1 of 3,42 of 74,18 of 42,58 of 92,52 of 90
28.0,28.0,28.0,28.0,28.0,,0,UFC Fight Night: Adesanya vs. Pyfer,2026-03-28," Seattle, Washington, USA",http://ufcstats.com/fight-details/9a0ecee6e8ca173f,Women's Flyweight,"KO/TKO, Punch",1,2:42,1,0,Alexa Grasso,Alexa Grasso,Maycee Barber,17-5-1,15-3-0,"Aug 09, 1993","May 18, 1998","5' 5""","5' 5""","66""","65""",Orthodox,Switch,1,0,12 of 38,5 of 25,31%,20%,0 of 0,0 of 0,---,---,0 of 0,0 of 0,1 of 1,0 of 0,1,0,0,0,0:02,0:00,8 of 31,4 of 24,0 of 0,0 of 0,4 of 7,1 of 1,11 of 37,5 of 25,12 of 38,5 of 25
29.0,29.0,29.0,29.0,29.0,,0,UFC Fight Night: Adesanya vs. Pyfer,2026-03-28," Seattle, Washington, USA",http://ufcstats.com/fight-details/6102e7a6dcbc62f0,Welterweight,"SUB, Rear Naked Choke",1,1:03,0,0,Michael Chiesa,Michael Chiesa,Niko Price,20-7-0,16-11-0 (2 NC),"Dec 07, 1987","Sep 29, 1989","6' 1""","6' 0""","75""","76""",Southpaw,Orthodox,0,0,0 of 1,1 of 3,0%,33%,1 of 2,1 of 1,50%,100%,0 of 0,1 of 1,0 of 0,0 of 0,1,0,0,0,0:23,0:08,0 of 1,0 of 2,0 of 0,1 of 1,0 of 0,0 of 0,0 of 1,0 of 2,0 of 1,1 of 3
30.0,30.0,30.0,30.0,30.0,,0,UFC Fight Night: Adesanya vs. Pyfer,2026-03-28," Seattle, Washington, USA",http://ufcstats.com/fight-details/f9f5071b993a5f4b,Featherweight,"KO/TKO, Punches",1,3:33,0,0,Lerryan Douglas,Julian Erosa,Lerryan Douglas,31-14-0,14-5-0,"Jul 31, 1989","Apr 27, 1995","6' 1""","5' 9""","74""","72""",Southpaw,Orthodox,0,2,17 of 46,29 of 48,36%,60%,0 of 0,0 of 0,---,---,1 of 1,2 of 6,0 of 0,2 of 3,0,0,0,0,0:03,0:05,13 of 40,18 of 37,2 of 2,3 of 3,2 of 4,8 of 8,16 of 45,25 of 39,18 of 47,30 of 49
31.0,31.0,31.0,31.0,31.0,,0,UFC Fight Night: Adesanya vs. Pyfer,2026-03-28," Seattle, Washington, USA",http://ufcstats.com/fight-details/e32dc26b11d1f81d,Middleweight,"KO/TKO, Knee",3,3:39,0,0,Yousri Belgaroui,Mansur Abdul-Malik,Yousri Belgaroui,9-1-1,10-3-0,"Oct 07, 1997","Jun 02, 1992","6' 2""","6' 6""","80""","79""",Orthodox,Orthodox,0,2,16 of 60,94 of 156,26%,60%,3 of 8,0 of 0,37%,---,2 of 5,17 of 20,0 of 0,2 of 3,0,0,0,0,2:07,0:59,10 of 45,54 of 103,3 of 9,22 of 32,3 of 6,18 of 21,14 of 55,75 of 133,16 of 61,107 of 170
32.0,32.0,32.0,32.0,32.0,,0,UFC Fight Night: Adesanya vs. Pyfer,2026-03-28," Seattle, Washington, USA",http://ufcstats.com/fight-details/a76e14495e61cf19,Lightweight,"KO/TKO, Punches",1,0:24,0,0,Terrance McKinney,Terrance McKinney,Kyle Nelson,18-8-0,17-7-1,"Sep 15, 1994","Apr 20, 1991","5' 10""","5' 11""","73""","71""",Switch,Switch,0,0,13 of 27,1 of 3,48%,33%,0 of 0,0 of 0,---,---,0 of 0,0 of 0,8 of 22,0 of 0,0,0,0,0,0:13,0:00,12 of 26,0 of 2,1 of 1,0 of 0,0 of 0,1 of 1,5 of 5,1 of 3,15 of 29,1 of 3
33.0,33.0,33.0,33.0,33.0,,0,UFC Fight Night: Adesanya vs. Pyfer,2026-03-28," Seattle, Washington, USA",http://ufcstats.com/fight-details/fa96d6252579b51e,Lightweight,U-DEC,3,5:00,0,1,Tofiq Musayev,Ignacio Bahamondes,Tofiq Musayev,17-7-0,23-6-0,"Aug 27, 1997","Dec 15, 1989","6' 3""","5' 9""","75""","69""",Orthodox,Orthodox,1,0,32 of 62,34 of 72,51%,47%,0 of 1,3 of 5,0%,60%,4 of 6,2 of 5,6 of 9,20 of 33,2,0,1,1,1:17,7:51,16 of 34,27 of 59,10 of 17,5 of 8,6 of 11,2 of 5,22 of 47,12 of 34,46 of 83,93 of 167
34.0,34.0,34.0,34.0,34.0,,0,UFC Fight Night: Adesanya vs. Pyfer,2026-03-28," Seattle, Washington, USA",http://ufcstats.com/fight-details/689384b01b40ef5c,Lightweight,"KO/TKO, Knees",1,2:56,0,0,Lance Gibson Jr.,Chase Hooper,Lance Gibson Jr.,16-5-1,10-2-0,"Sep 13, 1999","Feb 02, 1995","6' 1""","5' 9""","74""","72""",Southpaw,Switch,0,1,11 of 32,13 of 22,34%,59%,0 of 2,0 of 0,0%,---,0 of 1,6 of 8,0 of 0,0 of 0,0,0,0,0,0:06,0:07,3 of 18,6 of 13,5 of 8,2 of 3,3 of 6,5 of 6,11 of 31,7 of 14,13 of 34,19 of 28
35.0,35.0,35.0,35.0,35.0,,0,UFC Fight Night: Adesanya vs. Pyfer,2026-03-28," Seattle, Washington, USA",http://ufcstats.com/fight-details/08d4e3864c44f8a5,Heavyweight,U-DEC,3,5:00,0,0,Tyrell Fortune,Marcin Tybura,Tyrell Fortune,27-11-0,18-3-0 (2 NC),"Nov 09, 1985","Jul 04, 1990","6' 3""","6' 0""","78""","75""",Orthodox,Orthodox,0,0,47 of 110,30 of 59,42%,50%,0 of 1,3 of 5,0%,60%,11 of 14,6 of 6,0 of 0,6 of 10,0,0,0,0,0:41,5:07,22 of 77,24 of 53,20 of 27,6 of 6,5 of 6,0 of 0,36 of 96,18 of 43,85 of 153,49 of 81
36.0,36.0,36.0,36.0,36.0,,0,UFC Fight Night: Adesanya vs. Pyfer,2026-03-28," Seattle, Washington, USA",http://ufcstats.com/fight-details/1c50e43770ba84fc,Women's Flyweight,"KO/TKO, Punches",1,3:11,0,0,Casey O'Neill,Casey O'Neill,Gabriella Fernandes,11-2-0,11-4-0,"Oct 07, 1997","Aug 13, 1993","5' 6""","5' 6""","69""","66""",Orthodox,Southpaw,1,0,25 of 66,8 of 33,37%,24%,0 of 0,0 of 0,---,---,0 of 0,0 of 0,0 of 0,0 of 0,0,0,0,0,0:00,0:00,16 of 54,3 of 27,3 of 6,3 of 3,6 of 6,2 of 3,25 of 66,8 of 33,25 of 66,8 of 33
37.0,37.0,37.0,37.0,37.0,,0,UFC Fight Night: Adesanya vs. Pyfer,2026-03-28," Seattle, Washington, USA",http://ufcstats.com/fight-details/dbf1ee1a1912c735,Light Heavyweight,"KO/TKO, Punches",2,4:05,0,0,Navajo Stirling,Navajo Stirling,Bruno Lopes,9-0-0,14-3-0,"Nov 07, 1997","Apr 24, 1993","6' 4""","6' 2""","79""","74""",Orthodox,Orthodox,1,0,63 of 119,28 of 63,52%,44%,0 of 0,0 of 8,---,0%,2 of 3,5 of 6,18 of 20,0 of 0,0,0,0,0,1:31,1:00,30 of 74,15 of 42,21 of 27,6 of 9,12 of 18,7 of 12,43 of 96,23 of 57,90 of 157,36 of 71
38.0,38.0,38.0,38.0,38.0,,0,UFC Fight Night: Adesanya vs. Pyfer,2026-03-28," Seattle, Washington, USA",http://ufcstats.com/fight-details/a997593977ba8cad,Bantamweight,M-DEC,3,5:00,0,0,DRAW,Ricky Simon,Adrian Yanez,22-7-1,17-6-1,"Aug 31, 1992","Nov 29, 1993","5' 6""","5' 7""","69""","70""",Orthodox,Orthodox,0,1,44 of 139,71 of 169,31%,42%,2 of 5,0 of 0,40%,---,2 of 2,0 of 0,4 of 5,4 of 13,0,0,0,0,2:06,0:06,33 of 121,63 of 159,7 of 13,6 of 8,4 of 5,2 of 2,38 of 132,67 of 156,52 of 149,73 of 171
39.0,39.0,39.0,39.0,39.0,,0,UFC Fight Night: Adesanya vs. Pyfer,2026-03-28," Seattle, Washington, USA",http://ufcstats.com/fight-details/796e1151896195aa,Women's Strawweight,U-DEC,3,5:00,0,0,Alexia Thainara,Alexia Thainara,Bruna Brasil,14-1-0,11-7-1,"Nov 20, 1995","Sep 07, 1993","5' 4""","5' 6""","67""","65""",Orthodox,Orthodox,0,0,73 of 150,37 of 56,48%,66%,6 of 11,0 of 1,54%,0%,12 of 18,6 of 6,8 of 13,0 of 0,2,0,0,0,9:34,0:00,32 of 91,13 of 29,25 of 37,15 of 17,16 of 22,9 of 10,53 of 119,31 of 50,137 of 227,72 of 94
40.0,40.0,40.0,40.0,,,0,UFC Fight Night: Moicano vs. Duncan,2026-04-04," Las Vegas, Nevada, USA",http://ufcstats.com/fight-details/d69bd8e53ec858dc,Lightweight,"SUB, Rear Naked Choke",2,3:14,0,0,Renato Moicano,Renato Moicano,Chris Duncan,21-7-1,15-3-0,"May 21, 1989","May 10, 1993","5' 11""","5' 10""","72""","71""",Orthodox,Orthodox,0,0,21 of 36,27 of 62,58%,43%,1 of 4,0 of 2,25%,0%,1 of 1,2 of 2,0 of 1,0 of 0,1,0,0,0,3:16,0:01,16 of 31,8 of 39,4 of 4,5 of 7,1 of 1,14 of 16,20 of 34,25 of 60,62 of 84,30 of 66
41.0,41.0,41.0,41.0,,,0,UFC Fight Night: Moicano vs. Duncan,2026-04-04," Las Vegas, Nevada, USA",http://ufcstats.com/fight-details/721642e7de112e9e,Women's Strawweight,U-DEC,3,5:00,0,0,Virna Jandiroba,Virna Jandiroba,Tabatha Ricci,23-4-0,12-4-0,"May 30, 1988","Feb 21, 1995","5' 3""","5' 1""","64""","61""",Orthodox,Orthodox,0,0,26 of 64,37 of 82,40%,45%,6 of 12,1 of 2,50%,50%,1 of 3,4 of 5,1 of 1,0 of 0,0,0,0,1,8:00,1:03,19 of 56,27 of 68,7 of 8,5 of 7,0 of 0,5 of 7,24 of 60,33 of 77,122 of 174,89 of 144
42.0,42.0,42.0,42.0,,,0,UFC Fight Night: Moicano vs. Duncan,2026-04-04," Las Vegas, Nevada, USA",http://ufcstats.com/fight-details/ad487d1c6141d90a,Light Heavyweight,"SUB, Rear Naked Choke",1,2:52,0,0,Abdul Rakhman Yakhyaev,Abdul Rakhman Yakhyaev,Brendson Ribeiro,9-0-0,17-10-0 (1 NC),"Mar 01, 2001","Sep 08, 1996","6' 2""","6' 3""","78""","81""",Orthodox,Orthodox,0,0,7 of 15,8 of 17,46%,47%,2 of 3,0 of 0,66%,---,0 of 0,0 of 0,4 of 4,0 of 0,1,0,0,0,1:56,0:00,6 of 14,5 of 13,1 of 1,1 of 1,0 of 0,2 of 3,3 of 11,8 of 17,23 of 38,8 of 17
43.0,43.0,43.0,43.0,,,0,UFC Fight Night: Moicano vs. Duncan,2026-04-04," Las Vegas, Nevada, USA",http://ufcstats.com/fight-details/fef80c98b2fba70c,Bantamweight,"KO/TKO, Punch",3,1:44,0,0,Ethyn Ewing,Ethyn Ewing,Rafael Estevam,10-2-0,14-1-0,"Feb 19, 1996","Aug 10, 1996","5' 6""","5' 8""","69""","69""",Orthodox,Orthodox,1,0,114 of 197,44 of 185,57%,23%,0 of 0,0 of 8,---,0%,5 of 8,0 of 1,2 of 2,0 of 0,0,0,0,0,0:22,0:00,88 of 168,35 of 165,20 of 21,3 of 5,6 of 8,6 of 15,107 of 187,44 of 184,116 of 200,45 of 186
44.0,44.0,44.0,44.0,,,0,UFC Fight Night: Moicano vs. Duncan,2026-04-04," Las Vegas, Nevada, USA",http://ufcstats.com/fight-details/c27bec45d5a29a2c,Featherweight,"KO/TKO, Knee",1,3:57,0,1,Tommy McMillen,Tommy McMillen,Manolo Zecchini,10-0-0,11-5-0,"Dec 15, 1997","Oct 22, 1996","6' 0""","5' 8""","74""","68""",Orthodox,Orthodox,1,0,74 of 134,20 of 61,55%,32%,0 of 0,0 of 0,---,---,9 of 16,1 of 5,3 of 5,0 of 0,0,0,0,0,0:06,0:15,51 of 98,14 of 48,23 of 36,6 of 12,0 of 0,0 of 1,62 of 113,19 of 56,76 of 138,21 of 64
45.0,45.0,45.0,45.0,,,0,UFC Fight Night: Moicano vs. Duncan,2026-04-04," Las Vegas, Nevada, USA",http://ufcstats.com/fight-details/7924f10aac3543de,Featherweight,U-DEC,3,5:00,0,0,Jose Delano,Jose Delano,Robert Ruchala,17-3-0,11-3-0,"Sep 11, 1996","May 15, 1998","5' 8""","5' 8""","70""","72""",Orthodox,Switch,0,0,107 of 172,67 of 198,62%,33%,0 of 5,0 of 3,0%,0%,23 of 29,7 of 10,0 of 0,0 of 0,0,0,0,0,0:38,1:08,71 of 132,40 of 149,34 of 37,20 of 32,2 of 3,7 of 17,84 of 143,60 of 188,127 of 193,69 of 200
46.0,46.0,46.0,46.0,,,0,UFC Fight Night: Moicano vs. Duncan,2026-04-04," Las Vegas, Nevada, USA",http://ufcstats.com/fight-details/0760bc02280574dd,Heavyweight,M-DEC,3,5:00,0,0,Thomas Petersen,Guilherme Pat,Thomas Petersen,6-1-0,11-4-0,"Apr 20, 1994","Mar 30, 1995","6' 6""","6' 1""","81""","74""",Orthodox,Southpaw,0,1,17 of 31,28 of 41,54%,68%,0 of 0,0 of 5,---,0%,1 of 2,4 of 5,0 of 0,14 of 16,0,0,0,0,0:00,8:36,9 of 22,22 of 33,3 of 3,2 of 4,5 of 6,4 of 4,16 of 29,10 of 20,25 of 42,164 of 199
47.0,47.0,47.0,47.0,,,0,UFC Fight Night: Moicano vs. Duncan,2026-04-04," Las Vegas, Nevada, USA",http://ufcstats.com/fight-details/af2a9d47ca8115e4,Flyweight,"KO/TKO, Punch",2,4:56,1,0,Alessandro Costa,Alessandro Costa,Stewart Nicoll,15-5-0,8-3-0,"Jan 28, 1996","Apr 11, 1996","5' 4""","5' 5""","67""","65""",Orthodox,Orthodox,1,0,43 of 89,47 of 99,48%,47%,2 of 3,0 of 5,66%,0%,1 of 3,0 of 0,1 of 1,0 of 0,0,0,0,0,1:18,0:06,26 of 67,26 of 73,11 of 13,12 of 16,6 of 9,9 of 10,41 of 85,47 of 99,47 of 97,47 of 99
48.0,48.0,48.0,48.0,,,0,UFC Fight Night: Moicano vs. Duncan,2026-04-04," Las Vegas, Nevada, USA",http://ufcstats.com/fight-details/9c9c26679701b84d,Lightweight,"KO/TKO, Punches",2,0:52,0,0,Darrius Flowers,Lando Vannata,Darrius Flowers,12-8-2,13-8-1,"Mar 14, 1992","Aug 25, 1994","5' 9""","5' 9""","71""","71""",Orthodox,Orthodox,0,0,27 of 36,20 of 36,75%,55%,2 of 7,2 of 2,28%,100%,3 of 3,1 of 1,4 of 6,4 of 6,0,1,0,0,2:16,0:23,19 of 25,10 of 26,5 of 8,4 of 4,3 of 3,6 of 6,20 of 27,15 of 29,31 of 42,44 of 69
49.0,49.0,49.0,49.0,,,0,UFC Fight Night: Moicano vs. Duncan,2026-04-04," Las Vegas, Nevada, USA",http://ufcstats.com/fight-details/74bb036ef0493bf7,Women's Bantamweight,"KO/TKO, Knee",2,4:24,1,0,Alice Pereira,Alice Pereira,Hailey Cowan,7-1-0,7-5-0,"Dec 20, 2005","Feb 12, 1992","5' 8""","5' 8""","71""","67""",Orthodox,Southpaw,1,0,32 of 71,31 of 64,45%,48%,0 of 0,2 of 3,---,66%,3 of 5,7 of 8,2 of 2,1 of 3,0,0,0,0,0:03,4:16,21 of 54,17 of 42,10 of 15,10 of 16,1 of 2,4 of 6,27 of 64,23 of 53,86 of 128,56 of 97
50.0,50.0,50.0,50.0,,,0,UFC Fight Night: Moicano vs. Duncan,2026-04-04," Las Vegas, Nevada, USA",http://ufcstats.com/fight-details/e284a194fb4648a9,Middleweight,"SUB, Guillotine Choke",3,3:27,0,0,Tresean Gore,Azamat Bekoev,Tresean Gore,20-5-0,7-4-0,"Dec 30, 1995","Jun 21, 1994","6' 0""","6' 0""","72""","75""",Orthodox,Switch,1,0,70 of 115,78 of 113,60%,69%,2 of 5,2 of 3,40%,66%,11 of 12,9 of 14,10 of 12,7 of 7,0,1,0,0,1:57,4:09,33 of 58,51 of 85,30 of 50,8 of 8,7 of 7,19 of 20,49 of 91,62 of 92,128 of 175,98 of 136
51.0,51.0,51.0,51.0,,,0,UFC Fight Night: Moicano vs. Duncan,2026-04-04," Las Vegas, Nevada, USA",http://ufcstats.com/fight-details/caf13346cbcfdb03,Women's Flyweight,M-DEC,3,5:00,0,0,Dione Barbosa,Dione Barbosa,Melissa Gatto,9-4-0,9-3-2,"May 08, 1992","May 02, 1996","5' 6""","5' 5""","66""","69""",Orthodox,Orthodox,0,0,30 of 67,33 of 67,44%,49%,3 of 6,3 of 12,50%,25%,5 of 7,2 of 4,9 of 11,1 of 1,1,0,1,1,6:06,4:48,19 of 53,14 of 40,9 of 12,9 of 15,2 of 2,10 of 12,16 of 49,30 of 62,108 of 154,64 of 109
52.0,52.0,52.0,52.0,,,0,UFC Fight Night: Moicano vs. Duncan,2026-04-04," Las Vegas, Nevada, USA",http://ufcstats.com/fight-details/a5a749aa0061fdb4,Lightweight,S-DEC,3,5:00,0,0,Kai Kamaka III,Kai Kamaka III,Dakota Hope,18-7-1,11-2-0,"Jan 05, 1995","Jan 29, 1997","5' 7""","5' 6""","69""","68""",Orthodox,,0,1,105 of 159,106 of 258,66%,41%,0 of 1,1 of 3,0%,33%,22 of 28,44 of 57,0 of 0,1 of 4,0,0,0,0,0:23,1:18,44 of 94,62 of 201,47 of 51,43 of 54,14 of 14,1 of 3,83 of 131,61 of 197,144 of 199,155 of 312
53.0,53.0,53.0,,,,1,UFC 327: Prochazka vs. Ulberg,2026-04-11," Miami, Florida, USA",http://ufcstats.com/fight-details/a031f062b7ffefee,Light Heavyweight,"KO/TKO, Punch",1,3:45,1,0,Carlos Ulberg,Jiri Prochazka,Carlos Ulberg,32-6-1,15-1-0,"Oct 14, 1992","Nov 07, 1990","6' 3""","6' 4""","80""","77""",Orthodox,Orthodox,0,1,14 of 20,27 of 42,70%,64%,0 of 0,0 of 0,---,---,0 of 0,0 of 0,0 of 0,11 of 12,0,0,0,0,0:00,0:04,6 of 11,21 of 35,1 of 1,1 of 2,7 of 8,5 of 5,14 of 20,16 of 30,14 of 20,27 of 42
54.0,54.0,54.0,,,,0,UFC 327: Prochazka vs. Ulberg,2026-04-11," Miami, Florida, USA",http://ufcstats.com/fight-details/aade9d76ac6c6aef,Light Heavyweight,"KO/TKO, Kick",3,1:23,0,0,Paulo Costa,Azamat Murzakanov,Paulo Costa,16-1-0,16-4-0,"Apr 12, 1989","Apr 21, 1991","5' 10""","6' 1""","71""","72""",Southpaw,Orthodox,0,1,34 of 70,55 of 80,48%,68%,1 of 2,0 of 1,50%,0%,4 of 5,6 of 7,0 of 0,5 of 7,1,0,0,1,0:20,1:20,26 of 59,27 of 44,8 of 11,16 of 23,0 of 0,12 of 13,30 of 65,44 of 66,34 of 70,61 of 86
55.0,55.0,55.0,,,,0,UFC 327: Prochazka vs. Ulberg,2026-04-11," Miami, Florida, USA",http://ufcstats.com/fight-details/903552edaba48f4a,Heavyweight,U-DEC,3,5:00,1,1,Josh Hokit,Curtis Blaydes,Josh Hokit,19-6-0 (1 NC),9-0-0,"Feb 18, 1991","Nov 12, 1997","6' 4""","6' 1""","80""","73""",Orthodox,Orthodox,0,0,174 of 302,177 of 293,57%,60%,2 of 7,0 of 1,28%,0%,60 of 73,31 of 41,2 of 3,0 of 0,0,0,0,0,2:05,0:31,151 of 276,164 of 278,17 of 19,13 of 15,6 of 7,0 of 0,112 of 226,146 of 252,214 of 345,181 of 298
56.0,56.0,56.0,,,,0,UFC 327: Prochazka vs. Ulberg,2026-04-11," Miami, Florida, USA",http://ufcstats.com/fight-details/c4d060cff018979a,Light Heavyweight,S-DEC,3,5:00,0,0,Dominick Reyes,Dominick Reyes,Johnny Walker,16-5-0,22-10-0 (1 NC),"Dec 26, 1989","Mar 30, 1992","6' 4""","6' 6""","77""","82""",Southpaw,Orthodox,0,0,34 of 73,42 of 80,46%,52%,0 of 0,0 of 1,---,0%,0 of 1,1 of 2,0 of 0,0 of 0,0,0,0,0,0:00,0:10,10 of 35,7 of 31,7 of 17,6 of 11,17 of 21,29 of 38,34 of 72,41 of 78,34 of 73,42 of 80
57.0,57.0,57.0,,,,0,UFC 327: Prochazka vs. Ulberg,2026-04-11," Miami, Florida, USA",http://ufcstats.com/fight-details/60949f33201415ca,Featherweight,"KO/TKO, Punch",1,4:06,0,0,Cub Swanson,Cub Swanson,Nate Landwehr,31-14-0,18-8-0,"Nov 02, 1983","Jun 06, 1988","5' 8""","5' 9""","70""","72""",Orthodox,Orthodox,2,0,37 of 49,15 of 30,75%,50%,0 of 0,0 of 0,---,---,0 of 0,0 of 0,2 of 3,0 of 0,0,0,0,0,0:06,0:00,23 of 33,9 of 22,7 of 7,1 of 1,7 of 9,5 of 7,35 of 46,15 of 30,40 of 52,15 of 30
58.0,58.0,58.0,,,,0,UFC 327: Prochazka vs. Ulberg,2026-04-11," Miami, Florida, USA",http://ufcstats.com/fight-details/10ab34056720b6b4,Featherweight,U-DEC,3,5:00,0,0,Aaron Pico,Patricio Pitbull,Aaron Pico,37-9-0,14-5-0,"Jul 07, 1987","Sep 23, 1996","5' 6""","5' 8""","67""","70""",Orthodox,Orthodox,0,0,49 of 88,100 of 181,55%,55%,0 of 0,6 of 13,---,46%,12 of 12,6 of 9,0 of 0,4 of 6,0,0,0,0,0:00,3:25,28 of 60,79 of 156,14 of 19,11 of 15,7 of 9,10 of 10,37 of 76,90 of 166,49 of 88,104 of 185
59.0,59.0,59.0,,,,0,UFC 327: Prochazka vs. Ulberg,2026-04-11," Miami, Florida, USA",http://ufcstats.com/fight-details/b4e16fb13153efdc,Welterweight,U-DEC,3,5:00,0,0,Kevin Holland,Kevin Holland,Randy Brown,29-15-0 (1 NC),20-8-0,"Nov 05, 1992","Jul 08, 1990","6' 3""","6' 3""","81""","78""",Orthodox,Orthodox,0,0,56 of 91,46 of 95,61%,48%,0 of 3,0 of 4,0%,0%,11 of 15,12 of 17,6 of 8,3 of 3,2,0,0,0,4:05,2:43,24 of 55,25 of 65,10 of 11,14 of 17,22 of 25,7 of 13,39 of 68,31 of 75,137 of 176,67 of 121
60.0,60.0,60.0,,,,0,UFC 327: Prochazka vs. Ulberg,2026-04-11," Miami, Florida, USA",http://ufcstats.com/fight-details/62b5ce408c150fa8,Lightweight,"SUB, Arm Triangle",2,4:19,0,0,Mateusz Gamrot,Mateusz Gamrot,Esteban Ribovics,26-4-0 (1 NC),15-3-0,"Dec 11, 1990","Apr 27, 1996","5' 10""","5' 10""","70""","69""",Southpaw,Orthodox,0,0,18 of 34,4 of 21,52%,19%,4 of 6,0 of 0,66%,---,0 of 0,0 of 0,14 of 16,0 of 0,1,0,0,0,6:50,0:00,15 of 29,2 of 15,3 of 5,0 of 2,0 of 0,2 of 4,4 of 18,4 of 21,38 of 56,16 of 34
61.0,61.0,61.0,,,,0,UFC 327: Prochazka vs. Ulberg,2026-04-11," Miami, Florida, USA",http://ufcstats.com/fight-details/f506977877074aa6,Women's Strawweight,"SUB, Rear Naked Choke",2,2:29,0,0,Tatiana Suarez,Tatiana Suarez,Loopy Godinez,13-1-0,14-6-0,"Dec 19, 1990","Sep 06, 1993","5' 5""","5' 2""","66""","61""",Southpaw,Orthodox,0,0,12 of 26,18 of 25,46%,72%,3 of 3,2 of 2,100%,100%,5 of 5,6 of 6,6 of 7,10 of 13,1,0,0,0,5:12,0:23,4 of 14,16 of 23,8 of 12,1 of 1,0 of 0,1 of 1,1 of 14,2 of 6,56 of 77,25 of 33
62.0,62.0,62.0,,,,0,UFC 327: Prochazka vs. Ulberg,2026-04-11," Miami, Florida, USA",http://ufcstats.com/fight-details/81d20c833e9a76eb,Lightweight,M-DEC,3,5:00,0,0,DRAW,Chris Padilla,MarQuel Mederos,17-6-1,11-1-1,"Sep 14, 1995","Nov 30, 1996","5' 9""","5' 10""","74""","69""",Orthodox,Orthodox,0,0,147 of 271,112 of 180,54%,62%,1 of 4,1 of 6,25%,16%,22 of 28,21 of 25,1 of 1,0 of 0,0,0,0,0,2:09,0:16,71 of 164,81 of 147,30 of 40,12 of 13,46 of 67,19 of 20,124 of 242,91 of 155,164 of 291,117 of 186
63.0,63.0,63.0,,,,0,UFC 327: Prochazka vs. Ulberg,2026-04-11," Miami, Florida, USA",http://ufcstats.com/fight-details/20868a67bea63129,Middleweight,"SUB, Anaconda Choke",1,4:08,0,0,Vicente Luque,Kelvin Gastelum,Vicente Luque,21-11-0 (1 NC),24-12-1,"Oct 24, 1991","Nov 27, 1991","5' 9""","5' 11""","71""","75""",Southpaw,Orthodox,0,1,9 of 20,12 of 28,45%,42%,1 of 1,0 of 0,100%,---,1 of 1,0 of 0,0 of 1,4 of 7,0,1,0,0,1:16,1:04,4 of 14,6 of 19,4 of 5,1 of 1,1 of 1,5 of 8,8 of 18,8 of 21,12 of 23,16 of 34
64.0,64.0,64.0,,,,0,UFC 327: Prochazka vs. Ulberg,2026-04-11," Miami, Florida, USA",http://ufcstats.com/fight-details/5b49c3d36907c6df,Welterweight,U-DEC,3,5:00,0,0,Charles Radtke,Charles Radtke,Francisco Prado,12-5-0,12-5-0,"Jul 09, 1990","Jun 16, 2002","5' 9""","5' 10""","72""","69""",Orthodox,Orthodox,0,0,24 of 47,29 of 66,51%,43%,4 of 5,0 of 0,80%,---,1 of 1,1 of 3,9 of 13,11 of 18,0,2,0,2,9:07,1:50,24 of 46,16 of 46,0 of 1,9 of 12,0 of 0,4 of 8,14 of 33,17 of 45,121 of 164,41 of 79
65.0,65.0,,,,,0,UFC Fight Night: Burns vs. Malott,2026-04-18," Winnipeg, Manitoba, Canada",http://ufcstats.com/fight-details/32054bf2b36b0e47,Welterweight,"KO/TKO, Punches",3,2:08,1,0,Mike Malott,Gilbert Burns,Mike Malott,22-10-0,14-2-1,"Jul 20, 1986","Nov 07, 1991","5' 10""","6' 1""","71""","73""",Orthodox,Orthodox,0,2,40 of 92,56 of 121,43%,46%,0 of 7,0 of 0,0%,---,1 of 3,1 of 4,0 of 0,11 of 14,0,0,0,0,0:01,0:14,16 of 60,51 of 112,10 of 12,3 of 6,14 of 20,2 of 3,39 of 89,44 of 103,42 of 94,56 of 121
66.0,66.0,,,,,0,UFC Fight Night: Burns vs. Malott,2026-04-18," Winnipeg, Manitoba, Canada",http://ufcstats.com/fight-details/b5299e5b946015e5,Bantamweight,U-DEC,3,5:00,0,1,Charles Jourdain,Kyler Phillips,Charles Jourdain,12-5-0,18-8-1,"Jun 12, 1995","Nov 27, 1995","5' 8""","5' 9""","72""","69""",Orthodox,Switch,0,0,36 of 77,58 of 104,46%,55%,7 of 13,1 of 4,53%,25%,0 of 0,17 of 18,2 of 2,0 of 0,0,0,0,1,7:13,0:21,28 of 68,28 of 62,6 of 7,26 of 37,2 of 2,4 of 5,34 of 75,41 of 86,48 of 92,88 of 142
67.0,67.0,,,,,0,UFC Fight Night: Burns vs. Malott,2026-04-18," Winnipeg, Manitoba, Canada",http://ufcstats.com/fight-details/e644218737c1a778,Lightweight,"KO/TKO, Punches",1,2:05,0,0,Jai Herbert,Mandel Nallo,Jai Herbert,14-4-0 (1 NC),14-6-1,"Jul 26, 1989","May 13, 1988","6' 0""","6' 1""","75""","77""",Orthodox,Orthodox,1,2,16 of 31,19 of 28,51%,67%,0 of 0,0 of 0,---,---,1 of 1,0 of 1,0 of 0,12 of 13,0,0,0,0,0:10,0:27,13 of 28,18 of 27,1 of 1,0 of 0,2 of 2,1 of 1,15 of 30,7 of 14,16 of 31,30 of 43
68.0,68.0,,,,,0,UFC Fight Night: Burns vs. Malott,2026-04-18," Winnipeg, Manitoba, Canada",http://ufcstats.com/fight-details/5a209522211d7530,Women's Flyweight,U-DEC,3,5:00,0,0,Jasmine Jasudavicius,Jasmine Jasudavicius,Karine Silva,15-4-0,19-7-0,"Mar 01, 1989","Dec 02, 1993","5' 7""","5' 5""","68""","67""",Orthodox,Orthodox,0,0,18 of 76,15 of 43,23%,34%,3 of 5,0 of 0,60%,---,1 of 2,1 of 1,0 of 0,0 of 0,0,2,0,0,8:09,0:00,11 of 65,5 of 30,5 of 9,1 of 3,2 of 2,9 of 10,17 of 74,14 of 42,72 of 138,88 of 127
69.0,69.0,,,,,0,UFC Fight Night: Burns vs. Malott,2026-04-18," Winnipeg, Manitoba, Canada",http://ufcstats.com/fight-details/a661c0bee7c8d5af,Lightweight,S-DEC,3,5:00,0,0,Gauge Young,Thiago Moises,Gauge Young,19-10-0,11-3-0,"Mar 23, 1995","Jul 14, 2000","5' 9""","5' 9""","70""","70""",Orthodox,Orthodox,0,1,45 of 101,122 of 226,44%,53%,2 of 15,0 of 0,13%,---,2 of 3,2 of 2,1 of 1,6 of 13,0,0,0,1,2:33,1:07,34 of 81,62 of 157,1 of 3,27 of 34,10 of 17,33 of 35,42 of 97,114 of 211,46 of 103,131 of 237
70.0,70.0,,,,,0,UFC Fight Night: Burns vs. Malott,2026-04-18," Winnipeg, Manitoba, Canada",http://ufcstats.com/fight-details/678440bd8274a18e,Featherweight,"KO/TKO, Punch",1,1:20,1,0,Marcio Barbosa,Dennis Buzukja,Marcio Barbosa,12-6-0,18-2-0,"Oct 01, 1997","May 22, 1998","5' 9""","5' 6""","70""","70""",Switch,Orthodox,0,1,5 of 13,4 of 8,38%,50%,0 of 0,0 of 0,---,---,0 of 0,0 of 0,0 of 0,0 of 0,0,0,0,0,0:00,0:00,0 of 6,4 of 8,2 of 4,0 of 0,3 of 3,0 of 0,5 of 13,4 of 8,5 of 13,4 of 8
71.0,71.0,,,,,0,UFC Fight Night: Burns vs. Malott,2026-04-18," Winnipeg, Manitoba, Canada",http://ufcstats.com/fight-details/9fab4b0ad082f670,Middleweight,"SUB, Rear Naked Choke",1,2:22,0,0,Robert Valentin,Julien Leblanc,Robert Valentin,10-3-0,12-6-0 (1 NC),"Jan 21, 1992","Mar 31, 1995","6' 2""","6' 2""","74""","77""",Southpaw,Orthodox,0,0,4 of 6,7 of 13,66%,53%,0 of 0,1 of 1,---,100%,0 of 0,0 of 0,0 of 0,0 of 0,0,1,0,0,0:00,1:42,1 of 3,1 of 7,2 of 2,2 of 2,1 of 1,4 of 4,4 of 6,7 of 13,4 of 6,14 of 20
72.0,72.0,,,,,0,UFC Fight Night: Burns vs. Malott,2026-04-18," Winnipeg, Manitoba, Canada",http://ufcstats.com/fight-details/85c7a0f44aa3e10a,Heavyweight,"KO/TKO, Punch",2,4:43,0,0,Gokhan Saricam,Tanner Boser,Gokhan Saricam,22-11-1,12-2-0,"Aug 02, 1991","Feb 28, 1991","6' 2""","6' 3""","75""","75""",Orthodox,Orthodox,0,1,60 of 97,57 of 121,61%,47%,0 of 1,0 of 4,0%,0%,13 of 14,10 of 13,0 of 1,8 of 9,0,0,0,0,1:30,1:20,30 of 64,40 of 101,9 of 12,8 of 10,21 of 21,9 of 10,47 of 82,39 of 99,77 of 117,79 of 145
73.0,73.0,,,,,0,UFC Fight Night: Burns vs. Malott,2026-04-18," Winnipeg, Manitoba, Canada",http://ufcstats.com/fight-details/bae4de7ef8c0769e,Women's Bantamweight,U-DEC,3,5:00,0,0,Melissa Croden,Melissa Croden,Daria Zhelezniakova,8-3-0,10-3-0,"Apr 12, 1991","Jan 23, 1996","5' 9""","5' 9""","68""","68""",Orthodox,Orthodox,0,0,69 of 153,41 of 118,45%,34%,4 of 8,0 of 0,50%,---,17 of 25,6 of 12,9 of 13,0 of 0,1,0,0,0,5:12,0:00,51 of 121,30 of 100,12 of 24,7 of 14,6 of 8,4 of 4,43 of 115,35 of 106,92 of 185,81 of 163
74.0,74.0,,,,,0,UFC Fight Night: Burns vs. Malott,2026-04-18," Winnipeg, Manitoba, Canada",http://ufcstats.com/fight-details/0b6c13ab8ad7f82b,Women's Flyweight,U-DEC,3,5:00,0,0,JJ Aldrich,JJ Aldrich,Jamey-Lyn Horth,15-7-0,9-3-0,"Sep 29, 1992","Mar 30, 1990","5' 5""","5' 7""","67""","66""",Southpaw,Orthodox,0,0,50 of 149,70 of 230,33%,30%,0 of 2,0 of 0,0%,---,0 of 0,0 of 0,0 of 0,0 of 0,0,0,0,0,0:44,0:00,35 of 127,28 of 158,5 of 8,25 of 48,10 of 14,17 of 24,50 of 149,70 of 230,52 of 154,73 of 233
75.0,75.0,,,,,0,UFC Fight Night: Burns vs. Malott,2026-04-18," Winnipeg, Manitoba, Canada",http://ufcstats.com/fight-details/552f7cdaf93e1055,Catch Weight,M-DEC,3,5:00,0,0,DRAW,John Castaneda,Mark Vologdin,21-8-1,12-4-2,"Dec 18, 1991","Apr 18, 2000","5' 6""","5' 3""","71""","65""",Switch,Orthodox,0,0,135 of 253,91 of 217,53%,41%,0 of 0,1 of 6,---,16%,10 of 18,7 of 15,1 of 2,0 of 0,0,0,0,0,1:15,0:31,79 of 181,53 of 165,19 of 31,26 of 34,37 of 41,12 of 18,124 of 233,84 of 202,160 of 279,96 of 222
76.0,76.0,,,,,0,UFC Fight Night: Burns vs. Malott,2026-04-18," Winnipeg, Manitoba, Canada",http://ufcstats.com/fight-details/32087c183dffcae0,Bantamweight,"KO/TKO, Elbows",1,2:43,0,0,John Yannis,Jamie Siraj,John Yannis,14-4-0,10-4-0,"Jun 28, 1994","Jul 07, 1994","5' 7""","5' 7""","66""","70""",Orthodox,Southpaw,0,1,6 of 24,21 of 34,25%,61%,0 of 2,0 of 0,0%,---,0 of 0,0 of 0,0 of 0,5 of 7,0,0,0,0,0:00,0:09,4 of 17,12 of 24,2 of 5,8 of 8,0 of 2,1 of 2,6 of 24,16 of 27,6 of 24,21 of 34
77.0,,,,,,0,UFC Fight Night: Sterling vs. Zalal,2026-04-25," Las Vegas, Nevada, USA",http://ufcstats.com/fight-details/f524e42c36028de0,Featherweight,U-DEC,5,5:00,0,0,Aljamain Sterling,Aljamain Sterling,Youssef Zalal,26-5-0,18-6-1,"Jul 31, 1989","Sep 04, 1996","5' 7""","5' 10""","71""","72""",Orthodox,Switch,0,0,46 of 89,35 of 65,51%,53%,6 of 11,0 of 0,54%,---,15 of 22,3 of 3,6 of 8,0 of 0,1,1,0,0,13:49,3:59,25 of 56,25 of 51,12 of 16,6 of 7,9 of 17,4 of 7,25 of 59,32 of 62,220 of 293,61 of 97
78.0,,,,,,0,UFC Fight Night: Sterling vs. Zalal,2026-04-25," Las Vegas, Nevada, USA",http://ufcstats.com/fight-details/cb745968bd16bf56,Women's Bantamweight,U-DEC,3,5:00,0,0,Joselyne Edwards,Norma Dumont,Joselyne Edwards,13-3-0,18-6-0,"Oct 01, 1990","Sep 29, 1995","5' 7""","5' 8""","67""","70""",Orthodox,Orthodox,0,0,51 of 100,70 of 152,51%,46%,0 of 1,0 of 3,0%,0%,7 of 7,1 of 1,0 of 0,1 of 1,0,0,0,1,2:09,2:21,20 of 54,20 of 63,16 of 22,32 of 51,15 of 24,18 of 38,44 of 93,68 of 150,66 of 117,121 of 207
79.0,,,,,,0,UFC Fight Night: Sterling vs. Zalal,2026-04-25," Las Vegas, Nevada, USA",http://ufcstats.com/fight-details/84951374e4cdc679,Lightweight,U-DEC,3,5:00,0,0,Rafa Garcia,Rafa Garcia,Alexander Hernandez,19-4-0,18-9-0,"Aug 05, 1994","Oct 01, 1992","5' 7""","5' 9""","70""","72""",Orthodox,Orthodox,0,0,59 of 169,50 of 145,34%,34%,4 of 7,0 of 1,57%,0%,2 of 3,0 of 0,0 of 1,0 of 0,0,0,0,0,1:50,0:00,52 of 161,40 of 126,1 of 2,9 of 14,6 of 6,1 of 5,57 of 165,50 of 145,79 of 194,54 of 149
80.0,,,,,,0,UFC Fight Night: Sterling vs. Zalal,2026-04-25," Las Vegas, Nevada, USA",http://ufcstats.com/fight-details/f5aff2f858311fbc,Bantamweight,U-DEC,3,5:00,0,1,Davey Grant,Davey Grant,Adrian Luna Martinetti,18-8-0,17-2-0,"Dec 18, 1985","Aug 20, 1995","5' 8""","5' 8""","69""","71""",Orthodox,Orthodox,0,0,162 of 307,99 of 196,52%,50%,0 of 1,1 of 5,0%,20%,14 of 18,8 of 13,0 of 0,0 of 0,0,0,0,0,0:02,0:43,56 of 183,48 of 136,45 of 59,37 of 43,61 of 65,14 of 17,148 of 289,91 of 183,164 of 309,100 of 199
81.0,,,,,,0,UFC Fight Night: Sterling vs. Zalal,2026-04-25," Las Vegas, Nevada, USA",http://ufcstats.com/fight-details/348de8e364ecf041,Bantamweight,S-DEC,3,5:00,0,0,Raoni Barcelos,Montel Jackson,Raoni Barcelos,15-4-0,22-5-0,"Apr 24, 1992","May 01, 1987","5' 10""","5' 7""","75""","67""",Southpaw,Orthodox,1,0,35 of 66,21 of 38,53%,55%,0 of 0,6 of 18,---,33%,3 of 5,7 of 7,6 of 8,1 of 1,0,2,0,0,0:23,7:45,26 of 57,7 of 18,8 of 8,8 of 11,1 of 1,6 of 9,26 of 53,13 of 30,72 of 104,33 of 51
82.0,,,,,,0,UFC Fight Night: Sterling vs. Zalal,2026-04-25," Las Vegas, Nevada, USA",http://ufcstats.com/fight-details/7e551ddb1494a45f,Heavyweight,"KO/TKO, Punch",2,2:10,1,0,Ryan Spann,Marcus Buchecha,Ryan Spann,5-3-1,24-11-0,"Jan 08, 1990","Aug 24, 1991","6' 2""","6' 5""","77""","79""",Orthodox,Orthodox,0,1,8 of 13,15 of 27,61%,55%,1 of 7,0 of 0,14%,---,0 of 0,0 of 0,1 of 1,7 of 10,1,0,0,0,1:09,2:56,4 of 8,11 of 22,1 of 1,3 of 4,3 of 4,1 of 1,7 of 12,8 of 17,8 of 13,20 of 35
83.0,,,,,,0,UFC Fight Night: Sterling vs. Zalal,2026-04-25," Las Vegas, Nevada, USA",http://ufcstats.com/fight-details/67f24cf244134661,Middleweight,U-DEC,3,5:00,0,0,Eric McConico,Rodolfo Vieira,Eric McConico,11-5-0,11-4-1,"Sep 25, 1989","May 09, 1990","6' 0""","6' 0""","73""","77""",Orthodox,Southpaw,1,0,40 of 70,54 of 102,57%,52%,4 of 15,2 of 2,26%,100%,5 of 6,5 of 7,0 of 0,0 of 0,1,0,0,0,6:24,0:51,15 of 43,42 of 87,11 of 11,8 of 11,14 of 16,4 of 4,35 of 64,49 of 95,58 of 93,73 of 123
84.0,,,,,,0,UFC Fight Night: Sterling vs. Zalal,2026-04-25," Las Vegas, Nevada, USA",http://ufcstats.com/fight-details/ef1cd6371a3f18e0,Middleweight,"SUB, D'Arce Choke",1,2:14,1,0,Jackson McVey,Jackson McVey,Sedriques Dumas,7-2-0,10-5-0 (1 NC),"Mar 25, 1999","Aug 06, 1995","6' 4""","6' 2""","77""","79""",Southpaw,Orthodox,1,0,21 of 29,3 of 4,72%,75%,0 of 0,0 of 0,---,---,5 of 7,2 of 3,14 of 18,0 of 0,1,0,0,0,2:03,0:02,16 of 22,0 of 0,5 of 7,2 of 3,0 of 0,1 of 1,2 of 4,1 of 1,38 of 50,9 of 11
85.0,,,,,,0,UFC Fight Night: Sterling vs. Zalal,2026-04-25," Las Vegas, Nevada, USA",http://ufcstats.com/fight-details/dcfd594b68ff5ae1,Women's Bantamweight,U-DEC,3,5:00,0,0,Michelle Montague,Mayra Bueno Silva,Michelle Montague,10-7-1 (1 NC),8-0-0,"Aug 22, 1991","Nov 25, 1993","5' 6""","5' 9""","66""","68""",Orthodox,Southpaw,0,0,26 of 45,42 of 83,57%,50%,0 of 0,2 of 6,---,33%,3 of 6,0 of 1,1 of 1,21 of 24,1,0,1,2,1:39,10:14,11 of 27,41 of 80,10 of 12,1 of 3,5 of 6,0 of 0,22 of 38,21 of 58,34 of 53,108 of 161
86.0,,,,,,0,UFC Fight Night: Sterling vs. Zalal,2026-04-25," Las Vegas, Nevada, USA",http://ufcstats.com/fight-details/d421f3cd158fd055,Bantamweight,U-DEC,3,5:00,0,0,Cody Durden,Jafel Filho,Cody Durden,17-5-0,18-10-1,"May 05, 1993","Mar 29, 1991","5' 7""","5' 7""","68""","67""",Orthodox,Southpaw,0,0,23 of 63,34 of 72,36%,47%,2 of 3,5 of 5,66%,100%,7 of 9,3 of 4,0 of 0,7 of 7,0,1,1,0,3:08,5:14,10 of 44,21 of 54,7 of 13,4 of 6,6 of 6,9 of 12,16 of 54,24 of 61,50 of 93,91 of 136
87.0,,,,,,0,UFC Fight Night: Sterling vs. Zalal,2026-04-25," Las Vegas, Nevada, USA",http://ufcstats.com/fight-details/c7fb90f1355291e4,Lightweight,U-DEC,3,5:00,0,0,Francis Marshall,Francis Marshall,Lucas Brennan,10-3-0,11-3-0,"Mar 03, 1999","Jun 03, 2000","5' 9""","5' 10""","72""","72""",Orthodox,Southpaw,0,0,33 of 69,9 of 36,47%,25%,2 of 3,0 of 6,66%,0%,4 of 4,0 of 1,1 of 1,0 of 0,0,1,0,0,6:36,0:47,26 of 59,4 of 23,3 of 6,2 of 10,4 of 4,3 of 3,28 of 64,9 of 35,60 of 99,20 of 48
88.0,,,,,,0,UFC Fight Night: Sterling vs. Zalal,2026-04-25," Las Vegas, Nevada, USA",http://ufcstats.com/fight-details/2e7f8d0ad385876d,Welterweight,U-DEC,3,5:00,0,0,Victor Valenzuela,Max Griffin,Victor Valenzuela,20-13-0,14-4-0,"Nov 29, 1985","Feb 09, 1994","5' 11""","5' 9""","76""","71""",Orthodox,Orthodox,0,0,40 of 89,53 of 117,44%,45%,4 of 9,1 of 2,44%,50%,3 of 4,3 of 6,0 of 1,0 of 0,0,0,0,0,1:03,0:36,36 of 83,33 of 91,1 of 2,15 of 19,3 of 4,5 of 7,37 of 84,50 of 111,43 of 94,53 of 117
89.0,,,,,,0,UFC Fight Night: Sterling vs. Zalal,2026-04-25," Las Vegas, Nevada, USA",http://ufcstats.com/fight-details/0df4f4ac27cf2d26,Women's Strawweight,U-DEC,3,5:00,0,0,Talita Alencar,Talita Alencar,Julia Polastri,8-1-1,14-6-0,"Oct 17, 1990","Mar 05, 1998","5' 1""","5' 2""","58""","63""",Orthodox,Orthodox,0,0,60 of 195,78 of 111,30%,70%,3 of 5,0 of 0,60%,---,1 of 1,6 of 8,5 of 6,0 of 0,0,0,0,0,2:27,0:04,34 of 151,48 of 78,19 of 35,12 of 14,7 of 9,18 of 19,54 of 188,72 of 103,80 of 216,87 of 125
,,,,,,0,UFC Fight Night: Della Maddalena vs. Prates,2026-05-02," Perth, Western Australia, Australia",http://ufcstats.com/fight-details/eb6d9fef6c374830,Welterweight,"KO/TKO, Elbows",3,3:17,1,0,Carlos Prates,Jack Della Maddalena,Carlos Prates,18-4-0,24-7-0,"Sep 10, 1996","Aug 17, 1993","5' 11""","6' 1""","73""","78""",Switch,Switch,0,3,41 of 76,104 of 193,53%,53%,2 of 5,0 of 0,40%,---,0 of 0,1 of 1,0 of 0,14 of 21,0,0,0,0,1:13,0:42,25 of 52,79 of 164,8 of 15,11 of 14,8 of 9,14 of 15,41 of 76,89 of 171,53 of 90,104 of 193
,,,,,,0,UFC Fight Night: Della Maddalena vs. Prates,2026-05-02," Perth, Western Australia, Australia",http://ufcstats.com/fight-details/5c7c38dece435cde,Lightweight,"KO/TKO, Punches",1,3:29,1,0,Quillan Salkilld,Beneil Dariush,Quillan Salkilld,23-8-1,12-1-0,"May 06, 1989","Dec 28, 1999","5' 10""","6' 0""","72""","75""",Southpaw,Orthodox,0,1,3 of 9,12 of 19,33%,63%,2 of 5,0 of 2,40%,0%,0 of 2,2 of 3,0 of 0,3 of 3,0,0,0,0,2:32,0:20,2 of 7,11 of 18,0 of 1,1 of 1,1 of 1,0 of 0,3 of 7,7 of 13,4 of 10,15 of 24
,,,,,,0,UFC Fight Night: Della Maddalena vs. Prates,2026-05-02," Perth, Western Australia, Australia",http://ufcstats.com/fight-details/afec383a96893ec5,Flyweight,U-DEC,3,5:00,0,0,Steve Erceg,Tim Elliott,Steve Erceg,22-14-1,14-4-0,"Dec 24, 1986","Jul 27, 1995","5' 7""","5' 8""","66""","68""",Southpaw,Orthodox,0,0,90 of 261,136 of 254,34%,53%,2 of 11,1 of 3,18%,33%,3 of 6,7 of 9,0 of 0,0 of 0,0,0,0,0,0:34,0:29,44 of 191,122 of 236,11 of 27,14 of 18,35 of 43,0 of 0,87 of 255,129 of 245,93 of 265,136 of 254
,,,,,,0,UFC Fight Night: Della Maddalena vs. Prates,2026-05-02," Perth, Western Australia, Australia",http://ufcstats.com/fight-details/cfc884a249141cba,Featherweight,"KO/TKO, Punch",1,2:47,0,0,Marwan Rahiki,Marwan Rahiki,Ollie Schmid,9-0-0,4-3-0,"May 10, 2002","Dec 28, 2000","5' 8""","6' 0""","72""","71""",Orthodox,Orthodox,1,0,22 of 40,9 of 30,55%,30%,0 of 0,0 of 0,---,---,0 of 0,0 of 0,3 of 4,0 of 0,0,0,0,0,0:04,0:00,14 of 25,0 of 15,2 of 7,3 of 6,6 of 8,6 of 9,19 of 36,9 of 30,22 of 40,9 of 30
,,,,,,0,UFC Fight Night: Della Maddalena vs. Prates,2026-05-02," Perth, Western Australia, Australia",http://ufcstats.com/fight-details/a564219e7a964aa6,Heavyweight,"KO/TKO, Punch",2,3:44,0,1,Brando Pericic,Shamil Gaziev,Brando Pericic,14-3-0,7-1-0,"Feb 10, 1990","Aug 03, 1994","6' 4""","6' 5""","78""","79""",Orthodox,Orthodox,0,1,41 of 100,89 of 163,41%,54%,1 of 2,0 of 0,50%,---,7 of 8,8 of 13,0 of 0,0 of 0,0,0,0,0,3:36,0:00,30 of 88,62 of 134,11 of 12,14 of 16,0 of 0,13 of 13,34 of 92,81 of 150,51 of 110,100 of 177
,,,,,,0,UFC Fight Night: Della Maddalena vs. Prates,2026-05-02," Perth, Western Australia, Australia",http://ufcstats.com/fight-details/2afaa97901d5587c,Heavyweight,U-DEC,3,5:00,0,0,Louie Sutherland,Tai Tuivasa,Louie Sutherland,15-10-0,11-5-0,"Mar 16, 1993","Feb 08, 1994","6' 2""","6' 3""","75""","76""",Southpaw,Orthodox,0,0,13 of 22,21 of 25,59%,84%,0 of 0,5 of 11,---,45%,5 of 5,4 of 5,6 of 8,10 of 11,0,0,0,2,0:42,11:45,12 of 21,15 of 18,0 of 0,0 of 0,1 of 1,6 of 7,2 of 9,7 of 9,27 of 37,111 of 130
,,,,,,0,UFC Fight Night: Della Maddalena vs. Prates,2026-05-02," Perth, Western Australia, Australia",http://ufcstats.com/fight-details/46181797eb543a0b,Middleweight,U-DEC,3,5:00,0,0,Cam Rowston,Cam Rowston,Robert Bryczek,15-3-0,18-7-0,"Jan 19, 1995","Jul 04, 1990","6' 3""","6' 0""","78""","75""",Orthodox,Orthodox,0,0,79 of 150,17 of 37,52%,45%,3 of 7,0 of 0,42%,---,2 of 2,0 of 0,45 of 66,0 of 0,0,1,0,0,10:10,0:05,69 of 137,5 of 22,6 of 9,8 of 10,4 of 4,4 of 5,32 of 82,17 of 37,125 of 217,39 of 65
,,,,,,0,UFC Fight Night: Della Maddalena vs. Prates,2026-05-02," Perth, Western Australia, Australia",http://ufcstats.com/fight-details/1cb0711cd49dd95e,Light Heavyweight,"KO/TKO, Elbows",1,2:42,0,0,Junior Tafa,Junior Tafa,Kevin Christian,7-5-0,9-4-0,"Sep 21, 1996","Jan 21, 1995","6' 3""","6' 7""","75""","80""",Orthodox,Orthodox,0,0,21 of 31,13 of 21,67%,61%,0 of 0,0 of 2,---,0%,1 of 2,0 of 0,10 of 10,0 of 0,0,0,0,0,0:09,0:00,20 of 30,2 of 7,0 of 0,2 of 3,1 of 1,9 of 11,10 of 19,13 of 21,22 of 32,13 of 21
,,,,,,0,UFC Fight Night: Della Maddalena vs. Prates,2026-05-02," Perth, Western Australia, Australia",http://ufcstats.com/fight-details/edff38661bf2866b,Middleweight,U-DEC,3,5:00,0,0,Jacob Malkoun,Jacob Malkoun,Gerald Meerschaert,10-3-0,37-22-0,"Aug 26, 1995","Dec 18, 1987","5' 9""","6' 1""","73""","77""",Orthodox,Southpaw,0,0,36 of 82,32 of 76,43%,42%,3 of 3,0 of 3,100%,0%,0 of 0,0 of 1,0 of 1,1 of 1,0,3,0,2,2:17,4:23,30 of 74,23 of 66,6 of 8,6 of 7,0 of 0,3 of 3,36 of 81,31 of 74,54 of 103,53 of 100
,,,,,,0,UFC Fight Night: Della Maddalena vs. Prates,2026-05-02," Perth, Western Australia, Australia",http://ufcstats.com/fight-details/00bde62cac38e5e9,Bantamweight,U-DEC,3,5:00,0,0,Colby Thicknesse,Colby Thicknesse,Vince Morales,9-1-0,16-11-0,"Jun 23, 1999","Nov 12, 1990","5' 7""","5' 7""","69""","70""",Orthodox,Orthodox,0,0,46 of 117,48 of 121,39%,39%,0 of 6,2 of 2,0%,100%,3 of 5,5 of 8,0 of 0,1 of 1,4,0,1,1,3:01,3:34,15 of 73,37 of 103,21 of 32,9 of 15,10 of 12,2 of 3,43 of 112,42 of 112,57 of 132,56 of 134
,,,,,,0,UFC Fight Night: Della Maddalena vs. Prates,2026-05-02," Perth, Western Australia, Australia",http://ufcstats.com/fight-details/827c64369b374989,Middleweight,"SUB, Guillotine Choke",3,1:50,0,0,Wes Schultz,Ben Johnston,Wes Schultz,5-2-0,9-3-0,"Oct 11, 1990","Aug 09, 1996","6' 4""","6' 1""","76""","77""",Orthodox,Orthodox,0,1,12 of 16,12 of 17,75%,70%,2 of 2,0 of 3,100%,0%,2 of 2,6 of 6,10 of 11,0 of 0,0,5,1,1,9:16,1:37,11 of 15,6 of 11,1 of 1,6 of 6,0 of 0,0 of 0,0 of 3,6 of 11,38 of 44,22 of 32
,,,,,,0,UFC Fight Night: Della Maddalena vs. Prates,2026-05-02," Perth, Western Australia, Australia",http://ufcstats.com/fight-details/7ac4ae301ed699ab,Welterweight,S-DEC,3,5:00,0,0,Jonathan Micallef,Jonathan Micallef,Themba Gorimbo,10-1-0,14-7-0,"Mar 05, 1999","Jan 23, 1991","6' 0""","6' 1""","77""","77""",Southpaw,Orthodox,0,0,55 of 112,39 of 90,49%,43%,1 of 4,2 of 5,25%,40%,7 of 9,2 of 4,2 of 4,3 of 3,0,0,1,0,3:26,5:25,39 of 94,22 of 70,13 of 15,3 of 6,3 of 3,14 of 14,46 of 99,34 of 83,83 of 147,74 of 132
,,,,,,0,UFC Fight Night: Della Maddalena vs. Prates,2026-05-02," Perth, Western Australia, Australia",http://ufcstats.com/fight-details/610a640a0cd81ce5,Lightweight,"SUB, Heel Hook",1,3:56,0,0,Kody Steele,Dom Mar Fan,Kody Steele,9-3-0,8-1-0,"Mar 19, 2000","Apr 21, 1995","5' 11""","5' 9""","75""","71""",Orthodox,Orthodox,0,0,1 of 2,1 of 1,50%,100%,0 of 0,1 of 1,---,100%,0 of 0,0 of 0,0 of 0,0 of 0,0,1,1,0,0:28,1:44,0 of 0,1 of 1,0 of 1,0 of 0,1 of 1,0 of 0,1 of 2,1 of 1,3 of 5,19 of 25
,,,,,,1,UFC 328: Chimaev vs. Strickland,2026-05-09," Newark, New Jersey, USA",http://ufcstats.com/fight-details/70f1621080b3435c,Middleweight,S-DEC,5,5:00,0,0,Sean Strickland,Khamzat Chimaev,Sean Strickland,15-1-0,31-7-0,"May 01, 1994","Feb 27, 1991","6' 2""","6' 1""","75""","76""",Orthodox,Orthodox,0,0,98 of 240,123 of 312,40%,39%,9 of 13,0 of 1,69%,0%,2 of 3,1 of 1,0 of 0,3 of 5,0,0,0,0,7:16,3:01,52 of 163,118 of 302,35 of 65,5 of 10,11 of 12,0 of 0,96 of 237,119 of 306,137 of 283,160 of 355
,,,,,,1,UFC 328: Chimaev vs. Strickland,2026-05-09," Newark, New Jersey, USA",http://ufcstats.com/fight-details/c85b530861145935,Flyweight,"KO/TKO, Punches",5,1:32,0,1,Joshua Van,Joshua Van,Tatsuro Taira,17-2-0,18-2-0,"Oct 10, 2001","Jan 27, 2000","5' 5""","5' 7""","65""","70""",Orthodox,Orthodox,2,0,131 of 209,55 of 151,62%,36%,1 of 2,8 of 21,50%,38%,9 of 10,4 of 7,18 of 26,8 of 13,2,0,0,0,1:21,10:38,118 of 195,45 of 131,12 of 12,3 of 10,1 of 2,7 of 10,104 of 173,43 of 131,190 of 269,100 of 199
,,,,,,0,UFC 328: Chimaev vs. Strickland,2026-05-09," Newark, New Jersey, USA",http://ufcstats.com/fight-details/22ba4f1b0aafbf82,Heavyweight,U-DEC,3,5:00,0,0,Alexander Volkov,Alexander Volkov,Waldo Cortes Acosta,40-11-0,17-3-0,"Oct 24, 1988","Oct 03, 1991","6' 7""","6' 4""","80""","78""",Orthodox,Orthodox,0,0,88 of 143,54 of 130,61%,41%,0 of 1,0 of 1,0%,0%,0 of 0,1 of 1,0 of 0,0 of 0,0,0,0,0,0:03,0:01,22 of 70,30 of 91,23 of 29,6 of 13,43 of 44,18 of 26,88 of 143,53 of 129,88 of 143,54 of 130
,,,,,,0,UFC 328: Chimaev vs. Strickland,2026-05-09," Newark, New Jersey, USA",http://ufcstats.com/fight-details/845b8653f9cf839c,Welterweight,U-DEC,3,5:00,0,0,Sean Brady,Sean Brady,Joaquin Buckley,19-2-0,21-8-0,"Nov 23, 1992","Apr 27, 1994","5' 10""","5' 10""","72""","76""",Orthodox,Southpaw,0,0,77 of 180,5 of 31,42%,16%,4 of 10,0 of 0,40%,---,0 of 0,0 of 0,71 of 165,0 of 0,0,0,0,0,12:09,0:00,76 of 179,2 of 27,0 of 0,2 of 3,1 of 1,1 of 1,6 of 15,5 of 31,245 of 416,21 of 53
,,,,,,0,UFC 328: Chimaev vs. Strickland,2026-05-09," Newark, New Jersey, USA",http://ufcstats.com/fight-details/1158a27a1a04b971,Lightweight,"SUB, Rear Naked Choke",1,4:20,0,0,King Green,King Green,Jeremy Stephens,35-17-1 (1 NC),29-23-0 (1 NC),"Sep 09, 1986","May 25, 1986","5' 10""","5' 9""","71""","71""",Orthodox,Orthodox,0,0,57 of 87,5 of 13,65%,38%,1 of 1,0 of 0,100%,---,0 of 0,1 of 1,35 of 46,0 of 0,1,1,0,0,1:34,0:07,44 of 69,3 of 10,9 of 14,0 of 1,4 of 4,2 of 2,22 of 41,4 of 12,64 of 95,7 of 15
,,,,,,0,UFC 328: Chimaev vs. Strickland,2026-05-09," Newark, New Jersey, USA",http://ufcstats.com/fight-details/770c5302e32916ea,Middleweight,"KO/TKO, Punch",2,1:10,0,0,Ateba Gautier,Ateba Gautier,Ozzy Diaz,11-1-0,10-4-0,"Apr 10, 2002","Nov 22, 1990","6' 4""","6' 4""","81""","79""",Switch,Orthodox,1,0,23 of 82,6 of 20,28%,30%,0 of 0,0 of 3,---,0%,1 of 1,0 of 0,2 of 2,0 of 0,0,0,0,0,0:00,1:03,15 of 69,5 of 18,6 of 11,1 of 2,2 of 2,0 of 0,20 of 79,6 of 20,27 of 86,8 of 22
,,,,,,0,UFC 328: Chimaev vs. Strickland,2026-05-09," Newark, New Jersey, USA",http://ufcstats.com/fight-details/f88dc6e0c29cff1d,Welterweight,"SUB, Arm Triangle",2,1:13,1,0,Yaroslav Amosov,Joel Alvarez,Yaroslav Amosov,23-4-0,30-1-0,"Mar 02, 1993","Sep 09, 1993","6' 3""","6' 0""","77""","75""",Orthodox,Orthodox,0,0,8 of 22,16 of 28,36%,57%,0 of 0,6 of 11,---,54%,0 of 0,5 of 6,0 of 0,2 of 2,0,1,0,0,0:00,3:52,7 of 20,11 of 20,1 of 2,1 of 2,0 of 0,4 of 6,8 of 22,9 of 20,9 of 23,22 of 34
,,,,,,0,UFC 328: Chimaev vs. Strickland,2026-05-09," Newark, New Jersey, USA",http://ufcstats.com/fight-details/ffcb47e17eebe6a6,Lightweight,"SUB, Rear Naked Choke",3,4:42,0,0,Grant Dawson,Grant Dawson,Mateusz Rebecki,24-3-1,20-5-0,"Feb 20, 1994","Oct 03, 1992","5' 10""","5' 7""","72""","66""",Switch,Southpaw,0,1,35 of 94,33 of 64,37%,51%,1 of 3,1 of 5,33%,20%,6 of 7,4 of 4,5 of 6,2 of 10,4,0,0,1,7:08,2:22,19 of 67,27 of 56,14 of 23,1 of 2,2 of 4,5 of 6,24 of 81,27 of 50,71 of 136,49 of 81
,,,,,,0,UFC 328: Chimaev vs. Strickland,2026-05-09," Newark, New Jersey, USA",http://ufcstats.com/fight-details/e50857173607d631,Lightweight,"SUB, Guillotine Choke",1,3:29,1,0,Jim Miller,Jim Miller,Jared Gordon,39-19-0 (1 NC),21-9-0 (1 NC),"Aug 30, 1983","Sep 06, 1988","5' 8""","5' 9""","71""","68""",Southpaw,Orthodox,0,0,9 of 17,7 of 16,52%,43%,0 of 0,2 of 2,---,100%,0 of 0,0 of 1,0 of 0,0 of 0,1,0,0,0,0:00,0:44,5 of 13,4 of 11,3 of 3,2 of 3,1 of 1,1 of 2,9 of 17,7 of 15,10 of 18,8 of 17
,,,,,,0,UFC 328: Chimaev vs. Strickland,2026-05-09," Newark, New Jersey, USA",http://ufcstats.com/fight-details/9d35723a53749931,Middleweight,U-DEC,3,5:00,0,0,Roman Kopylov,Roman Kopylov,Marco Tulio,15-5-0,14-3-0,"May 04, 1992","Jun 13, 1994","6' 0""","6' 0""","75""","74""",Southpaw,Orthodox,3,0,61 of 124,62 of 160,49%,38%,1 of 1,0 of 0,100%,---,4 of 5,0 of 1,11 of 17,0 of 0,0,0,0,0,2:34,0:00,46 of 97,28 of 105,12 of 17,18 of 34,3 of 10,16 of 21,46 of 102,62 of 159,69 of 132,80 of 178
,,,,,,0,UFC 328: Chimaev vs. Strickland,2026-05-09," Newark, New Jersey, USA",http://ufcstats.com/fight-details/303018d7459323b4,Featherweight,U-DEC,3,5:00,0,0,Pat Sabatini,Pat Sabatini,William Gomis,22-5-0,15-4-0,"Nov 09, 1990","Jun 13, 1997","5' 8""","6' 0""","70""","73""",Orthodox,Southpaw,0,0,25 of 70,23 of 64,35%,35%,3 of 20,0 of 0,15%,---,7 of 13,10 of 15,0 of 0,0 of 0,0,0,0,0,11:12,0:00,7 of 44,12 of 50,6 of 10,8 of 10,12 of 16,3 of 4,18 of 57,13 of 49,78 of 125,54 of 98
,,,,,,0,UFC 328: Chimaev vs. Strickland,2026-05-09," Newark, New Jersey, USA",http://ufcstats.com/fight-details/1f5d0b106385b2ac,Middleweight,"SUB, Rear Naked Choke",3,4:12,0,0,Baisangur Susurkaev,Baisangur Susurkaev,Djorden Santos,12-0-0,11-3-0,"Jan 08, 2001","Aug 01, 1997","6' 2""","6' 0""","79""","75""",Orthodox,Orthodox,0,0,107 of 213,78 of 211,50%,36%,1 of 5,0 of 1,20%,0%,2 of 2,8 of 10,7 of 9,0 of 0,1,0,0,0,2:16,0:21,56 of 143,69 of 198,31 of 48,5 of 8,20 of 22,4 of 5,98 of 202,70 of 201,136 of 242,89 of 222
,,,,,,0,UFC 328: Chimaev vs. Strickland,2026-05-09," Newark, New Jersey, USA",http://ufcstats.com/fight-details/e92d89cb2d69235e,Flyweight,U-DEC,3,5:00,0,0,Jose Ochoa,Clayton Carpenter,Jose Ochoa,8-3-0,9-2-0 (1 NC),"Jun 09, 1996","Dec 31, 2000","5' 6""","5' 7""","66""","67""",Orthodox,Southpaw,0,1,68 of 153,153 of 269,44%,56%,1 of 7,0 of 2,14%,0%,6 of 8,8 of 11,1 of 2,5 of 10,0,0,0,0,1:07,1:09,24 of 82,79 of 174,25 of 49,45 of 64,19 of 22,29 of 31,61 of 143,140 of 248,70 of 155,180 of 296
,,,,,,0,UFC Fight Night: Allen vs. Costa,2026-05-16," Las Vegas, Nevada, USA",http://ufcstats.com/fight-details/e4aa608124896794,Featherweight,U-DEC,5,5:00,0,0,Arnold Allen,Arnold Allen,Melquizael Costa,21-4-0,26-8-0,"Jan 22, 1994","Sep 14, 1996","5' 8""","5' 10""","70""","71""",Southpaw,Southpaw,1,0,98 of 152,100 of 254,64%,39%,7 of 7,0 of 4,100%,0%,0 of 2,0 of 1,19 of 19,3 of 4,0,0,0,0,9:28,1:45,81 of 134,47 of 173,6 of 7,20 of 42,11 of 11,33 of 39,79 of 131,97 of 249,156 of 222,118 of 280
,,,,,,0,UFC Fight Night: Allen vs. Costa,2026-05-16," Las Vegas, Nevada, USA",http://ufcstats.com/fight-details/fc1266e2892ed111,Featherweight,"KO/TKO, Punch",2,4:29,0,1,Dooho Choi,Dooho Choi,Daniel Santos,17-4-1,14-3-0,"Apr 10, 1991","Mar 12, 1995","5' 10""","5' 7""","70""","67""",Orthodox,Orthodox,1,0,72 of 138,72 of 182,52%,39%,0 of 0,0 of 6,---,0%,3 of 3,8 of 10,2 of 2,0 of 0,0,0,0,0,0:11,0:54,56 of 122,54 of 156,13 of 13,15 of 22,3 of 3,3 of 4,67 of 133,64 of 172,79 of 145,74 of 186
,,,,,,0,UFC Fight Night: Allen vs. Costa,2026-05-16," Las Vegas, Nevada, USA",http://ufcstats.com/fight-details/ecb7ff543dd41bf8,Bantamweight,"SUB, Rear Naked Choke",2,4:08,1,0,Juan Diaz,Malcolm Wellmaker,Juan Diaz,10-2-0,16-1-1,"Jun 04, 1994","Jun 03, 1998","5' 10""","5' 8""","71""","69""",Switch,Orthodox,0,0,15 of 33,13 of 25,45%,52%,0 of 0,5 of 8,---,62%,1 of 1,2 of 3,0 of 0,1 of 1,0,1,0,0,0:00,3:48,3 of 11,3 of 9,9 of 18,3 of 3,3 of 4,7 of 13,14 of 32,10 of 21,15 of 34,18 of 32
,,,,,,0,UFC Fight Night: Allen vs. Costa,2026-05-16," Las Vegas, Nevada, USA",http://ufcstats.com/fight-details/57bd683efc797fc1,Catch Weight,S-DEC,3,5:00,0,0,Modestas Bukauskas,Modestas Bukauskas,Christian Edwards,20-7-0,8-5-0,"Feb 10, 1994","Nov 05, 1998","6' 3""","6' 5""","76""","78""",Switch,Southpaw,0,0,36 of 80,36 of 71,45%,50%,0 of 0,0 of 4,---,0%,6 of 6,9 of 10,0 of 0,0 of 0,0,0,0,0,2:15,4:22,21 of 64,13 of 41,10 of 11,17 of 20,5 of 5,6 of 10,30 of 74,27 of 61,52 of 99,51 of 89
,,,,,,0,UFC Fight Night: Allen vs. Costa,2026-05-16," Las Vegas, Nevada, USA",http://ufcstats.com/fight-details/a6ec8573a9d38c51,Bantamweight,"SUB, Rear Naked Choke",2,2:25,0,0,Benardo Sopaj,Timmy Cuamba,Benardo Sopaj,10-4-0,13-3-0,"Feb 08, 1999","Sep 25, 2000","5' 9""","5' 6""","71""","66""",Orthodox,Orthodox,0,1,29 of 80,37 of 56,36%,66%,0 of 0,1 of 3,---,33%,0 of 0,0 of 0,0 of 0,23 of 24,0,2,0,0,0:11,1:54,12 of 54,34 of 53,9 of 13,0 of 0,8 of 13,3 of 3,29 of 80,14 of 32,29 of 80,66 of 92
,,,,,,0,UFC Fight Night: Allen vs. Costa,2026-05-16," Las Vegas, Nevada, USA",http://ufcstats.com/fight-details/ec32745308e2b055,Welterweight,"KO/TKO, Punches",1,3:31,0,0,Khaos Williams,Nikolay Veretennikov,Khaos Williams,14-8-0,16-5-0,"Dec 22, 1989","Mar 30, 1994","6' 1""","6' 0""","74""","77""",Orthodox,Orthodox,0,1,13 of 25,21 of 56,52%,37%,0 of 0,0 of 0,---,---,1 of 2,1 of 4,0 of 0,0 of 0,0,0,0,0,0:00,0:54,8 of 19,9 of 35,3 of 4,7 of 9,2 of 2,5 of 12,12 of 23,20 of 52,20 of 33,36 of 73
,,,,,,0,UFC Fight Night: Allen vs. Costa,2026-05-16," Las Vegas, Nevada, USA",http://ufcstats.com/fight-details/6242cda790f2085d,Light Heavyweight,U-DEC,3,5:00,0,0,Ivan Erslan,Tuco Tokkos,Ivan Erslan,11-6-0,15-6-0 (1 NC),"Jun 30, 1990","Nov 15, 1991","6' 4""","6' 2""","76""","72""",Orthodox,Orthodox,0,0,54 of 123,37 of 66,43%,56%,0 of 6,2 of 3,0%,66%,2 of 3,4 of 6,0 of 0,5 of 8,1,0,0,0,1:09,8:31,40 of 100,35 of 64,8 of 16,2 of 2,6 of 7,0 of 0,52 of 120,28 of 52,57 of 126,118 of 166
,,,,,,0,UFC Fight Night: Allen vs. Costa,2026-05-16," Las Vegas, Nevada, USA",http://ufcstats.com/fight-details/c9e0aa88afb81dab,Lightweight,"KO/TKO, Punches",2,2:51,0,0,Tommy Gantt,Tommy Gantt,Artur Minev,12-0-0 (1 NC),7-1-0,"Jan 09, 1993","Sep 27, 2003","5' 11""","5' 9""","76""","69""",Orthodox,Orthodox,0,0,28 of 38,8 of 13,73%,61%,6 of 17,0 of 1,35%,0%,10 of 12,5 of 6,15 of 16,0 of 0,0,0,0,0,5:15,0:53,19 of 27,2 of 7,9 of 11,5 of 5,0 of 0,1 of 1,3 of 10,3 of 7,72 of 84,28 of 33
,,,,,,0,UFC Fight Night: Allen vs. Costa,2026-05-16," Las Vegas, Nevada, USA",http://ufcstats.com/fight-details/5f7111b982bcf6e3,Women's Bantamweight,U-DEC,3,5:00,0,0,Ketlen Vieira,Ketlen Vieira,Jacqueline Cavalcanti,16-5-0,10-2-0,"Aug 26, 1991","Aug 29, 1997","5' 8""","5' 8""","68""","70""",Orthodox,Orthodox,0,0,30 of 92,53 of 110,32%,48%,1 of 4,0 of 0,25%,---,0 of 0,0 of 0,1 of 2,0 of 0,0,0,0,0,4:42,0:00,27 of 86,15 of 62,2 of 5,16 of 25,1 of 1,22 of 23,29 of 90,53 of 110,66 of 158,72 of 130
,,,,,,0,UFC Fight Night: Allen vs. Costa,2026-05-16," Las Vegas, Nevada, USA",http://ufcstats.com/fight-details/48cb604345f11766,Middleweight,"KO/TKO, Punches",2,0:44,0,0,Cody Brundage,Cody Brundage,Andre Petroski,12-9-1 (1 NC),13-6-0,"May 16, 1994","Jun 12, 1991","6' 0""","6' 0""","72""","73""",Orthodox,Switch,1,0,43 of 60,8 of 17,71%,47%,0 of 0,1 of 1,---,100%,0 of 0,0 of 0,35 of 48,1 of 1,0,0,0,0,0:34,1:56,40 of 55,2 of 7,2 of 2,1 of 4,1 of 3,5 of 6,8 of 12,7 of 16,44 of 62,21 of 30
,,,,,,0,UFC Fight Night: Allen vs. Costa,2026-05-16," Las Vegas, Nevada, USA",http://ufcstats.com/fight-details/b98ead4eff6bf872,Women's Strawweight,"SUB, Calf Slicer",2,4:36,1,0,Alice Ardelean,Alice Ardelean,Polyana Viana,12-7-0,13-9-0,"Apr 19, 1992","Jun 14, 1992","5' 3""","5' 5""","62""","67""",Orthodox,Orthodox,0,0,46 of 94,34 of 75,48%,45%,1 of 1,0 of 0,100%,---,1 of 1,5 of 9,0 of 0,0 of 0,1,0,0,0,4:05,0:13,22 of 61,9 of 44,10 of 17,13 of 19,14 of 16,12 of 12,45 of 93,29 of 66,80 of 139,80 of 137
,,,,,,0,UFC Fight Night: Allen vs. Costa,2026-05-16," Las Vegas, Nevada, USA",http://ufcstats.com/fight-details/b482d4452e4d0eee,Flyweight,U-DEC,3,5:00,0,0,Luis Gurule,Daniel Barez,Luis Gurule,17-8-0,11-3-0,"Dec 10, 1988","Nov 16, 1993","5' 6""","5' 5""","66""","64""",Orthodox,Orthodox,0,0,113 of 246,149 of 299,45%,49%,1 of 3,1 of 5,33%,20%,5 of 5,16 of 21,0 of 0,0 of 0,0,1,0,1,0:48,2:26,79 of 208,129 of 273,20 of 22,8 of 13,14 of 16,12 of 13,108 of 241,133 of 278,117 of 252,178 of 335
,,,,,,0,UFC Fight Night: Allen vs. Costa,2026-05-16," Las Vegas, Nevada, USA",http://ufcstats.com/fight-details/39417b7d07c2fd83,Women's Strawweight,"SUB, Arm Triangle",3,3:08,0,0,Nicolle Caliari,Shauna Bannon,Nicolle Caliari,7-3-0,9-4-0,"Oct 23, 1993","Nov 04, 1996","5' 5""","5' 3""","65""","62""",Switch,Orthodox,0,0,29 of 49,20 of 38,59%,52%,0 of 1,4 of 9,0%,44%,1 of 2,2 of 2,9 of 9,10 of 10,0,1,0,0,1:50,9:18,16 of 31,18 of 35,9 of 11,2 of 3,4 of 7,0 of 0,19 of 38,8 of 26,158 of 183,50 of 68
,,,,,,0,UFC Fight Night: Allen vs. Costa,2026-05-16," Las Vegas, Nevada, USA",http://ufcstats.com/fight-details/e4aa608124896794,Featherweight,U-DEC,5,5:00,0,0,Arnold Allen,Arnold Allen,Melquizael Costa,21-4-0,26-8-0,"Jan 22, 1994","Sep 14, 1996","5' 8""","5' 10""","70""","71""",Southpaw,Southpaw,1,0,98 of 152,100 of 254,64%,39%,7 of 7,0 of 4,100%,0%,0 of 2,0 of 1,19 of 19,3 of 4,0,0,0,0,9:28,1:45,81 of 134,47 of 173,6 of 7,20 of 42,11 of 11,33 of 39,79 of 131,97 of 249,156 of 222,118 of 280
,,,,,,0,UFC Fight Night: Allen vs. Costa,2026-05-16," Las Vegas, Nevada, USA",http://ufcstats.com/fight-details/fc1266e2892ed111,Featherweight,"KO/TKO, Punch",2,4:29,0,1,Dooho Choi,Dooho Choi,Daniel Santos,17-4-1,14-3-0,"Apr 10, 1991","Mar 12, 1995","5' 10""","5' 7""","70""","67""",Orthodox,Orthodox,1,0,72 of 138,72 of 182,52%,39%,0 of 0,0 of 6,---,0%,3 of 3,8 of 10,2 of 2,0 of 0,0,0,0,0,0:11,0:54,56 of 122,54 of 156,13 of 13,15 of 22,3 of 3,3 of 4,67 of 133,64 of 172,79 of 145,74 of 186
,,,,,,0,UFC Fight Night: Allen vs. Costa,2026-05-16," Las Vegas, Nevada, USA",http://ufcstats.com/fight-details/ecb7ff543dd41bf8,Bantamweight,"SUB, Rear Naked Choke",2,4:08,1,0,Juan Diaz,Malcolm Wellmaker,Juan Diaz,10-2-0,16-1-1,"Jun 04, 1994","Jun 03, 1998","5' 10""","5' 8""","71""","69""",Switch,Orthodox,0,0,15 of 33,13 of 25,45%,52%,0 of 0,5 of 8,---,62%,1 of 1,2 of 3,0 of 0,1 of 1,0,1,0,0,0:00,3:48,3 of 11,3 of 9,9 of 18,3 of 3,3 of 4,7 of 13,14 of 32,10 of 21,15 of 34,18 of 32
,,,,,,0,UFC Fight Night: Allen vs. Costa,2026-05-16," Las Vegas, Nevada, USA",http://ufcstats.com/fight-details/57bd683efc797fc1,Catch Weight,S-DEC,3,5:00,0,0,Modestas Bukauskas,Modestas Bukauskas,Christian Edwards,20-7-0,8-5-0,"Feb 10, 1994","Nov 05, 1998","6' 3""","6' 5""","76""","78""",Switch,Southpaw,0,0,36 of 80,36 of 71,45%,50%,0 of 0,0 of 4,---,0%,6 of 6,9 of 10,0 of 0,0 of 0,0,0,0,0,2:15,4:22,21 of 64,13 of 41,10 of 11,17 of 20,5 of 5,6 of 10,30 of 74,27 of 61,52 of 99,51 of 89
,,,,,,0,UFC Fight Night: Allen vs. Costa,2026-05-16," Las Vegas, Nevada, USA",http://ufcstats.com/fight-details/a6ec8573a9d38c51,Bantamweight,"SUB, Rear Naked Choke",2,2:25,0,0,Benardo Sopaj,Timmy Cuamba,Benardo Sopaj,10-4-0,13-3-0,"Feb 08, 1999","Sep 25, 2000","5' 9""","5' 6""","71""","66""",Orthodox,Orthodox,0,1,29 of 80,37 of 56,36%,66%,0 of 0,1 of 3,---,33%,0 of 0,0 of 0,0 of 0,23 of 24,0,2,0,0,0:11,1:54,12 of 54,34 of 53,9 of 13,0 of 0,8 of 13,3 of 3,29 of 80,14 of 32,29 of 80,66 of 92
,,,,,,0,UFC Fight Night: Allen vs. Costa,2026-05-16," Las Vegas, Nevada, USA",http://ufcstats.com/fight-details/ec32745308e2b055,Welterweight,"KO/TKO, Punches",1,3:31,0,0,Khaos Williams,Nikolay Veretennikov,Khaos Williams,14-8-0,16-5-0,"Dec 22, 1989","Mar 30, 1994","6' 1""","6' 0""","74""","77""",Orthodox,Orthodox,0,1,13 of 25,21 of 56,52%,37%,0 of 0,0 of 0,---,---,1 of 2,1 of 4,0 of 0,0 of 0,0,0,0,0,0:00,0:54,8 of 19,9 of 35,3 of 4,7 of 9,2 of 2,5 of 12,12 of 23,20 of 52,20 of 33,36 of 73
,,,,,,0,UFC Fight Night: Allen vs. Costa,2026-05-16," Las Vegas, Nevada, USA",http://ufcstats.com/fight-details/6242cda790f2085d,Light Heavyweight,U-DEC,3,5:00,0,0,Ivan Erslan,Tuco Tokkos,Ivan Erslan,11-6-0,15-6-0 (1 NC),"Jun 30, 1990","Nov 15, 1991","6' 4""","6' 2""","76""","72""",Orthodox,Orthodox,0,0,54 of 123,37 of 66,43%,56%,0 of 6,2 of 3,0%,66%,2 of 3,4 of 6,0 of 0,5 of 8,1,0,0,0,1:09,8:31,40 of 100,35 of 64,8 of 16,2 of 2,6 of 7,0 of 0,52 of 120,28 of 52,57 of 126,118 of 166
,,,,,,0,UFC Fight Night: Allen vs. Costa,2026-05-16," Las Vegas, Nevada, USA",http://ufcstats.com/fight-details/c9e0aa88afb81dab,Lightweight,"KO/TKO, Punches",2,2:51,0,0,Tommy Gantt,Tommy Gantt,Artur Minev,12-0-0 (1 NC),7-1-0,"Jan 09, 1993","Sep 27, 2003","5' 11""","5' 9""","76""","69""",Orthodox,Orthodox,0,0,28 of 38,8 of 13,73%,61%,6 of 17,0 of 1,35%,0%,10 of 12,5 of 6,15 of 16,0 of 0,0,0,0,0,5:15,0:53,19 of 27,2 of 7,9 of 11,5 of 5,0 of 0,1 of 1,3 of 10,3 of 7,72 of 84,28 of 33
,,,,,,0,UFC Fight Night: Allen vs. Costa,2026-05-16," Las Vegas, Nevada, USA",http://ufcstats.com/fight-details/5f7111b982bcf6e3,Women's Bantamweight,U-DEC,3,5:00,0,0,Ketlen Vieira,Ketlen Vieira,Jacqueline Cavalcanti,16-5-0,10-2-0,"Aug 26, 1991","Aug 29, 1997","5' 8""","5' 8""","68""","70""",Orthodox,Orthodox,0,0,30 of 92,53 of 110,32%,48%,1 of 4,0 of 0,25%,---,0 of 0,0 of 0,1 of 2,0 of 0,0,0,0,0,4:42,0:00,27 of 86,15 of 62,2 of 5,16 of 25,1 of 1,22 of 23,29 of 90,53 of 110,66 of 158,72 of 130
,,,,,,0,UFC Fight Night: Allen vs. Costa,2026-05-16," Las Vegas, Nevada, USA",http://ufcstats.com/fight-details/48cb604345f11766,Middleweight,"KO/TKO, Punches",2,0:44,0,0,Cody Brundage,Cody Brundage,Andre Petroski,12-9-1 (1 NC),13-6-0,"May 16, 1994","Jun 12, 1991","6' 0""","6' 0""","72""","73""",Orthodox,Switch,1,0,43 of 60,8 of 17,71%,47%,0 of 0,1 of 1,---,100%,0 of 0,0 of 0,35 of 48,1 of 1,0,0,0,0,0:34,1:56,40 of 55,2 of 7,2 of 2,1 of 4,1 of 3,5 of 6,8 of 12,7 of 16,44 of 62,21 of 30
,,,,,,0,UFC Fight Night: Allen vs. Costa,2026-05-16," Las Vegas, Nevada, USA",http://ufcstats.com/fight-details/b98ead4eff6bf872,Women's Strawweight,"SUB, Calf Slicer",2,4:36,1,0,Alice Ardelean,Alice Ardelean,Polyana Viana,12-7-0,13-9-0,"Apr 19, 1992","Jun 14, 1992","5' 3""","5' 5""","62""","67""",Orthodox,Orthodox,0,0,46 of 94,34 of 75,48%,45%,1 of 1,0 of 0,100%,---,1 of 1,5 of 9,0 of 0,0 of 0,1,0,0,0,4:05,0:13,22 of 61,9 of 44,10 of 17,13 of 19,14 of 16,12 of 12,45 of 93,29 of 66,80 of 139,80 of 137
,,,,,,0,UFC Fight Night: Allen vs. Costa,2026-05-16," Las Vegas, Nevada, USA",http://ufcstats.com/fight-details/b482d4452e4d0eee,Flyweight,U-DEC,3,5:00,0,0,Luis Gurule,Daniel Barez,Luis Gurule,17-8-0,11-3-0,"Dec 10, 1988","Nov 16, 1993","5' 6""","5' 5""","66""","64""",Orthodox,Orthodox,0,0,113 of 246,149 of 299,45%,49%,1 of 3,1 of 5,33%,20%,5 of 5,16 of 21,0 of 0,0 of 0,0,1,0,1,0:48,2:26,79 of 208,129 of 273,20 of 22,8 of 13,14 of 16,12 of 13,108 of 241,133 of 278,117 of 252,178 of 335
,,,,,,0,UFC Fight Night: Allen vs. Costa,2026-05-16," Las Vegas, Nevada, USA",http://ufcstats.com/fight-details/39417b7d07c2fd83,Women's Strawweight,"SUB, Arm Triangle",3,3:08,0,0,Nicolle Caliari,Shauna Bannon,Nicolle Caliari,7-3-0,9-4-0,"Oct 23, 1993","Nov 04, 1996","5' 5""","5' 3""","65""","62""",Switch,Orthodox,0,0,29 of 49,20 of 38,59%,52%,0 of 1,4 of 9,0%,44%,1 of 2,2 of 2,9 of 9,10 of 10,0,1,0,0,1:50,9:18,16 of 31,18 of 35,9 of 11,2 of 3,4 of 7,0 of 0,19 of 38,8 of 26,158 of 183,50 of 68
,,,,,,0,UFC Fight Night: Song vs. Figueiredo,2026-05-30," Macau, China",http://ufcstats.com/fight-details/423f32dd018ac218,Bantamweight,"SUB, Guillotine Choke",2,4:42,1,0,Song Yadong,Song Yadong,Deiveson Figueiredo,23-9-1 (1 NC),25-7-1,"Dec 02, 1997","Dec 18, 1987","5' 8""","5' 5""","67""","68""",Orthodox,Orthodox,0,0,24 of 52,9 of 17,46%,52%,1 of 1,1 of 4,100%,25%,1 of 2,0 of 0,0 of 0,0 of 0,1,0,0,0,0:03,0:35,6 of 29,2 of 8,4 of 7,5 of 7,14 of 16,2 of 2,23 of 50,9 of 17,30 of 58,17 of 26
,,,,,,0,UFC Fight Night: Song vs. Figueiredo,2026-05-30," Macau, China",http://ufcstats.com/fight-details/a23d84f15207e459,Light Heavyweight,"KO/TKO, Punch",1,4:15,0,1,Alonzo Menifield,Zhang Mingyang,Alonzo Menifield,19-8-0,18-6-1,"Aug 16, 1998","Oct 18, 1987","6' 2""","6' 0""","75""","76""",Orthodox,Orthodox,0,2,16 of 37,28 of 52,43%,53%,0 of 0,0 of 0,---,---,9 of 10,2 of 5,0 of 0,3 of 3,0,0,0,0,0:43,1:47,2 of 21,26 of 50,13 of 15,0 of 0,1 of 1,2 of 2,7 of 27,23 of 44,28 of 51,42 of 68
,,,,,,0,UFC Fight Night: Song vs. Figueiredo,2026-05-30," Macau, China",http://ufcstats.com/fight-details/f74e4afdf6ae29d1,Heavyweight,"KO/TKO, Punch",1,0:39,0,0,Sergei Pavlovich,Sergei Pavlovich,Tallison Teixeira,21-3-0,9-2-0,"May 13, 1992","Dec 07, 1999","6' 3""","6' 7""","84""","83""",Southpaw,Orthodox,1,0,7 of 9,0 of 4,77%,0%,0 of 0,0 of 0,---,---,0 of 0,0 of 0,1 of 2,0 of 0,0,0,0,0,0:05,0:00,7 of 9,0 of 2,0 of 0,0 of 0,0 of 0,0 of 2,6 of 7,0 of 4,10 of 13,0 of 4
,,,,,,0,UFC Fight Night: Song vs. Figueiredo,2026-05-30," Macau, China",http://ufcstats.com/fight-details/00959e29e4a10e26,Bantamweight,"KO/TKO, Punch",1,1:50,1,0,Kai Asakura,Kai Asakura,Cameron Smotherman,22-6-0,12-7-0,"Oct 31, 1993","Sep 17, 1997","5' 8""","5' 9""","69""","69""",Orthodox,Orthodox,1,0,9 of 21,3 of 7,42%,42%,0 of 0,0 of 0,---,---,0 of 0,0 of 0,1 of 3,0 of 0,0,0,0,0,0:03,0:00,6 of 17,3 of 6,2 of 2,0 of 1,1 of 2,0 of 0,8 of 18,3 of 7,9 of 21,3 of 7
,,,,,,0,UFC Fight Night: Song vs. Figueiredo,2026-05-30," Macau, China",http://ufcstats.com/fight-details/c1c9dfd0c0952f18,Welterweight,U-DEC,3,5:00,0,0,Jake Matthews,Jake Matthews,Carlston Harris,23-8-0,19-8-0,"Aug 19, 1994","Jul 09, 1987","5' 11""","6' 0""","73""","76""",Orthodox,Orthodox,1,0,55 of 96,27 of 75,57%,36%,0 of 0,0 of 3,---,0%,0 of 0,0 of 0,6 of 7,0 of 0,0,0,0,1,9:30,0:27,46 of 87,12 of 57,9 of 9,11 of 13,0 of 0,4 of 5,49 of 89,27 of 75,109 of 173,40 of 88
,,,,,,0,UFC Fight Night: Song vs. Figueiredo,2026-05-30," Macau, China",http://ufcstats.com/fight-details/7e8749cbf32ef1f8,Flyweight,CNC,2,1:45,0,0,NC,Alex Perez,Sumudaerji,26-10-0 (1 NC),19-7-0 (1 NC),"Mar 21, 1992","Jan 20, 1996","5' 6""","5' 8""","65""","72""",Orthodox,Southpaw,0,1,9 of 45,26 of 53,20%,49%,0 of 2,1 of 2,0%,50%,1 of 3,1 of 1,0 of 0,5 of 7,1,0,0,0,0:32,1:11,4 of 29,15 of 38,3 of 11,5 of 9,2 of 5,6 of 6,8 of 42,20 of 45,22 of 58,31 of 58
,,,,,,0,UFC Fight Night: Song vs. Figueiredo,2026-05-30," Macau, China",http://ufcstats.com/fight-details/f6d09973de0f83e7,Middleweight,"KO/TKO, Punch",1,3:40,0,0,Luis Felipe Dias,YiSak Lee,Luis Felipe Dias,8-2-0,18-5-0,"Jan 01, 2000","Jan 17, 1995","6' 0""","5' 10""","72""","74""",Orthodox,,0,1,10 of 25,21 of 40,40%,52%,0 of 0,0 of 0,---,---,0 of 0,0 of 0,0 of 0,3 of 4,0,0,0,0,0:00,0:03,3 of 15,14 of 31,1 of 2,3 of 4,6 of 8,4 of 5,10 of 25,18 of 36,10 of 25,21 of 40
,,,,,,0,UFC Fight Night: Song vs. Figueiredo,2026-05-30," Macau, China",http://ufcstats.com/fight-details/bc0b3c16246e0d1d,Welterweight,S-DEC,3,5:00,0,0,Jose Souza,Ding Meng,Jose Souza,35-10-0,9-1-0,"Sep 27, 1994","May 23, 2002","6' 2""","6' 3""","73""","79""",Orthodox,Orthodox,0,0,63 of 146,72 of 153,43%,47%,0 of 0,0 of 0,---,---,1 of 1,1 of 2,0 of 0,0 of 0,0,0,0,0,0:00,0:00,13 of 74,61 of 135,8 of 21,7 of 14,42 of 51,4 of 4,62 of 145,71 of 151,63 of 146,72 of 153
,,,,,,0,UFC Fight Night: Song vs. Figueiredo,2026-05-30," Macau, China",http://ufcstats.com/fight-details/3bc0190fb17ba42f,Bantamweight,"KO/TKO, Knee",2,2:11,0,0,Cody Haddon,Aoriqileng,Cody Haddon,26-13-0 (1 NC),9-1-0,"Jun 25, 1993","Sep 08, 1998","5' 7""","5' 7""","69""","69""",Orthodox,Orthodox,0,1,6 of 11,57 of 70,54%,81%,0 of 0,2 of 6,---,33%,0 of 0,4 of 4,0 of 2,45 of 49,1,0,0,0,0:00,5:30,4 of 9,46 of 59,2 of 2,10 of 10,0 of 0,1 of 1,6 of 9,8 of 17,12 of 17,84 of 105
,,,,,,0,UFC Fight Night: Song vs. Figueiredo,2026-05-30," Macau, China",http://ufcstats.com/fight-details/224dce2c0b03e7eb,Bantamweight,"SUB, Rear Naked Choke",1,3:19,0,0,Rei Tsuruya,Rei Tsuruya,Luis Gurule,11-1-0,11-4-0,"Jun 22, 2002","Nov 16, 1993","5' 6""","5' 5""","68""","64""",Orthodox,Orthodox,0,0,17 of 27,1 of 2,62%,50%,1 of 3,0 of 0,33%,---,0 of 0,0 of 0,14 of 19,0 of 0,1,0,0,0,2:17,0:00,17 of 26,0 of 0,0 of 1,0 of 1,0 of 0,1 of 1,3 of 8,1 of 2,20 of 30,1 of 2
,,,,,,0,UFC Fight Night: Song vs. Figueiredo,2026-05-30," Macau, China",http://ufcstats.com/fight-details/3f719885c9916e06,Women's Strawweight,U-DEC,3,5:00,0,0,Angela Hill,Angela Hill,Xiong Jingnan,19-16-0,19-3-0,"Jan 12, 1985","Jan 12, 1988","5' 3""","5' 4""","64""","63""",Orthodox,Switch,0,0,122 of 197,68 of 198,61%,34%,1 of 4,0 of 0,25%,---,28 of 35,10 of 18,0 of 0,0 of 0,1,0,0,0,2:06,0:07,77 of 145,33 of 146,43 of 50,21 of 34,2 of 2,14 of 18,94 of 162,58 of 180,136 of 212,91 of 224
,,,,,,0,UFC Fight Night: Song vs. Figueiredo,2026-05-30," Macau, China",http://ufcstats.com/fight-details/34d5ec676fb5bce3,Featherweight,"KO/TKO, Punches",1,1:50,0,0,Rodrigo Vera,Zhu Kangjie,Rodrigo Vera,21-5-0 (1 NC),22-1-1,"Jan 16, 1996","Oct 18, 1995","5' 6""","5' 8""","70""","68""",Orthodox,Orthodox,0,1,7 of 14,17 of 29,50%,58%,0 of 0,1 of 1,---,100%,0 of 0,1 of 2,0 of 0,9 of 11,0,0,0,0,0:00,0:41,2 of 8,13 of 20,2 of 2,1 of 1,3 of 4,3 of 8,7 of 14,7 of 16,12 of 19,25 of 38
,,,,,,0,UFC Fight Night: Song vs. Figueiredo,2026-05-30," Macau, China",http://ufcstats.com/fight-details/370ff29489150560,Women's Strawweight,"SUB, Armbar",1,4:04,0,0,Jaqueline Amorim,Loma Lookboonmee,Jaqueline Amorim,10-5-0,11-2-0,"Jan 18, 1996","Jun 24, 1995","5' 1""","5' 3""","61""","68""",Orthodox,Orthodox,0,0,3 of 7,0 of 7,42%,0%,0 of 0,0 of 2,---,0%,1 of 2,0 of 0,0 of 0,0 of 0,0,3,0,1,0:08,2:58,1 of 3,0 of 4,0 of 1,0 of 1,2 of 3,0 of 2,2 of 5,0 of 7,10 of 16,5 of 15
,,,,,,0,UFC Fight Night: Muhammad vs. Bonfim,2026-06-06," Las Vegas, Nevada, USA",http://ufcstats.com/fight-details/5c69b019e6deee41,Welterweight,U-DEC,5,5:00,0,0,Gabriel Bonfim,Belal Muhammad,Gabriel Bonfim,24-6-0 (1 NC),20-1-0,"Jul 09, 1988","Aug 20, 1997","5' 11""","6' 1""","72""","72""",Orthodox,Orthodox,0,0,86 of 275,128 of 260,31%,49%,0 of 2,0 of 1,0%,0%,0 of 2,2 of 2,0 of 0,0 of 0,0,0,0,0,0:08,0:00,52 of 228,83 of 212,22 of 33,11 of 11,12 of 14,34 of 37,86 of 273,126 of 258,86 of 275,128 of 261
,,,,,,0,UFC Fight Night: Muhammad vs. Bonfim,2026-06-06," Las Vegas, Nevada, USA",http://ufcstats.com/fight-details/419fff06f338f5c6,Middleweight,U-DEC,3,5:00,0,1,Brendan Allen,Brendan Allen,Edmen Shahbazyan,27-7-0,16-6-0,"Dec 28, 1995","Nov 20, 1997","6' 2""","6' 2""","75""","74""",Orthodox,Orthodox,0,0,89 of 194,90 of 180,45%,50%,1 of 4,0 of 1,25%,0%,10 of 20,5 of 7,0 of 0,0 of 0,0,0,0,0,0:28,0:08,61 of 160,83 of 171,10 of 16,4 of 4,18 of 18,3 of 5,79 of 174,85 of 173,91 of 196,90 of 180
,,,,,,0,UFC Fight Night: Muhammad vs. Bonfim,2026-06-06," Las Vegas, Nevada, USA",http://ufcstats.com/fight-details/58ffa2dac4f2e7d0,Lightweight,U-DEC,3,5:00,0,0,Tom Nolan,Fares Ziam,Tom Nolan,18-5-0,11-1-0,"Mar 21, 1997","Mar 08, 2000","6' 1""","6' 3""","75""","73""",Orthodox,Southpaw,0,0,16 of 32,31 of 66,50%,46%,3 of 5,2 of 6,60%,33%,3 of 4,7 of 13,1 of 2,11 of 21,1,0,1,1,5:07,6:47,11 of 26,13 of 38,3 of 4,11 of 16,2 of 2,7 of 12,12 of 26,13 of 32,48 of 70,65 of 116
,,,,,,0,UFC Fight Night: Muhammad vs. Bonfim,2026-06-06," Las Vegas, Nevada, USA",http://ufcstats.com/fight-details/c47796e11a801e12,Bantamweight,"SUB, Arm Triangle",3,4:52,0,0,Bryce Mitchell,Bryce Mitchell,Santiago Luna,19-4-0,8-1-0,"Oct 04, 1994","Aug 06, 2004","5' 10""","5' 9""","70""","74""",Southpaw,Orthodox,0,0,22 of 41,9 of 25,53%,36%,2 of 5,0 of 1,40%,0%,6 of 6,0 of 0,4 of 4,0 of 0,2,1,1,1,11:40,1:14,9 of 24,4 of 13,10 of 12,4 of 11,3 of 5,1 of 1,12 of 31,9 of 25,54 of 77,112 of 130
,,,,,,0,UFC Fight Night: Muhammad vs. Bonfim,2026-06-06," Las Vegas, Nevada, USA",http://ufcstats.com/fight-details/bfe4950b3de83e9c,Light Heavyweight,"KO/TKO, Kick",1,1:25,1,0,Iwo Baraniewski,Iwo Baraniewski,Junior Tafa,9-0-0,7-6-0,"Nov 20, 1998","Sep 21, 1996","6' 0""","6' 3""","73""","75""",Orthodox,Orthodox,1,0,6 of 22,0 of 8,27%,0%,0 of 1,0 of 0,0%,---,0 of 2,0 of 0,2 of 14,0 of 0,0,0,0,0,0:17,0:00,2 of 18,0 of 6,1 of 1,0 of 2,3 of 3,0 of 0,4 of 6,0 of 8,6 of 22,0 of 8
,,,,,,0,UFC Fight Night: Muhammad vs. Bonfim,2026-06-06," Las Vegas, Nevada, USA",http://ufcstats.com/fight-details/5d2eedd05081ed23,Catch Weight,"KO/TKO, Punch",1,2:28,0,0,Alessandro Costa,Matt Schnell,Alessandro Costa,17-11-0 (1 NC),16-5-0,"Jan 15, 1990","Jan 28, 1996","5' 8""","5' 4""","70""","67""",Orthodox,Orthodox,0,1,8 of 21,19 of 23,38%,82%,0 of 0,0 of 0,---,---,0 of 0,0 of 0,0 of 0,12 of 12,0,0,0,0,0:00,0:05,5 of 17,16 of 18,1 of 2,2 of 2,2 of 2,1 of 3,8 of 21,7 of 11,8 of 21,19 of 23
,,,,,,0,UFC Fight Night: Muhammad vs. Bonfim,2026-06-06," Las Vegas, Nevada, USA",http://ufcstats.com/fight-details/90940d93d6e0998f,Bantamweight,U-DEC,3,5:00,0,0,Marcus McGhee,Marcus McGhee,John Yannis,11-2-0,10-5-0,"May 07, 1990","Jul 07, 1994","5' 8""","5' 7""","69""","70""",Orthodox,Southpaw,0,0,79 of 202,55 of 115,39%,47%,0 of 2,0 of 0,0%,---,0 of 0,1 of 1,0 of 0,0 of 0,0,0,0,0,0:00,0:00,60 of 171,27 of 77,13 of 22,20 of 30,6 of 9,8 of 8,79 of 202,54 of 114,79 of 202,55 of 115
,,,,,,0,UFC Fight Night: Muhammad vs. Bonfim,2026-06-06," Las Vegas, Nevada, USA",http://ufcstats.com/fight-details/20d74ed23d3e9b3a,Flyweight,"SUB, Rear Naked Choke",1,4:13,1,0,Edgar Chairez,Bruno Silva,Edgar Chairez,15-9-2 (1 NC),14-6-0 (1 NC),"Mar 16, 1990","Jan 27, 1996","5' 4""","5' 7""","65""","71""",Orthodox,Orthodox,0,2,17 of 29,24 of 44,58%,54%,0 of 3,0 of 0,0%,---,0 of 0,0 of 0,0 of 0,3 of 6,0,1,0,0,0:00,0:24,11 of 22,20 of 37,3 of 4,2 of 5,3 of 3,2 of 2,17 of 29,21 of 38,17 of 29,24 of 44
,,,,,,0,UFC Fight Night: Muhammad vs. Bonfim,2026-06-06," Las Vegas, Nevada, USA",http://ufcstats.com/fight-details/98e77712f99956ff,Women's Bantamweight,"SUB, Armbar",1,3:42,0,0,Chelsea Chandler,Priscila Cachoeira,Chelsea Chandler,13-9-0,7-4-0,"Aug 19, 1988","Nov 23, 1990","5' 7""","5' 8""","65""","68""",Orthodox,Southpaw,0,1,7 of 13,11 of 25,53%,44%,1 of 1,0 of 0,100%,---,0 of 0,2 of 2,1 of 1,0 of 1,0,1,0,0,0:23,1:52,6 of 11,9 of 22,0 of 1,2 of 3,1 of 1,0 of 0,6 of 12,9 of 22,9 of 16,24 of 41
,,,,,,0,UFC Fight Night: Muhammad vs. Bonfim,2026-06-06," Las Vegas, Nevada, USA",http://ufcstats.com/fight-details/44cfbb8c3c356c65,Featherweight,"SUB, Guillotine Choke",1,4:19,0,0,Joanderson Brito,Jordan Leavitt,Joanderson Brito,13-4-0,19-5-1,"Jun 02, 1995","Feb 11, 1995","5' 9""","5' 8""","71""","72""",Southpaw,Orthodox,0,0,7 of 9,5 of 13,77%,38%,0 of 5,0 of 0,0%,---,4 of 5,2 of 2,0 of 0,0 of 0,1,1,1,0,2:21,1:17,3 of 3,3 of 10,4 of 6,2 of 2,0 of 0,0 of 1,3 of 4,3 of 11,27 of 29,15 of 24
,,,,,,0,UFC Fight Night: Muhammad vs. Bonfim,2026-06-06," Las Vegas, Nevada, USA",http://ufcstats.com/fight-details/a6b211d8dab5edec,Women's Flyweight,S-DEC,3,5:00,0,0,Jeisla Chaves,Jeisla Chaves,Yuneisy Duben,8-0-0,6-2-0 (1 NC),"Feb 02, 1997","Jul 08, 1996","5' 6""","5' 4""","68""","65""",Orthodox,Orthodox,0,0,64 of 99,62 of 112,64%,55%,3 of 6,2 of 4,50%,50%,15 of 18,8 of 9,13 of 13,10 of 13,1,0,0,1,4:29,3:18,35 of 66,41 of 83,20 of 24,14 of 16,9 of 9,7 of 13,36 of 68,44 of 90,92 of 136,110 of 165
,,,,,,0,UFC Fight Night: Muhammad vs. Bonfim,2026-06-06," Las Vegas, Nevada, USA",http://ufcstats.com/fight-details/b0474597b2c60482,Women's Strawweight,"KO/TKO, Kick",1,1:34,0,0,Ketlen Souza,Ketlen Souza,Ariane Carnelossi,17-6-0,15-5-0,"Aug 18, 1994","Nov 17, 1992","5' 3""","5' 2""","63""","61""",Orthodox,Orthodox,1,0,13 of 17,8 of 21,76%,38%,0 of 0,0 of 0,---,---,0 of 0,0 of 0,1 of 1,0 of 0,0,0,0,0,0:03,0:00,11 of 15,4 of 12,0 of 0,3 of 8,2 of 2,1 of 1,12 of 16,8 of 21,13 of 17,8 of 21
,,,,,,0,UFC Fight Night: Muhammad vs. Bonfim,2026-06-06," Las Vegas, Nevada, USA",http://ufcstats.com/fight-details/5c69b019e6deee41,Welterweight,U-DEC,5,5:00,0,0,Gabriel Bonfim,Belal Muhammad,Gabriel Bonfim,24-6-0 (1 NC),20-1-0,"Jul 09, 1988","Aug 20, 1997","5' 11""","6' 1""","72""","72""",Orthodox,Orthodox,0,0,86 of 275,128 of 260,31%,49%,0 of 2,0 of 1,0%,0%,0 of 2,2 of 2,0 of 0,0 of 0,0,0,0,0,0:08,0:00,52 of 228,83 of 212,22 of 33,11 of 11,12 of 14,34 of 37,86 of 273,126 of 258,86 of 275,128 of 261
,,,,,,0,UFC Fight Night: Muhammad vs. Bonfim,2026-06-06," Las Vegas, Nevada, USA",http://ufcstats.com/fight-details/419fff06f338f5c6,Middleweight,U-DEC,3,5:00,0,1,Brendan Allen,Brendan Allen,Edmen Shahbazyan,27-7-0,16-6-0,"Dec 28, 1995","Nov 20, 1997","6' 2""","6' 2""","75""","74""",Orthodox,Orthodox,0,0,89 of 194,90 of 180,45%,50%,1 of 4,0 of 1,25%,0%,10 of 20,5 of 7,0 of 0,0 of 0,0,0,0,0,0:28,0:08,61 of 160,83 of 171,10 of 16,4 of 4,18 of 18,3 of 5,79 of 174,85 of 173,91 of 196,90 of 180
,,,,,,0,UFC Fight Night: Muhammad vs. Bonfim,2026-06-06," Las Vegas, Nevada, USA",http://ufcstats.com/fight-details/58ffa2dac4f2e7d0,Lightweight,U-DEC,3,5:00,0,0,Tom Nolan,Fares Ziam,Tom Nolan,18-5-0,11-1-0,"Mar 21, 1997","Mar 08, 2000","6' 1""","6' 3""","75""","73""",Orthodox,Southpaw,0,0,16 of 32,31 of 66,50%,46%,3 of 5,2 of 6,60%,33%,3 of 4,7 of 13,1 of 2,11 of 21,1,0,1,1,5:07,6:47,11 of 26,13 of 38,3 of 4,11 of 16,2 of 2,7 of 12,12 of 26,13 of 32,48 of 70,65 of 116
,,,,,,0,UFC Fight Night: Muhammad vs. Bonfim,2026-06-06," Las Vegas, Nevada, USA",http://ufcstats.com/fight-details/c47796e11a801e12,Bantamweight,"SUB, Arm Triangle",3,4:52,0,0,Bryce Mitchell,Bryce Mitchell,Santiago Luna,19-4-0,8-1-0,"Oct 04, 1994","Aug 06, 2004","5' 10""","5' 9""","70""","74""",Southpaw,Orthodox,0,0,22 of 41,9 of 25,53%,36%,2 of 5,0 of 1,40%,0%,6 of 6,0 of 0,4 of 4,0 of 0,2,1,1,1,11:40,1:14,9 of 24,4 of 13,10 of 12,4 of 11,3 of 5,1 of 1,12 of 31,9 of 25,54 of 77,112 of 130
,,,,,,0,UFC Fight Night: Muhammad vs. Bonfim,2026-06-06," Las Vegas, Nevada, USA",http://ufcstats.com/fight-details/bfe4950b3de83e9c,Light Heavyweight,"KO/TKO, Kick",1,1:25,1,0,Iwo Baraniewski,Iwo Baraniewski,Junior Tafa,9-0-0,7-6-0,"Nov 20, 1998","Sep 21, 1996","6' 0""","6' 3""","73""","75""",Orthodox,Orthodox,1,0,6 of 22,0 of 8,27%,0%,0 of 1,0 of 0,0%,---,0 of 2,0 of 0,2 of 14,0 of 0,0,0,0,0,0:17,0:00,2 of 18,0 of 6,1 of 1,0 of 2,3 of 3,0 of 0,4 of 6,0 of 8,6 of 22,0 of 8
,,,,,,0,UFC Fight Night: Muhammad vs. Bonfim,2026-06-06," Las Vegas, Nevada, USA",http://ufcstats.com/fight-details/5d2eedd05081ed23,Catch Weight,"KO/TKO, Punch",1,2:28,0,0,Alessandro Costa,Matt Schnell,Alessandro Costa,17-11-0 (1 NC),16-5-0,"Jan 15, 1990","Jan 28, 1996","5' 8""","5' 4""","70""","67""",Orthodox,Orthodox,0,1,8 of 21,19 of 23,38%,82%,0 of 0,0 of 0,---,---,0 of 0,0 of 0,0 of 0,12 of 12,0,0,0,0,0:00,0:05,5 of 17,16 of 18,1 of 2,2 of 2,2 of 2,1 of 3,8 of 21,7 of 11,8 of 21,19 of 23
,,,,,,0,UFC Fight Night: Muhammad vs. Bonfim,2026-06-06," Las Vegas, Nevada, USA",http://ufcstats.com/fight-details/90940d93d6e0998f,Bantamweight,U-DEC,3,5:00,0,0,Marcus McGhee,Marcus McGhee,John Yannis,11-2-0,10-5-0,"May 07, 1990","Jul 07, 1994","5' 8""","5' 7""","69""","70""",Orthodox,Southpaw,0,0,79 of 202,55 of 115,39%,47%,0 of 2,0 of 0,0%,---,0 of 0,1 of 1,0 of 0,0 of 0,0,0,0,0,0:00,0:00,60 of 171,27 of 77,13 of 22,20 of 30,6 of 9,8 of 8,79 of 202,54 of 114,79 of 202,55 of 115
,,,,,,0,UFC Fight Night: Muhammad vs. Bonfim,2026-06-06," Las Vegas, Nevada, USA",http://ufcstats.com/fight-details/20d74ed23d3e9b3a,Flyweight,"SUB, Rear Naked Choke",1,4:13,1,0,Edgar Chairez,Bruno Silva,Edgar Chairez,15-9-2 (1 NC),14-6-0 (1 NC),"Mar 16, 1990","Jan 27, 1996","5' 4""","5' 7""","65""","71""",Orthodox,Orthodox,0,2,17 of 29,24 of 44,58%,54%,0 of 3,0 of 0,0%,---,0 of 0,0 of 0,0 of 0,3 of 6,0,1,0,0,0:00,0:24,11 of 22,20 of 37,3 of 4,2 of 5,3 of 3,2 of 2,17 of 29,21 of 38,17 of 29,24 of 44
,,,,,,0,UFC Fight Night: Muhammad vs. Bonfim,2026-06-06," Las Vegas, Nevada, USA",http://ufcstats.com/fight-details/98e77712f99956ff,Women's Bantamweight,"SUB, Armbar",1,3:42,0,0,Chelsea Chandler,Priscila Cachoeira,Chelsea Chandler,13-9-0,7-4-0,"Aug 19, 1988","Nov 23, 1990","5' 7""","5' 8""","65""","68""",Orthodox,Southpaw,0,1,7 of 13,11 of 25,53%,44%,1 of 1,0 of 0,100%,---,0 of 0,2 of 2,1 of 1,0 of 1,0,1,0,0,0:23,1:52,6 of 11,9 of 22,0 of 1,2 of 3,1 of 1,0 of 0,6 of 12,9 of 22,9 of 16,24 of 41
,,,,,,0,UFC Fight Night: Muhammad vs. Bonfim,2026-06-06," Las Vegas, Nevada, USA",http://ufcstats.com/fight-details/44cfbb8c3c356c65,Featherweight,"SUB, Guillotine Choke",1,4:19,0,0,Joanderson Brito,Jordan Leavitt,Joanderson Brito,13-4-0,19-5-1,"Jun 02, 1995","Feb 11, 1995","5' 9""","5' 8""","71""","72""",Southpaw,Orthodox,0,0,7 of 9,5 of 13,77%,38%,0 of 5,0 of 0,0%,---,4 of 5,2 of 2,0 of 0,0 of 0,1,1,1,0,2:21,1:17,3 of 3,3 of 10,4 of 6,2 of 2,0 of 0,0 of 1,3 of 4,3 of 11,27 of 29,15 of 24
,,,,,,0,UFC Fight Night: Muhammad vs. Bonfim,2026-06-06," Las Vegas, Nevada, USA",http://ufcstats.com/fight-details/a6b211d8dab5edec,Women's Flyweight,S-DEC,3,5:00,0,0,Jeisla Chaves,Jeisla Chaves,Yuneisy Duben,8-0-0,6-2-0 (1 NC),"Feb 02, 1997","Jul 08, 1996","5' 6""","5' 4""","68""","65""",Orthodox,Orthodox,0,0,64 of 99,62 of 112,64%,55%,3 of 6,2 of 4,50%,50%,15 of 18,8 of 9,13 of 13,10 of 13,1,0,0,1,4:29,3:18,35 of 66,41 of 83,20 of 24,14 of 16,9 of 9,7 of 13,36 of 68,44 of 90,92 of 136,110 of 165
,,,,,,0,UFC Fight Night: Muhammad vs. Bonfim,2026-06-06," Las Vegas, Nevada, USA",http://ufcstats.com/fight-details/b0474597b2c60482,Women's Strawweight,"KO/TKO, Kick",1,1:34,0,0,Ketlen Souza,Ketlen Souza,Ariane Carnelossi,17-6-0,15-5-0,"Aug 18, 1994","Nov 17, 1992","5' 3""","5' 2""","63""","61""",Orthodox,Orthodox,1,0,13 of 17,8 of 21,76%,38%,0 of 0,0 of 0,---,---,0 of 0,0 of 0,1 of 1,0 of 0,0,0,0,0,0:03,0:00,11 of 15,4 of 12,0 of 0,3 of 8,2 of 2,1 of 1,12 of 16,8 of 21,13 of 17,8 of 21
