,Unnamed: 0,blue_fighter,open_blue,close1_blue,close2_blue,red_fighter,open_red,close1_red,close2_red,event_date,og_blue_name,og_red_fighter
0,0.0,Gillian Robertson,-250,-250,-235,Amanda Lemos,210,194,210,2026-03-14,Gillian Robertson,Amanda Lemos
1,1.0,Gillian Robertson,-110,-205,-188,Amanda Lemos,-110,150,175,2025-12-14,Gillian Robertson,Amanda Lemos
2,2.0,Jose Delgado,-260,-500,-401,Andre Fili,220,301,375,2026-03-14,Jose Delgado,Andre Fili
3,3.0,Montserrat Rendon,375,450,900,Bia Mesquita,-500,-1667,-649,2026-03-14,Montse Rendon,Bia Mesquita
4,4.0,Manoel Sousa,-200,-320,-270,Bolaji Oki,170,210,265,2026-03-14,Manoel Sousa,
5,5.0,Eryk Anders,160,-140,-125,Brad Tavares,-185,100,118,2026-03-14,Eryk Anders,Brad Tavares
6,6.0,Bruno Silva,130,140,165,Charles Johnson,-150,-195,-175,2026-03-14,Bruno Silva,Charles Johnson
7,7.0,Myktybek Orolbai,-250,-500,-450,Chris Curtis,210,333,380,2026-03-14,Myktybek Orolbai,Chris Curtis
8,8.0,Suyoung You,210,210,230,Elijah Smith,-250,-280,-260,2026-03-14,SuYoung You,Elijah Smith
9,9.0,Oumar Sy,-200,-420,-250,Ion Cutelaba,170,200,320,2026-03-14,Oumar Sy,Ion Cutelaba
10,10.0,Austen Lane,350,410,550,Iwo Baraniewski,-450,-800,-590,2026-03-21,Austen Lane,
11,11.0,Kevin Vallejos,-500,-560,-480,Josh Emmett,375,360,400,2026-03-14,Kevin Vallejos,Josh Emmett
12,12.0,Danny Silva,105,184,240,Kurtis Campbell,-125,-300,-230,2026-03-21,Danny Silva,Kurtis Campbell
13,13.0,Brando Pericic,145,-275,-210,Louie Sutherland,-170,180,210,2026-03-21,Brando Pericic,Louie Sutherland
14,14.0,Hecher Sosa,-200,-250,-180,Luan Lacerda,170,150,200,2026-03-14,Hecher Sosa,Luan Lacerda
15,15.0,Darmon Blackshear,-230,111,132,Luan Lacerda,195,-163,-131,2023-06-03,Hecher Sosa,Luan Lacerda
16,16.0,Michael Aswell,130,150,205,Luke Riley,-150,-250,-188,2026-03-21,Michael Aswell Jr.,Luke Riley
17,17.0,Antonio Trocoli,300,490,750,Mantas Kondratavicius,-400,-1115,-750,2026-03-21,Antonio Trocoli,
18,18.0,Felipe Franco,250,500,800,Mario Pinto,-300,-1400,-800,2026-03-21,Felipe Franco,Mario Pinto
19,19.0,Harry Hardwick,170,210,260,Marwan Rahiki,-200,-320,-275,2026-03-14,Harry Hardwick,Marwan Rahiki
20,20.0,Axel Sola,185,110,152,Mason Jones,-220,-177,-138,2026-03-21,Axel Sola,Mason Jones
21,21.0,Sam Patterson,135,144,190,Michael Page,-155,-230,-178,2026-03-21,Sam Patterson,Michael Page
22,22.0,Lerone Murphy,210,175,210,Movsar Evloev,-250,-275,-225,2026-03-21,Lerone Murphy,Movsar Evloev
23,23.0,Losene Keita,-150,-290,-245,Nathaniel Wood,130,194,235,2026-03-21,Losene Keita,Nathaniel Wood
24,24.0,Sam Hughes,120,118,128,Piera Rodriguez,-140,-152,-140,2026-03-14,Sam Hughes,Piera Rodriguez
25,25.0,Sam Hughes,190,135,155,Piera Rodriguez,-230,-180,-167,2022-10-15,Sam Hughes,Piera Rodriguez
26,26.0,Christian Leroy Duncan,-250,-470,-370,Roman Dolidze,210,290,340,2026-03-21,Christian Leroy Duncan,Roman Dolidze
27,27.0,Ravena Oliveira,170,330,440,Shanelle Dyer,-200,-600,-450,2026-03-21,Ravena Oliveira,Shanelle Dyer
28,28.0,Abdul-Kareem Al-Selwady,-185,-118,130,Shem Rock,160,-155,-104,2026-03-21,Abdul-Kareem Al-Selwady,Shem Rock
29,29.0,Steven Asplund,205,163,188,Vitor Petrino,-240,-230,-200,2026-03-14,Steven Asplund,Vitor Petrino
30,30.0,Austen Lane,275,420,460,Vitor Petrino,-400,-670,-649,2025-07-13,Steven Asplund,Vitor Petrino
31,,Maycee Barber,-200,-205,-158,Alexa Grasso,+170,+124,+170,2026-03-29,Maycee Barber,Alexa Grasso
32,,Maycee Barber,-130,-117,-110,Alexa Grasso,+110,-111,-103,2021-02-13,Maycee Barber,Alexa Grasso
33,,Bruna Brasil,+250,+330,+650,Alexia Thainara,-300,-1000,-480,2026-03-28,Bruna Brasil,Alexia Thainara
34,,Gabriella Fernandes,-130,-113,+110,Casey Oneill,+110,-130,-113,2026-03-28,Gabriella Fernandes,Casey O'Neill
35,,Lance Gibson Jr,+285,+210,+320,Chase Hooper,-350,-420,-280,2026-03-28,Lance Gibson Jr.,Chase Hooper
36,,Tofiq Musayev,+175,+220,+280,Ignacio Bahamondes,-200,-350,-295,2026-03-28,Tofiq Musayev,Ignacio Bahamondes
37,,Joe Pyfer,-110,+102,+122,Israel Adesanya,-110,-145,-130,2026-03-29,Joe Pyfer,Israel Adesanya
38,,Lerryan Douglas,-350,-335,-280,Julian Erosa,+285,+235,+250,2026-03-29,Lerryan Douglas,Julian Erosa
39,,Yousri Belgaroui,-110,+118,+142,Mansur Abdul-Malik,-110,-164,-148,2026-03-29,Yousri Belgaroui,Mansur Abdul-Malik
40,,Tyrell Fortune,+140,-143,-122,Marcin Tybura,-160,-104,+116,2026-03-28,Tyrell Fortune,Marcin Tybura
41,,Niko Price,+375,+550,+700,Michael Chiesa,-500,-1115,-901,2026-03-29,Niko Price,Michael Chiesa
42,,Conor Cooke,+400,+400,+400,John Michael Shiel,-600,-600,-600,2012-04-28,Niko Price,Michael Chiesa
43,,Bruno Lopes,+355,+310,+600,Navajo Stirling,-425,-900,-440,2026-03-28,Bruno Lopes,Navajo Stirling
44,,Adrian Yanez,-110,+124,+165,Ricky Simon,-110,-195,-158,2026-03-28,Adrian Yanez,Ricky Simon
45,,Kyle Nelson,+150,+118,+165,Terrance McKinney,-175,-200,-150,2026-03-29,Kyle Nelson,Terrance McKinney
