event_number,date,target_pct_opening_ev,p025_bankroll,median_bankroll,p95_bankroll,p975_bankroll,mean_bankroll,fraction_below_floor
0,start,50,500.0,500.0,500.0,500.0,500.0,0.0
1,2024-05-11,50,545.4075241456261,547.0898431865446,548.4567752498298,548.7984075497947,547.09780949985,0.0
2,2024-05-18,50,545.4075241456261,547.0898431865446,548.4567752498298,548.7984075497947,547.09780949985,0.0
3,2024-06-01,50,545.4075241456261,547.0898431865446,548.4567752498298,548.7984075497947,547.09780949985,0.0
4,2024-06-08,50,545.4075241456261,547.0898431865446,548.4567752498298,548.7984075497947,547.09780949985,0.0
5,2024-06-15,50,602.3640909273881,604.3448343867053,605.9653544530081,606.4405691283141,604.3691960118705,0.0
6,2024-06-22,50,586.8170458340186,628.1689662984684,630.8751073793383,631.4764400889444,626.3188827380927,0.0
7,2024-06-29,50,586.8170458340186,628.1689662984684,630.8751073793383,631.4764400889444,626.3188827380927,0.0
8,2024-07-13,50,586.8170458340186,628.1689662984684,630.8751073793383,631.4764400889444,626.3188827380927,0.0
9,2024-07-20,50,586.8170458340186,628.1689662984684,630.8751073793383,631.4764400889444,626.3188827380927,0.0
10,2024-07-27,50,586.8170458340186,628.1689662984684,630.8751073793383,631.4764400889444,626.3188827380927,0.0
11,2024-08-03,50,586.8170458340186,628.1689662984684,630.8751073793383,631.4764400889444,626.3188827380927,0.0
12,2024-08-10,50,643.5516127390243,687.2617824329684,691.5879576223797,692.3324537960395,684.5133283240125,0.0
13,2024-08-17,50,643.5516127390243,687.2617824329684,691.5879576223797,692.3324537960395,684.5133283240125,0.0
14,2024-08-24,50,595.949792944908,624.5621648592352,638.3650050926415,747.0505807753483,627.1605979670975,0.0
15,2024-09-07,50,595.949792944908,624.5621648592352,638.3650050926415,747.0505807753483,627.1605979670975,0.0
16,2024-09-14,50,595.949792944908,624.5621648592352,638.3650050926415,747.0505807753483,627.1605979670975,0.0
17,2024-09-28,50,595.949792944908,624.5621648592352,638.3650050926415,747.0505807753483,627.1605979670975,0.0
18,2024-10-05,50,595.949792944908,624.5621648592352,638.3650050926415,747.0505807753483,627.1605979670975,0.0
19,2024-10-12,50,595.949792944908,624.5621648592352,638.3650050926415,747.0505807753483,627.1605979670975,0.0
20,2024-10-19,50,595.949792944908,624.5621648592352,638.3650050926415,747.0505807753483,627.1605979670975,0.0
21,2024-10-26,50,586.3665160801049,687.4700801656388,702.344540812469,821.9568721041836,686.257657534429,0.0
22,2024-11-02,50,659.5322362523644,773.0961484604568,790.2670157170026,924.5435456114049,771.7843074182434,0.0
23,2024-11-09,50,700.5559095369468,820.9724511617678,839.4104057206722,981.2331538197035,819.589545614809,0.0
24,2024-11-16,50,661.485045990309,775.171100768252,793.1662781324321,926.2531114083898,773.9593539696051,0.0
25,2024-11-23,50,661.485045990309,775.171100768252,793.1662781324321,926.2531114083898,773.9593539696051,0.0
26,2024-12-07,50,661.485045990309,775.171100768252,793.1662781324321,926.2531114083898,773.9593539696051,0.0
27,2024-12-14,50,661.485045990309,775.171100768252,793.1662781324321,926.2531114083898,773.9593539696051,0.0
28,2025-01-11,50,675.8726009699213,790.5417993051544,810.1909509687072,935.0329416207505,783.6089488486654,0.0
29,2025-01-18,50,675.8726009699213,790.5417993051544,810.1909509687072,935.0329416207505,783.6089488486654,0.0
30,2025-02-01,50,675.8726009699213,790.5417993051544,810.1909509687072,935.0329416207505,783.6089488486654,0.0
31,2025-02-08,50,675.8726009699213,790.5417993051544,810.1909509687072,935.0329416207505,783.6089488486654,0.0
32,2025-02-15,50,675.8726009699213,790.5417993051544,810.1909509687072,935.0329416207505,783.6089488486654,0.0
33,2025-02-22,50,749.5715199715726,876.537869536412,898.3976909547924,1036.6613733569072,868.8728912200999,0.0
34,2025-03-01,50,749.5715199715726,876.537869536412,898.3976909547924,1036.6613733569072,868.8728912200999,0.0
35,2025-03-08,50,749.5715199715726,876.537869536412,898.3976909547924,1036.6613733569072,868.8728912200999,0.0
36,2025-03-15,50,749.5715199715726,876.537869536412,898.3976909547924,1036.6613733569072,868.8728912200999,0.0
37,2025-03-22,50,696.3225683042011,814.2555890319268,834.4728578580491,963.1436805593129,807.1837780421089,0.0
38,2025-03-29,50,696.3225683042011,814.2555890319268,834.4728578580491,963.1436805593129,807.1837780421089,0.0
39,2025-04-05,50,719.9522970699455,841.9703545793645,862.8707859135068,995.7808218554503,834.635484843144,0.0
40,2025-04-12,50,673.452364741454,787.9542832387767,808.9171967271556,930.6382236253739,781.3942172015632,0.0
41,2025-04-26,50,712.2888479193183,833.4424694850043,856.0642037565385,983.8156107378705,826.6866790859511,0.0
42,2025-05-03,50,712.2888479193183,833.4424694850043,856.0642037565385,983.8156107378705,826.6866790859511,0.0
43,2025-05-10,50,782.2220724762271,915.3653741029825,939.9961062464722,1079.6153489238677,908.10877666959,0.0
44,2025-05-17,50,782.2220724762271,915.3653741029825,939.9961062464722,1079.6153489238677,908.10877666959,0.0
45,2025-05-31,50,756.670349751345,885.3609768719299,909.4375765825525,1044.0146042976623,878.2842066066243,0.0
46,2025-06-07,50,675.7168291677491,790.3954753617791,812.0992828469301,930.877644959577,784.1389069622644,0.0
47,2025-06-14,50,675.7168291677491,790.3954753617791,812.0992828469301,930.877644959577,784.1389069622644,0.0
48,2025-06-21,50,627.4554190470666,734.1776901296043,754.3202185490426,864.4823137641748,728.3877266001252,0.0
49,2025-06-28,50,704.463531828468,823.9090176535906,848.8202037316271,970.8790642899525,817.7426997976223,0.0
50,2025-07-12,50,704.463531828468,823.9090176535906,848.8202037316271,970.8790642899525,817.7426997976223,0.0
51,2025-07-19,50,704.463531828468,823.9090176535906,848.8202037316271,970.8790642899525,817.7426997976223,0.0
52,2025-07-26,50,704.463531828468,823.9090176535906,848.8202037316271,970.8790642899525,817.7426997976223,0.0
53,2025-08-02,50,704.463531828468,823.9090176535906,848.8202037316271,970.8790642899525,817.7426997976223,0.0
54,2025-08-09,50,704.463531828468,823.9090176535906,848.8202037316271,970.8790642899525,817.7426997976223,0.0
55,2025-08-16,50,635.3995101078928,743.383472825328,765.9088570679277,876.9426555177645,737.9820370128907,0.0
56,2025-08-23,50,635.3995101078928,743.383472825328,765.9088570679277,876.9426555177645,737.9820370128907,0.0
57,2025-09-06,50,635.3995101078928,743.383472825328,765.9088570679277,876.9426555177645,737.9820370128907,0.0
58,2025-09-13,50,635.3995101078928,743.383472825328,765.9088570679277,876.9426555177645,737.9820370128907,0.0
59,2025-09-27,50,680.8208463992084,800.7291413773262,825.6419151361248,933.7356401268463,792.3435022080762,0.0
60,2025-10-04,50,680.8208463992084,800.7291413773262,825.6419151361248,933.7356401268463,792.3435022080762,0.0
61,2025-10-11,50,579.324981603506,681.2954419830922,702.5827931708374,793.3098543700081,674.3010868927465,0.0
62,2025-10-18,50,579.324981603506,681.2954419830922,702.5827931708374,793.3098543700081,674.3010868927465,0.0
63,2025-10-25,50,545.8035598193826,641.6285754857756,661.7818269961094,747.742476114281,635.0432418719188,0.0
64,2025-11-01,50,545.8035598193826,641.6285754857756,661.7818269961094,747.742476114281,635.0432418719188,0.0
65,2025-11-08,50,545.8035598193826,641.6285754857756,661.7818269961094,747.742476114281,635.0432418719188,0.0
66,2025-11-15,50,607.2884729476929,714.2458011090946,739.4748348755464,832.8770087155831,707.0545138004873,0.0
67,2025-11-22,50,607.2884729476929,714.2458011090946,739.4748348755464,832.8770087155831,707.0545138004873,0.0
68,2025-12-06,50,607.2884729476929,714.2458011090946,739.4748348755464,832.8770087155831,707.0545138004873,0.0
69,2025-12-13,50,551.1256434671803,648.5105702473096,671.0634591477931,756.4516018069178,641.9116368959021,0.0
70,2026-01-24,50,495.172315492121,582.1617750441799,603.4564064140396,685.3207373616124,576.7352205755775,0.0
71,2026-01-31,50,524.1894275947369,616.6362340076803,640.7890405766943,727.0368175484317,611.4117357248901,0.0
72,2026-02-07,50,524.1894275947369,616.6362340076803,640.7890405766943,727.0368175484317,611.4117357248901,0.0
73,2026-02-21,50,524.1894275947369,616.6362340076803,640.7890405766943,727.0368175484317,611.4117357248901,0.0
0,start,60,500.0,500.0,500.0,500.0,500.0,0.0
1,2024-05-11,60,550.9822255341714,552.4307513346374,554.2501408800937,554.6154149802785,552.5120547702016,0.0
2,2024-05-18,60,550.9822255341714,552.4307513346374,554.2501408800937,554.6154149802785,552.5120547702016,0.0
3,2024-06-01,60,550.9822255341714,552.4307513346374,554.2501408800937,554.6154149802785,552.5120547702016,0.0
4,2024-06-08,60,550.9822255341714,552.4307513346374,554.2501408800937,554.6154149802785,552.5120547702016,0.0
5,2024-06-15,60,615.6072583068246,617.5282688642285,619.5180847225068,620.1094304797117,617.5763912519733,0.0
6,2024-06-22,60,638.6079308047488,644.9343083540368,647.3055674231364,647.9316065263091,643.8909813174411,0.0
7,2024-06-29,60,731.8143861436298,739.163530800819,741.941067947831,742.6322796107978,737.9589524917224,0.0
8,2024-07-13,60,689.9601436364105,697.0976608402199,700.8694659249177,701.4331350325563,696.2935228261438,0.0
9,2024-07-20,60,689.9601436364105,697.0976608402199,700.8694659249177,701.4331350325563,696.2935228261438,0.0
10,2024-07-27,60,600.1944743117339,775.2415402143099,781.937763836845,782.6691101691739,722.756401435807,0.0
11,2024-08-03,60,600.1944743117339,775.2415402143099,781.937763836845,782.6691101691739,722.756401435807,0.0
12,2024-08-10,60,659.7022626959226,856.7663639252421,868.4317980751126,869.4493911055857,799.9610264355002,0.0
13,2024-08-17,60,659.7022626959226,856.7663639252421,868.4317980751126,869.4493911055857,799.9610264355002,0.0
14,2024-08-24,60,595.9400799532665,774.1035871578677,787.5052665127386,951.2995467705708,731.3480424119581,0.0
15,2024-09-07,60,595.9400799532665,774.1035871578677,787.5052665127386,951.2995467705708,731.3480424119581,0.0
16,2024-09-14,60,595.9400799532665,774.1035871578677,787.5052665127386,951.2995467705708,731.3480424119581,0.0
17,2024-09-28,60,595.9400799532665,774.1035871578677,787.5052665127386,951.2995467705708,731.3480424119581,0.0
18,2024-10-05,60,595.9400799532665,774.1035871578677,787.5052665127386,951.2995467705708,731.3480424119581,0.0
19,2024-10-12,60,545.1632553671113,708.229863358333,720.5309669851287,869.8231275941955,669.0365637713364,0.0
20,2024-10-19,60,545.1632553671113,708.229863358333,720.5309669851287,869.8231275941955,669.0365637713364,0.0
21,2024-10-26,60,586.2793999325687,764.2323735448188,797.4692069516511,937.3022536778425,721.2942342582908,0.0
22,2024-11-02,60,668.9504704436305,872.1277263439744,910.1401294911087,1069.8078664444583,823.2158482818877,0.0
23,2024-11-09,60,715.0437630157587,932.2026045910297,973.1281523644037,1143.1879725264932,879.9751144688191,0.0
24,2024-11-16,60,670.64599968812,874.9714616738639,915.1787544580073,1072.8262273156129,826.7485916478151,0.0
25,2024-11-23,60,670.64599968812,874.9714616738639,915.1787544580073,1072.8262273156129,826.7485916478151,0.0
26,2024-12-07,60,670.64599968812,874.9714616738639,915.1787544580073,1072.8262273156129,826.7485916478151,0.0
27,2024-12-14,60,670.64599968812,874.9714616738639,915.1787544580073,1072.8262273156129,826.7485916478151,0.0
28,2025-01-11,60,688.1604672237944,897.7294934107297,939.0570607409836,1101.0180870453257,848.2698940232508,0.0
29,2025-01-18,60,688.1604672237944,897.7294934107297,939.0570607409836,1101.0180870453257,848.2698940232508,0.0
30,2025-02-01,60,688.1604672237944,897.7294934107297,939.0570607409836,1101.0180870453257,848.2698940232508,0.0
31,2025-02-08,60,688.1604672237944,897.7294934107297,939.0570607409836,1101.0180870453257,848.2698940232508,0.0
32,2025-02-15,60,688.1604672237944,897.7294934107297,939.0570607409836,1101.0180870453257,848.2698940232508,0.0
33,2025-02-22,60,772.5952969287805,1008.4057638917225,1054.705392475246,1236.94860026076,952.7748685541544,0.0
34,2025-03-01,60,772.5952969287805,1008.4057638917225,1054.705392475246,1236.94860026076,952.7748685541544,0.0
35,2025-03-08,60,772.5952969287805,1008.4057638917225,1054.705392475246,1236.94860026076,952.7748685541544,0.0
36,2025-03-15,60,772.5952969287805,1008.4057638917225,1054.705392475246,1236.94860026076,952.7748685541544,0.0
37,2025-03-22,60,714.5759823518954,932.6205481806843,975.5470648722941,1143.6419631026727,881.2398111032298,0.0
38,2025-03-29,60,714.5759823518954,932.6205481806843,975.5470648722941,1143.6419631026727,881.2398111032298,0.0
39,2025-04-05,60,741.2012240945545,967.3213487960968,1011.7710294229014,1186.0540334035186,914.0417679993843,0.0
40,2025-04-12,60,680.3667359059982,890.5655536350905,939.7635463832557,1094.7272732077117,845.3059986682471,0.0
41,2025-04-26,60,724.4768289497811,948.4399345757863,1001.4313103631691,1166.4557863552802,900.3322807980817,0.0
42,2025-05-03,60,724.4768289497811,948.4399345757863,1001.4313103631691,1166.4557863552802,900.3322807980817,0.0
43,2025-05-10,60,802.1676753188339,1050.3751211485605,1109.2185675725048,1292.0604871031114,997.1098322998338,0.0
44,2025-05-17,60,802.1676753188339,1050.3751211485605,1109.2185675725048,1292.0604871031114,997.1098322998338,0.0
45,2025-05-31,60,773.6791921145604,1013.0000370282255,1069.8522062657032,1246.6589090768264,961.6519168174449,0.0
46,2025-06-07,60,773.6791921145604,1013.0000370282255,1069.8522062657032,1246.6589090768264,961.6519168174449,0.0
47,2025-06-14,60,841.89785007046,1102.4462918121917,1164.0218693579536,1356.3288135536777,1046.4116155488055,0.0
48,2025-06-21,60,778.7206927278037,1019.9189705075951,1076.6785012153134,1255.9500603416654,968.0590489728171,0.0
49,2025-06-28,60,887.5230869382881,1162.42718085441,1230.6706524711851,1428.991987877966,1104.4372194332504,0.0
50,2025-07-12,60,887.5230869382881,1162.42718085441,1230.6706524711851,1428.991987877966,1104.4372194332504,0.0
51,2025-07-19,60,887.5230869382881,1162.42718085441,1230.6706524711851,1428.991987877966,1104.4372194332504,0.0
52,2025-07-26,60,887.5230869382881,1162.42718085441,1230.6706524711851,1428.991987877966,1104.4372194332504,0.0
53,2025-08-02,60,887.5230869382881,1162.42718085441,1230.6706524711851,1428.991987877966,1104.4372194332504,0.0
54,2025-08-09,60,887.5230869382881,1162.42718085441,1230.6706524711851,1428.991987877966,1104.4372194332504,0.0
55,2025-08-16,60,794.5855410688458,1041.0748203451897,1102.2335211374766,1279.279335960398,989.0433653623417,0.0
56,2025-08-23,60,794.5855410688458,1041.0748203451897,1102.2335211374766,1279.279335960398,989.0433653623417,0.0
57,2025-09-06,60,794.5855410688458,1041.0748203451897,1102.2335211374766,1279.279335960398,989.0433653623417,0.0
58,2025-09-13,60,794.5855410688458,1041.0748203451897,1102.2335211374766,1279.279335960398,989.0433653623417,0.0
59,2025-09-27,60,864.6415112327825,1132.791734862214,1199.3670875675407,1391.1144022252515,1076.078005314323,0.0
60,2025-10-04,60,864.6415112327825,1132.791734862214,1199.3670875675407,1391.1144022252515,1076.078005314323,0.0
61,2025-10-11,60,747.3209705700506,991.6912769359136,1290.6816657415807,1312.2543023819126,1043.2139084404766,0.0
62,2025-10-18,60,702.5318465957217,932.3538480068758,1213.1605653643628,1234.2545988375784,980.6966499055229,0.0
63,2025-10-25,60,658.0405747162382,880.7712885297605,1336.4449629029966,1369.6170433090906,948.7565720449027,0.0
64,2025-11-01,60,658.0405747162382,880.7712885297605,1336.4449629029966,1369.6170433090906,948.7565720449027,0.0
65,2025-11-08,60,776.7238975918673,1039.5292739049364,1576.7836647158329,1617.134193928176,1119.9255178654307,0.0
66,2025-11-15,60,869.3138866062931,1176.360931824663,1771.4613269852791,1826.0443886624787,1262.3024671510302,0.0
67,2025-11-22,60,869.3138866062931,1176.360931824663,1771.4613269852791,1826.0443886624787,1262.3024671510302,0.0
68,2025-12-06,60,869.3138866062931,1176.360931824663,1771.4613269852791,1826.0443886624787,1262.3024671510302,0.0
69,2025-12-13,60,783.6740454811238,1060.3495883849782,1597.3124289525933,1645.5150066696258,1137.7948243515705,0.0
70,2026-01-24,60,700.2752458301256,949.4016779571331,1447.3726046827587,1481.126731785945,1028.7311746468329,0.0
71,2026-01-31,60,740.5057353485845,1004.6010586554244,1532.2745080960192,1567.0600205439541,1088.457736970501,0.0
72,2026-02-07,60,740.5057353485845,1004.6010586554244,1532.2745080960192,1567.0600205439541,1088.457736970501,0.0
73,2026-02-21,60,740.5057353485845,1004.6010586554244,1532.2745080960192,1567.0600205439541,1088.457736970501,0.0
0,start,70,500.0,500.0,500.0,500.0,500.0,0.0
1,2024-05-11,70,556.1269942911474,557.4433761632806,559.5949628665863,559.9993793507584,557.5848364289508,0.0
2,2024-05-18,70,556.1269942911474,557.4433761632806,559.5949628665863,559.9993793507584,557.5848364289508,0.0
3,2024-06-01,70,556.1269942911474,557.4433761632806,559.5949628665863,559.9993793507584,557.5848364289508,0.0
4,2024-06-08,70,556.1269942911474,557.4433761632806,559.5949628665863,559.9993793507584,557.5848364289508,0.0
5,2024-06-15,70,628.4331319563869,630.1705207203275,632.5924394788933,633.0950894381953,630.3068737488627,0.0
6,2024-06-22,70,654.424121201809,661.3767413164401,664.040063004135,664.6432789661068,660.6133327459162,0.0
7,2024-06-29,70,749.5678750035754,760.2775798854491,764.3910167423277,765.1575247993284,758.9917513903558,0.0
8,2024-07-13,70,703.9928966479547,714.870388339819,719.4599408124428,720.3215401394465,713.7768527181788,0.0
9,2024-07-20,70,703.9928966479547,714.870388339819,719.4599408124428,720.3215401394465,713.7768527181788,0.0
10,2024-07-27,70,791.5497837958097,804.4616749371198,809.8205029285332,810.772069154304,802.1336567618936,0.0
11,2024-08-03,70,791.5497837958097,804.4616749371198,809.8205029285332,810.772069154304,802.1336567618936,0.0
12,2024-08-10,70,877.4987318695889,903.6981393755277,912.3985228746728,913.5046225699551,899.6027187438216,0.0
13,2024-08-17,70,877.4987318695889,903.6981393755277,912.3985228746728,913.5046225699551,899.6027187438216,0.0
14,2024-08-24,70,787.4171420817117,812.2720731448466,821.6926527020448,822.9788090908628,809.2199171585668,0.0
15,2024-09-07,70,787.4171420817117,812.2720731448466,821.6926527020448,822.9788090908628,809.2199171585668,0.0
16,2024-09-14,70,910.2387971740394,939.0765677809354,950.0514053541648,951.6075956110699,935.5362171479206,0.0
17,2024-09-28,70,910.2387971740394,939.0765677809354,950.0514053541648,951.6075956110699,935.5362171479206,0.0
18,2024-10-05,70,910.2387971740394,939.0765677809354,950.0514053541648,951.6075956110699,935.5362171479206,0.0
19,2024-10-12,70,818.7150941239528,845.5386685041597,861.3552924966555,862.901797857032,844.1236236973526,0.0
20,2024-10-19,70,818.7150941239528,845.5386685041597,861.3552924966555,862.901797857032,844.1236236973526,0.0
21,2024-10-26,70,799.5244401199386,917.8047666802056,936.7559164387467,940.5578170649745,910.9442782481715,0.0
22,2024-11-02,70,920.4106663803789,1056.8418930143966,1078.7083159458841,1083.1931350412844,1048.998352488539,0.0
23,2024-11-09,70,990.12306915009,1136.8508883147688,1160.5590110939786,1165.3610383195062,1128.433056424716,0.0
24,2024-11-16,70,927.4895641320139,1064.1467305804972,1093.3993003821151,1098.2832006128974,1056.958251615296,0.0
25,2024-11-23,70,927.4895641320139,1064.1467305804972,1093.3993003821151,1098.2832006128974,1056.958251615296,0.0
26,2024-12-07,70,876.1004926116987,1005.8799414807925,1033.7183953713604,1038.3456441008918,999.0940057066053,0.0
27,2024-12-14,70,759.7290539405673,872.3131080386669,896.3458119509281,900.4637999307932,866.400573638409,0.0
28,2025-01-11,70,781.2846511202,897.1188267760515,921.8640847311784,926.1187009126556,891.0259284328058,0.0
29,2025-01-18,70,879.3239716502634,1009.1828760303301,1037.2213777404945,1041.7494952817308,1002.3202685891725,0.0
30,2025-02-01,70,1072.688931728826,1231.1459738461117,1266.060323556073,1271.421397841017,1222.9784685785621,0.0
31,2025-02-08,70,1264.248146686676,1451.0266380384596,1492.150445662829,1498.541113777016,1441.4367909197756,0.0
32,2025-02-15,70,1159.5754668145876,1330.978994062682,1368.5968382169158,1374.6723906190466,1322.1341134902173,0.0
33,2025-02-22,70,1318.5109853175325,1513.8028199827272,1556.9261108934918,1564.1680686322527,1503.6237358242242,0.0
34,2025-03-01,70,1318.5109853175325,1513.8028199827272,1556.9261108934918,1564.1680686322527,1503.6237358242242,0.0
35,2025-03-08,70,1318.5109853175325,1513.8028199827272,1556.9261108934918,1564.1680686322527,1503.6237358242242,0.0
36,2025-03-15,70,1318.5109853175325,1513.8028199827272,1556.9261108934918,1564.1680686322527,1503.6237358242242,0.0
37,2025-03-22,70,1216.065025333744,1395.9571917063954,1435.3965889888052,1442.3721006469814,1386.4616525438794,0.0
38,2025-03-29,70,1216.065025333744,1395.9571917063954,1435.3965889888052,1442.3721006469814,1386.4616525438794,0.0
39,2025-04-05,70,1265.1566507861633,1451.9043904994933,1493.1185456338176,1500.6322870633926,1442.1954458963812,0.0
40,2025-04-12,70,1136.8675237888817,1305.2601146351342,1349.0116451255983,1360.0455949747522,1297.8329497306383,0.0
41,2025-04-26,70,1217.9345413005633,1398.9137111108005,1446.6351988682425,1459.527675093845,1391.12509479621,0.0
42,2025-05-03,70,1217.9345413005633,1398.9137111108005,1446.6351988682425,1459.527675093845,1391.12509479621,0.0
43,2025-05-10,70,1217.9345413005633,1398.9137111108005,1446.6351988682425,1459.527675093845,1391.12509479621,0.0
44,2025-05-17,70,1367.1093269860366,1569.955467394643,1623.5102485103696,1638.3642121315925,1561.0647910318837,0.0
45,2025-05-31,70,1314.9171286023015,1510.3691671987722,1562.1144608910572,1576.0514292546823,1501.8944621661815,0.0
46,2025-06-07,70,1442.3419486080545,1656.6626106299977,1713.1341003471773,1728.311468145457,1647.2000797630046,0.0
47,2025-06-14,70,1579.3049415471482,1813.7611104719422,1875.6500767015905,1892.2666313928294,1803.4796069771617,0.0
48,2025-06-21,70,1456.1875403109593,1672.374399763991,1730.2199098323808,1745.2218573944313,1663.017492340473,0.0
49,2025-06-28,70,1668.5391626176236,1917.6991533737532,1985.2655125006343,2002.680821754241,1906.7906856264167,0.0
50,2025-07-12,70,1527.1910194283676,1755.0432926855037,1817.6914524668348,1832.5341437905956,1744.9473569404952,0.0
51,2025-07-19,70,1527.1910194283676,1755.0432926855037,1817.6914524668348,1832.5341437905956,1744.9473569404952,0.0
52,2025-07-26,70,1527.1910194283676,1755.0432926855037,1817.6914524668348,1832.5341437905956,1744.9473569404952,0.0
53,2025-08-02,70,1527.1910194283676,1755.0432926855037,1817.6914524668348,1832.5341437905956,1744.9473569404952,0.0
54,2025-08-09,70,1527.1910194283676,1755.0432926855037,1817.6914524668348,1832.5341437905956,1744.9473569404952,0.0
55,2025-08-16,70,1358.5858873879774,1560.8297771309267,1617.3719547938042,1630.3349673313476,1552.2951030011263,0.0
56,2025-08-23,70,1358.5858873879774,1560.8297771309267,1617.3719547938042,1630.3349673313476,1552.2951030011263,0.0
57,2025-09-06,70,1257.3442702105983,1445.0112246957206,1497.4554087206911,1509.9462183267678,1437.0904090194886,0.0
58,2025-09-13,70,1257.3442702105983,1445.0112246957206,1497.4554087206911,1509.9462183267678,1437.0904090194886,0.0
59,2025-09-27,70,1380.0715566606843,1585.8149153330592,1644.6752225816317,1657.5508944435305,1577.3784154309612,0.0
60,2025-10-04,70,1540.9405187680015,1770.3542850809433,1836.2419154762188,1851.5518135300854,1760.7404111619958,0.0
61,2025-10-11,70,1351.3835684388757,1560.06556875764,1997.9849351959977,2016.9868347303125,1684.6040085345305,0.0
62,2025-10-18,70,1264.3933368551238,1460.1432257864774,1869.8007754242078,1886.222725418871,1576.3477764281931,0.0
63,2025-10-25,70,1177.0672432580498,1361.3284189649858,1747.131935908867,1786.4108347974739,1482.14700272003,0.0
64,2025-11-01,70,1177.0672432580498,1361.3284189649858,1747.131935908867,1786.4108347974739,1482.14700272003,0.0
65,2025-11-08,70,1171.2056331803083,1574.4398163846101,2056.0120202755206,2085.9273149979717,1616.461344261817,0.0
66,2025-11-15,70,1318.0613948135235,1799.4497939113623,2360.6076156142026,2397.713595514408,1842.2888735199929,0.0
67,2025-11-22,70,1201.0719932448396,1637.6608644260905,2148.9897533008534,2184.480671985597,1677.1964192470025,0.0
68,2025-12-06,70,1125.639195806041,1534.2579348209633,2013.9070662687755,2045.672364195684,1571.1553612195512,0.0
69,2025-12-13,70,1007.8441614195701,1373.8494816854877,1803.816089444895,1831.9590214407053,1407.3692141638653,0.0
70,2026-01-24,70,894.6819961614557,1226.3108721890558,1897.9589773590542,1976.0213024489362,1302.2070351813493,0.0
71,2026-01-31,70,951.9188196953824,1304.3940967492167,2019.565058687479,2101.139909332081,1385.1973626994416,0.0
72,2026-02-07,70,951.9188196953824,1304.3940967492167,2019.565058687479,2101.139909332081,1385.1973626994416,0.0
73,2026-02-21,70,1121.5105919482307,1537.9046595446657,2378.8965604568575,2475.616427874575,1632.5231273645427,0.0
0,start,80,500.0,500.0,500.0,500.0,500.0,0.0
1,2024-05-11,80,561.0993821264899,562.2211727939905,563.8881741912236,564.1241876350645,562.3451817109985,0.0
2,2024-05-18,80,561.0993821264899,562.2211727939905,563.8881741912236,564.1241876350645,562.3451817109985,0.0
3,2024-06-01,80,561.0993821264899,562.2211727939905,563.8881741912236,564.1241876350645,562.3451817109985,0.0
4,2024-06-08,80,669.4010993996695,671.6652893963094,674.4917583558239,675.1315011824704,671.8265108496203,0.0
5,2024-06-15,80,763.6619819022387,766.6868423627482,770.0465043355948,770.6916702860434,766.8274315278995,0.0
6,2024-06-22,80,798.4535756636368,808.3727247011655,812.1025980187602,812.796580998365,807.6899433054274,0.0
7,2024-06-29,80,918.0460135855,931.6414855305009,941.0357612725686,942.4354334547226,931.8191597485576,0.0
8,2024-07-13,80,857.748266170314,871.002065656721,880.3800931759728,881.5746593952921,870.9432967482995,0.0
9,2024-07-20,80,857.748266170314,871.002065656721,880.3800931759728,881.5746593952921,870.9432967482995,0.0
10,2024-07-27,80,973.4924021607267,988.6038452104497,999.3126333478514,1000.917725259907,988.2568545516051,0.0
11,2024-08-03,80,890.4685347123877,904.3673972967069,914.1598489971193,915.6092274968796,904.0138267495644,0.0
12,2024-08-10,80,990.7598593829324,1006.9818254946241,1018.4196454532499,1020.1972009353722,1006.5488204839867,0.0
13,2024-08-17,80,990.7598593829324,1006.9818254946241,1018.4196454532499,1020.1972009353722,1006.5488204839867,0.0
14,2024-08-24,80,886.8664950098364,902.2681400580586,913.4538873948552,915.3861502973239,901.8865933059393,0.0
15,2024-09-07,80,886.8664950098364,902.2681400580586,913.4538873948552,915.3861502973239,901.8865933059393,0.0
16,2024-09-14,80,1033.0570728322766,1051.390247028583,1064.6357255294529,1067.0536335589268,1050.9383604275881,0.0
17,2024-09-28,80,1033.0570728322766,1051.390247028583,1064.6357255294529,1067.0536335589268,1050.9383604275881,0.0
18,2024-10-05,80,975.5872530384293,993.7019439992819,1006.3447426250474,1008.5144893353819,993.0944326703678,0.0
19,2024-10-12,80,877.1711954258321,893.4923071189236,905.0834345613856,907.0398163885159,893.000264096019,0.0
20,2024-10-19,80,1017.8329791711617,1036.9974759282409,1050.8117715186472,1053.1388028394333,1036.4739925902152,0.0
21,2024-10-26,80,1114.8684014078246,1136.683571353232,1156.6404838443573,1161.707115182916,1136.705419215777,0.0
22,2024-11-02,80,1295.8260043891555,1321.1836281663257,1344.4174371986235,1350.4092905869238,1321.1688837011316,0.0
23,2024-11-09,80,1402.0868182484683,1429.6466122734132,1455.4388100526921,1461.561251908212,1429.7886350422748,0.0
24,2024-11-16,80,1297.560806524922,1336.9321085493034,1370.022660383734,1375.6124353146545,1336.1421717307383,0.0
25,2024-11-23,80,1297.560806524922,1336.9321085493034,1370.022660383734,1375.6124353146545,1336.1421717307383,0.0
26,2024-12-07,80,1220.6588612660512,1258.4090092594734,1289.809274556942,1294.8945327676893,1257.5360578717612,0.0
27,2024-12-14,80,1051.4756860610091,1083.8502140836786,1111.1378203164875,1116.032067172075,1083.3625652694523,0.0
28,2025-01-11,80,1083.7433990559011,1117.1873887203374,1145.346385714507,1150.4493129377229,1116.6760053333473,0.0
29,2025-01-18,80,1232.4532428552748,1270.697941708203,1302.929323085099,1308.1562232376784,1270.0604200941866,0.0
30,2025-02-01,80,1173.8270149205416,1571.491509327011,1613.865160037215,1621.3773328563695,1537.4638862152176,0.0
31,2025-02-08,80,1394.926596711417,1867.8179924913702,1918.02987686513,1926.59649836454,1827.2801235850975,0.0
32,2025-02-15,80,1274.712520239932,1706.9412707256183,1753.798726650843,1762.2166307182983,1670.0116626613628,0.0
33,2025-02-22,80,1463.2319572308697,1958.4301362983192,2012.58965438161,2022.0366593880951,1916.3095194459192,0.0
34,2025-03-01,80,1707.0330709309887,2285.6883807554486,2349.714342793033,2360.5999415152987,2236.7335000262105,0.0
35,2025-03-08,80,1548.0721691134324,2071.1070951171914,2135.099055450348,2146.7645860086914,2026.3143362408566,0.0
36,2025-03-15,80,1548.0721691134324,2071.1070951171914,2135.099055450348,2146.7645860086914,2026.3143362408566,0.0
37,2025-03-22,80,1424.5795449746633,1906.4722443406645,1966.1344648215554,1976.858250687211,1865.640249643375,0.0
38,2025-03-29,80,1651.5509373611708,2211.440983105835,2281.232173181063,2293.915583477292,2163.6838201883343,0.0
39,2025-04-05,80,1722.8985713653096,2306.556208389754,2379.4074291272595,2393.0845478212495,2256.7629746305242,0.0
40,2025-04-12,80,1542.8539675766567,2071.4913008547915,2155.0784516490803,2172.216124010856,2029.6639912972248,0.0
41,2025-04-26,80,1666.271832643364,2236.7334603197123,2327.6550383363283,2344.9991888043833,2191.412583280712,0.0
42,2025-05-03,80,1666.271832643364,2236.7334603197123,2327.6550383363283,2344.9991888043833,2191.412583280712,0.0
43,2025-05-10,80,1829.9644124436816,2456.4702522576818,2556.948263134047,2576.192513365308,2407.0735056840986,0.0
44,2025-05-17,80,2067.572213108417,2776.627727402466,2890.572036110617,2912.1108316174423,2720.877686990521,0.0
45,2025-05-31,80,1985.0451378432867,2666.1329351089703,2775.99297758754,2795.7131350738255,2612.540529023861,0.0
46,2025-06-07,80,2188.9878135359527,2939.3743659654647,3061.045393472362,3081.835972970133,2880.6320239218735,0.0
47,2025-06-14,80,2410.2043774764716,3236.126750498528,3369.5902133064787,3393.5250160526034,3171.3711857260696,0.0
48,2025-06-21,80,2217.3211261400043,2977.206777128904,3099.983870218291,3121.3581607490696,2917.357146030328,0.0
49,2025-06-28,80,2549.3063309278496,3420.5158559392157,3561.8405040727457,3589.613488807954,3352.2804150801853,0.0
50,2025-07-12,80,2815.3967661479564,3777.2456176597043,3932.469801384422,3963.257842180922,3701.90474861581,0.0
51,2025-07-19,80,2815.3967661479564,3777.2456176597043,3932.469801384422,3963.257842180922,3701.90474861581,0.0
52,2025-07-26,80,2815.3967661479564,3777.2456176597043,3932.469801384422,3963.257842180922,3701.90474861581,0.0
53,2025-08-02,80,2815.3967661479564,3777.2456176597043,3932.469801384422,3963.257842180922,3701.90474861581,0.0
54,2025-08-09,80,3210.816465658187,4308.477060640935,4485.989088947146,4520.170385357462,4222.693575282208,0.0
55,2025-08-16,80,2839.5419655477954,3811.1688703386594,3970.0009967594947,4001.668273347725,3735.533180396267,0.0
56,2025-08-23,80,2839.5419655477954,3811.1688703386594,3970.0009967594947,4001.668273347725,3735.533180396267,0.0
57,2025-09-06,80,2619.3411608966385,3516.5075408085595,3662.059089757639,3692.5516198517125,3446.6210012561455,0.0
58,2025-09-13,80,2619.3411608966385,3516.5075408085595,3662.059089757639,3692.5516198517125,3446.6210012561455,0.0
59,2025-09-27,80,2896.1696818816595,3890.0567050190757,4051.5591546994233,4084.790690727287,3813.2810474490234,0.0
60,2025-10-04,80,3259.3983354985694,4388.755454564482,4581.346657397217,4615.523512838862,4297.2811873661685,0.0
61,2025-10-11,80,2868.561443180884,3872.4069397825933,4991.641138877907,5035.461013668165,4054.9022538706995,0.0
62,2025-10-18,80,2675.00701018155,3611.6209644673886,4654.254987770677,4694.777329050243,3781.310542077481,0.0
63,2025-10-25,80,2492.74405133134,3387.4611477575218,4458.847684605183,5261.821048006867,3652.038544540344,0.0
64,2025-11-01,80,3054.893871209292,4149.429409776381,5458.384686969811,6444.258183045562,4473.758649316785,0.0
65,2025-11-08,80,2791.0816069571088,3789.4967553095767,4989.857010008152,5887.712918415887,4085.6004581522284,0.0
66,2025-11-15,80,3167.9721602806776,4346.256856218665,5769.2474960718255,6679.216456853312,4651.062959741778,0.0
67,2025-11-22,80,2850.3686623929493,3914.448904613736,5209.50560021639,6023.611084620803,4186.203672644111,0.0
68,2025-12-06,80,2680.6435421674832,3673.2294023498134,4903.310894215396,5661.2657636437325,3930.8401870604293,0.0
69,2025-12-13,80,2386.7344869970266,3272.531239328551,4367.68223504597,5043.535154646125,3502.58864443284,0.0
70,2026-01-24,80,2148.39092925171,3405.5169385126237,4640.777789281619,4798.624881864485,3351.5531543615148,0.0
71,2026-01-31,80,2297.6807282138147,3643.063832797093,4960.079047991194,5130.864897993407,3584.1972517451777,0.0
72,2026-02-07,80,2297.6807282138147,3643.063832797093,4960.079047991194,5130.864897993407,3584.1972517451777,0.0
73,2026-02-21,80,2133.895511990206,3436.6562921214036,4765.468025693531,5661.2825559506555,3442.659437831875,0.0
0,start,90,500.0,500.0,500.0,500.0,500.0,0.0
1,2024-05-11,90,565.9911344392394,566.8074115986932,567.7874802692386,567.8915450255471,566.8611059866734,0.0
2,2024-05-18,90,565.9911344392394,566.8074115986932,567.7874802692386,567.8915450255471,566.8611059866734,0.0
3,2024-06-01,90,627.2440186832199,628.5851028774656,629.8545344740838,630.088541662905,628.6130358950383,0.0
4,2024-06-08,90,627.2440186832199,628.5851028774656,629.8545344740838,630.088541662905,628.6130358950383,0.0
5,2024-06-15,90,719.9351843542329,721.7468352148945,723.4918196916107,723.8049610402601,721.777045866399,0.0
6,2024-06-22,90,754.9225887979819,764.5510555297776,766.5583384270645,766.889321141757,763.7441070216055,0.0
7,2024-06-29,90,875.0097548785557,886.7187241230706,896.5201030578316,898.0871066048982,887.0767054226175,0.0
8,2024-07-13,90,812.7613233154024,823.7793262592152,833.032952185816,834.5391326909948,824.1033510828277,0.0
9,2024-07-20,90,748.4614628913947,761.1307388604109,770.314876521145,772.7149997958403,760.8618540993945,0.0
10,2024-07-27,90,857.682512012557,872.2207073809391,882.9914068436492,885.5438996584018,871.9495465359032,0.0
11,2024-08-03,90,773.3878517870302,787.224346751633,800.4053714663098,803.3145906236215,787.2384126759215,0.0
12,2024-08-10,90,869.1418291491058,885.2845942901104,900.783434833208,903.8867029765111,885.4579401817402,0.0
13,2024-08-17,90,1054.5427689835644,1074.344575674492,1093.7319338006341,1098.4573391384938,1074.821241700729,0.0
14,2024-08-24,90,947.5854358774938,966.9005851560354,985.2332704406928,988.913028922929,967.2278095083611,0.0
15,2024-09-07,90,879.8747145394841,897.8139703101468,914.6471029839962,918.4383267163645,898.1327624725025,0.0
16,2024-09-14,90,1025.6463582231338,1050.6720131407178,1071.9615500634409,1076.5438807448036,1050.6495852296719,0.0
17,2024-09-28,90,1187.2377358488216,1216.385164107782,1240.8688379392959,1246.3470195207688,1216.3390782229608,0.0
18,2024-10-05,90,1116.0102393004652,1145.240976327263,1171.6425439693012,1178.2868984452987,1147.5523005251446,0.0
19,2024-10-12,90,982.6520830735159,1008.3245346861568,1031.628611728295,1037.7123877408644,1010.3969287911467,0.0
20,2024-10-19,90,1149.3794435917896,1180.616767437411,1208.1920213362034,1216.108257122285,1182.92578104731,0.0
21,2024-10-26,90,1271.4460551632033,1306.4247692445947,1337.5924488690216,1345.580944668216,1309.1086372927136,0.0
22,2024-11-02,90,1494.9532331141897,1536.899138947771,1575.5393887495552,1584.8976431629542,1540.2703345039597,0.0
23,2024-11-09,90,1627.1184273607219,1672.8542080225516,1714.845429734569,1725.134623770647,1676.5249150260995,0.0
24,2024-11-16,90,1506.8067756271766,1569.476372628702,1616.4753642077455,1628.2413040500119,1570.1085202568813,0.0
25,2024-11-23,90,1506.8067756271766,1569.476372628702,1616.4753642077455,1628.2413040500119,1570.1085202568813,0.0
26,2024-12-07,90,1405.6006403098127,1463.3077245013649,1508.0177459522606,1519.8548779396317,1464.298759516465,0.0
27,2024-12-14,90,1220.3091358683778,1272.376333432816,1323.302437348348,1342.3393483976372,1274.3685328514853,0.0
28,2025-01-11,90,1260.5276420523849,1314.3346186572521,1367.0057631303903,1386.5919779489468,1316.4110775940615,0.0
29,2025-01-18,90,1444.5104884964967,1506.685310990471,1567.5974930187617,1589.689805627058,1509.1226860249772,0.0
30,2025-02-01,90,1719.2599498407592,1798.2376162891278,1940.3536476848265,1972.2556997875026,1813.0312492470175,0.0
31,2025-02-08,90,2064.9710946744035,2160.09531330847,2330.008684665775,2369.0984966332007,2177.805552343679,0.0
32,2025-02-15,90,1855.4670577784918,1952.7596908097998,2114.4781614802687,2152.7762455522543,1968.3420264736726,0.0
33,2025-02-22,90,2147.6767191060294,2260.164334059369,2447.577385061801,2490.4409285516595,2277.471224476481,0.0
34,2025-03-01,90,2532.4662701504703,2668.5493409200485,2887.8574566170864,2940.587975897791,2689.1367769339436,0.0
35,2025-03-08,90,2326.8451373127477,2450.9335177502876,2651.9245629895,2702.902168601942,2470.1919123030325,0.0
36,2025-03-15,90,2326.8451373127477,2450.9335177502876,2651.9245629895,2702.902168601942,2470.1919123030325,0.0
37,2025-03-22,90,2140.3038380245966,2255.02433875558,2439.482970196001,2487.8342329783686,2272.3498521152396,0.0
38,2025-03-29,90,2473.874414403262,2606.736006321891,2820.1424881805738,2875.4506545716213,2626.801326543242,0.0
39,2025-04-05,90,2586.5072966709185,2725.7565966211687,2948.8923964526584,3007.7925776189863,2746.5689655664905,0.0
40,2025-04-12,90,2328.827664615926,2466.760838259165,2673.301767159728,2727.9053058246227,2485.008179792999,0.0
41,2025-04-26,90,2532.595248810387,2682.123889869976,2909.4725003994745,2968.0670765369155,2701.7616158282913,0.0
42,2025-05-03,90,2948.316156788462,3121.6100026398735,3385.16952468579,3455.438305720772,3144.80565441715,0.0
43,2025-05-10,90,3262.762680807078,3454.6270807554383,3746.329896600185,3824.3532177707784,3480.0338406825676,0.0
44,2025-05-17,90,3720.6460932640316,3938.2588244056956,4270.639638243348,4357.588008750863,3967.2297703896315,0.0
45,2025-05-31,90,3565.978185855706,3774.2798586442477,4093.5950671504147,4175.569380015776,3802.1658320415186,0.0
46,2025-06-07,90,3952.589670710482,4185.80821845038,4539.097113576738,4630.808818228298,4216.739370955342,0.0
47,2025-06-14,90,4375.718541509871,4633.249606138361,5024.105081846392,5125.693092194034,4667.129284573385,0.0
48,2025-06-21,90,4017.41353872365,4254.72180284153,4614.814322786257,4708.347258855046,4286.362170598582,0.0
49,2025-06-28,90,4637.6693748088455,4911.450695110415,5323.105507673136,5431.301159671632,4946.975320872891,0.0
50,2025-07-12,90,5160.759156039102,5463.728313136537,5923.481075854871,6047.17048937922,5503.986982850456,0.0
51,2025-07-19,90,5160.759156039102,5463.728313136537,5923.481075854871,6047.17048937922,5503.986982850456,0.0
52,2025-07-26,90,4597.537962322613,4867.089365548699,5277.44929789514,5387.093824623443,4903.602675785122,0.0
53,2025-08-02,90,5548.215096299071,5877.521392010965,6372.043128833704,6505.444934611965,5920.287728136728,0.0
54,2025-08-09,90,6395.944435497449,6777.7559099552445,7347.602295041039,7503.067207328214,6826.76950717769,0.0
55,2025-08-16,90,5631.763734454206,5965.597040501225,6470.279915987898,6606.147485094558,6008.913192770345,0.0
56,2025-08-23,90,5141.432731984094,5445.7998202089,5909.236301708208,6032.738067199475,5486.267750142977,0.0
57,2025-09-06,90,4733.546225725916,5012.953102240739,5438.785283201667,5549.807693044322,5049.34876073442,0.0
58,2025-09-13,90,4733.546225725916,5012.953102240739,5438.785283201667,5549.807693044322,5049.34876073442,0.0
59,2025-09-27,90,5280.89799167745,5592.5662603589935,6067.912305527778,6193.694086448516,5633.60509229497,0.0
60,2025-10-04,90,5782.137559632151,6134.732118610042,6661.729554908431,6820.597517955528,6180.65120721021,0.0
61,2025-10-11,90,5096.37354240896,5483.67953783003,7092.647014436712,7278.346990778032,5779.911188285256,0.0
62,2025-10-18,90,4733.192073856599,5092.628094953056,6586.812315480354,6762.300568815572,5368.340651789353,0.0
63,2025-10-25,90,4495.98777889328,5927.31992712482,7708.018550038666,7908.2191400692145,6012.8252965353695,0.0
64,2025-11-01,90,5590.234835606408,7377.902451297095,9597.236209492625,9841.269920487091,7484.273136347854,0.0
65,2025-11-08,90,4963.949655925922,6623.2174210847315,9043.437747018976,10449.972420047796,6988.752640177646,0.0
66,2025-11-15,90,5630.090971343302,7543.032065119751,10312.517209336525,11866.654761729164,7951.168446285102,0.0
67,2025-11-22,90,5058.7717098350895,6795.531557344535,9323.095991678621,10669.142794079413,7158.166235425949,0.0
68,2025-12-06,90,4799.422644280959,6543.17895158063,9618.54517427789,10206.383099699699,6934.29481098841,0.0
69,2025-12-13,90,4264.845684791463,5815.342026839488,8543.19091868353,9068.397844375188,6164.4200172225555,0.0
70,2026-01-24,90,3955.5311605975635,6339.654903566627,9212.106496195163,10079.939446891754,6509.706743363749,0.0
71,2026-01-31,90,4250.611580146131,6815.070456562871,9903.555141973402,10843.500467013624,6998.017279549518,0.0
72,2026-02-07,90,3878.1711862472157,6211.948192126603,9027.936628587235,9866.591681353806,6380.4121617109,0.0
73,2026-02-21,90,3570.2428336662165,5724.059681615025,8353.349642961564,9168.058776923324,5887.728515528544,0.0
0,start,100,500.0,500.0,500.0,500.0,500.0,0.0
1,2024-05-11,100,570.7054426544918,571.0440376875516,571.131458374739,571.131458374739,570.9712112840182,0.0
2,2024-05-18,100,531.3575798818985,534.9956575420588,536.2758513525414,536.3549648869084,534.5995319084391,0.0
3,2024-06-01,100,588.5661526574443,597.9859823448082,600.04349642527,600.3030327827727,596.8515095404107,0.0
4,2024-06-08,100,681.6647256821623,692.5549071679967,694.991460477413,695.2629558727946,691.2639438488337,0.0
5,2024-06-15,100,787.8176347246086,800.3768372480503,803.3452972188452,803.7554917241364,798.9168848832381,0.0
6,2024-06-22,100,837.1074216688359,851.524002958314,855.028814691808,855.4378063807932,849.5354438555289,0.0
7,2024-06-29,100,986.0423118082375,1007.0879515612146,1017.1452650246033,1017.8471149641127,1005.9741654882032,0.0
8,2024-07-13,100,915.5793399195915,939.7074189945758,1165.8886563681353,1167.648840081329,1019.2600898037698,0.0
9,2024-07-20,100,837.6005410105906,859.6737415221805,1066.7192871077627,1068.462869212785,932.427993994759,0.0
10,2024-07-27,100,976.482392155137,1008.3273912465366,1252.241324557603,1256.2624757036651,1090.139782232373,0.0
11,2024-08-03,100,889.7223777717699,921.6169565402747,1144.4597288499367,1150.40896386304,996.1181382006552,0.0
12,2024-08-10,100,1012.9554907072497,1048.9489877279589,1302.57908037898,1309.1818700095298,1133.7342908671521,0.0
13,2024-08-17,100,1252.5984022025364,1298.5859123882603,1612.276485471834,1620.5606064115361,1402.883706941102,0.0
14,2024-08-24,100,1138.374482797406,1180.6303688817034,1466.2518990985466,1474.1528599381186,1275.6448890808888,0.0
15,2024-09-07,100,1056.9042610445265,1096.28948116312,1361.2282647790303,1368.6386991747424,1184.3633251033884,0.0
16,2024-09-14,100,1233.9532010673813,1281.9360557481814,1591.9498580575403,1599.1406954508113,1383.3005438615162,0.0
17,2024-09-28,100,1453.8788170668784,1510.9585894721233,1876.364453544747,1884.2628511101334,1630.0582071542922,0.0
18,2024-10-05,100,1368.589490324514,1698.8624901727126,2117.991872623084,2133.21529887901,1677.6933563104403,0.0
19,2024-10-12,100,1213.2593240874633,1506.3010980671424,1878.020197105755,1891.1360409795045,1487.512982072752,0.0
20,2024-10-19,100,1443.1711511036046,1793.000499252717,2236.7144071534217,2252.4403441075406,1770.609013971422,0.0
21,2024-10-26,100,1624.7068478266017,2019.1291278375397,2518.2746619690074,2536.9732899295554,1993.603374910576,0.0
22,2024-11-02,100,1955.9572545952283,2431.4072128659054,3036.9299776050107,3056.555355705207,2402.0772408941098,0.0
23,2024-11-09,100,2139.9840452222193,2661.0581526561164,3323.3602390578408,3345.28241127596,2628.714866227149,0.0
24,2024-11-16,100,2000.0871875017272,2507.7839003845197,3136.3221436458684,3159.6197954571217,2476.8085547923656,0.0
25,2024-11-23,100,2000.0871875017272,2507.7839003845197,3136.3221436458684,3159.6197954571217,2476.8085547923656,0.0
26,2024-12-07,100,1856.8758373740804,2327.2429958180937,2911.9527775927277,2931.9083718016723,2299.263549912611,0.0
27,2024-12-14,100,1642.2164418213465,2071.1791985451,2623.8600480134064,2652.1263842448975,2054.321266804427,0.0
28,2025-01-11,100,1699.605735865244,2144.0308711614935,2715.715841215307,2745.3113208682207,2126.446268261702,0.0
29,2025-01-18,100,1963.5073549160632,2475.713506261094,3136.7459807568325,3172.294492358889,2455.8714484407687,0.0
30,2025-02-01,100,2389.510746284815,3029.916771452387,3840.836827521744,3899.8752756362032,3009.750891728692,0.0
31,2025-02-08,100,2906.1183795142174,3685.2495670032185,4672.195165948367,4741.108417000573,3660.6944490126884,0.0
32,2025-02-15,100,2684.090996931594,3421.4681643219683,4360.764499367335,4424.017985996607,3405.87161714717,0.0
33,2025-02-22,100,3141.1988166655196,4003.6664412149335,5103.194439688126,5178.316619320963,3985.6704658430262,0.0
34,2025-03-01,100,3770.7067551756504,4808.260290252479,6124.596551633734,6216.351180904897,4785.108491154507,0.0
35,2025-03-08,100,3495.990734226191,4459.717044164901,5680.13810016719,5761.987289461236,4437.696041925862,0.0
36,2025-03-15,100,4277.626051288115,5456.80418017248,6949.98023209591,7051.339552739246,5430.133853008919,0.0
37,2025-03-22,100,3940.2164773422137,5028.43896356943,6406.922969990145,6502.218080330805,5003.554767966248,0.0
38,2025-03-29,100,4610.605827399984,5880.794497500148,7491.806589677648,7601.859002743794,5851.2266408898495,0.0
39,2025-04-05,100,4831.697789588822,6162.924504490585,7852.539600801248,7968.867452023893,6131.927627402207,0.0
40,2025-04-12,100,4447.981410425858,5690.014602800552,7262.102724018012,7371.631699381164,5668.100027489447,0.0
41,2025-04-26,100,4884.080506287452,6247.664541183193,7975.540161837456,8097.981993559683,6224.656363546942,0.0
42,2025-05-03,100,5732.515416700375,7328.802811988517,9366.718747311465,9504.450041781014,7304.363341171964,0.0
43,2025-05-10,100,6387.21305244847,8169.8954056012135,10437.990754392034,10593.898686667639,8141.913475138876,0.0
44,2025-05-17,100,7381.586782096314,9442.076914594432,12064.81190193275,12248.64723712368,9409.841810741027,0.0
45,2025-05-31,100,7064.1000428537545,9035.403975790377,11546.624313390153,11722.868924644452,9005.59728379983,0.0
46,2025-06-07,100,7885.303846834505,10086.961091654233,12888.790896981718,13086.827953441034,10052.65357618875,0.0
47,2025-06-14,100,8776.571135501978,11226.082739736963,14345.950505908304,14564.063253469682,11189.017393707163,0.0
48,2025-06-21,100,8099.83937742511,10350.576156339826,13228.5292463487,13427.25298466979,10316.419618868407,0.0
49,2025-06-28,100,9385.985122755676,11994.364136293196,15326.713011425927,15559.642090997155,11955.360403037725,0.0
50,2025-07-12,100,10510.10832843213,13430.273312549232,17162.657408703995,17424.867241800977,13386.621773710387,0.0
51,2025-07-19,100,10510.10832843213,13430.273312549232,17162.657408703995,17424.867241800977,13386.621773710387,0.0
52,2025-07-26,100,9413.54660281152,12022.839153627141,15364.582938976988,15604.704256334813,11985.495914105593,0.0
53,2025-08-02,100,11468.218814535,14654.29053937618,18729.192465038803,19008.805762572476,14605.067272019001,0.0
54,2025-08-09,100,13418.383534782226,17147.403182788516,21922.688431654096,22253.810783251887,17088.12546040734,0.0
55,2025-08-16,100,11772.376501188033,15045.653936329207,19223.697393853323,19524.14705552138,14993.35489285264,0.0
56,2025-08-23,100,10974.603162806592,14025.813834239962,17918.74798257754,18206.726682096276,13970.492909482444,0.0
57,2025-09-06,100,10090.337506250067,12895.590223417585,16481.666349378906,16745.513882555188,12848.364381439487,0.0
58,2025-09-13,100,9393.153757682487,12003.495937850483,15340.76514923366,15580.384224188356,11958.2294816049,0.0
59,2025-09-27,100,10565.462632688785,13503.34733976095,17256.35017853989,17522.719267433673,13450.35258707293,0.0
60,2025-10-04,100,11660.6820133462,14909.371428011438,19050.70468891125,19352.437707091613,14851.807260512418,0.0
61,2025-10-11,100,10419.628086798899,13486.916680412614,17478.601412072578,19169.572996913685,13713.421882734561,0.0
62,2025-10-18,100,9653.398809230062,12489.50214362787,16190.675715712421,17771.330327964042,12705.468992658236,0.0
63,2025-10-25,100,11252.668086908148,14555.75320889185,18879.124595325586,20713.42358335382,14805.05658204394,0.0
64,2025-11-01,100,14388.993087267936,18608.04114004759,24153.600280510807,26518.331001535706,18926.928960859586,0.0
65,2025-11-08,100,13057.117823356795,20292.572856907296,27349.20040129796,28074.9119617072,20122.900073982273,0.0
66,2025-11-15,100,14817.308739752787,23028.574307802955,31042.994423376247,31859.363727836797,22835.623777940484,0.0
67,2025-11-22,100,13343.331412744361,20760.387385673486,27958.50617459854,28787.06912924966,20591.151624308743,0.0
68,2025-12-06,100,12753.90862717872,19976.197853142152,27242.03225106005,30230.854528019438,20065.975524845904,0.0
69,2025-12-13,100,11464.496252929064,17982.804892631924,24516.40272453987,27183.7366181899,18047.37967660169,0.0
70,2026-01-24,100,13226.164964875568,20743.144511311348,28295.089576325023,31386.549862774573,20824.165155739094,0.0
71,2026-01-31,100,14286.952268939622,22410.152768614866,30564.07592269357,33902.04585240274,22495.375314840527,0.0
72,2026-02-07,100,13059.96439392524,20458.623193353655,27919.528534650435,30966.981151357206,20541.825827938326,0.0
73,2026-02-21,100,12135.762295137167,19008.285391482495,25933.135480190842,28761.156143906774,19090.16361846225,0.0
