date,target_pct_opening_ev,candidate_count,qualifying_unique_combinations,opening_ev_pct,tolerance_pp,status,achieved_ev_ratio_min,achieved_ev_ratio_max,scenario_realized_return_min_pct,scenario_realized_return_max_pct
2024-05-11,50,50000,1110,1.5720127679953142,1.0,qualified,49.002254841328956,50.99625542717174,8.949356353652439,9.897842643269108
2024-05-11,60,50000,1093,1.5720127679953142,1.0,qualified,59.004127754916354,60.99727095443264,10.09597907968886,11.081053660813472
2024-05-11,70,50000,1118,1.5720127679953142,1.0,qualified,69.00334597781328,70.99526604588061,11.146229885069516,12.114452924262697
2024-05-11,80,50000,1059,1.5720127679953142,1.0,qualified,79.01181963665587,80.99986177787967,12.18369488437523,12.930007208283333
2024-05-11,90,50000,1109,1.5720127679953142,1.0,qualified,89.01432230223052,90.99637393622676,13.181274001268958,13.619619742276809
2024-05-11,100,50000,620,1.5720127679953142,1.0,qualified,99.0254736558579,100.0,14.14108853089836,14.226291674947811
2024-05-18,50,50000,0,3.1793985896184753,1.0,no_sampled_match_no_bet,,,,
2024-05-18,60,50000,0,3.1793985896184753,1.0,no_sampled_match_no_bet,,,,
2024-05-18,70,50000,0,3.1793985896184753,1.0,no_sampled_match_no_bet,,,,
2024-05-18,80,50000,0,3.1793985896184753,1.0,no_sampled_match_no_bet,,,,
2024-05-18,90,50000,0,3.1793985896184753,1.0,no_sampled_match_no_bet,,,,
2024-05-18,100,50000,8258,3.1793985896184753,1.0,qualified,99.0020016280606,100.99966207792059,-8.021695132863421,-6.04058471671206
2024-06-01,50,50000,0,3.131205696089137,1.0,no_sampled_match_no_bet,,,,
2024-06-01,60,50000,0,3.131205696089137,1.0,no_sampled_match_no_bet,,,,
2024-06-01,70,50000,0,3.131205696089137,1.0,no_sampled_match_no_bet,,,,
2024-06-01,80,50000,0,3.131205696089137,1.0,no_sampled_match_no_bet,,,,
2024-06-01,90,50000,24,3.131205696089137,1.0,qualified,89.40063891335005,90.99706585156433,10.733804775878783,11.041181223026483
2024-06-01,100,50000,4184,3.131205696089137,1.0,qualified,99.00082694854899,100.99845543894334,10.152820070144974,12.321921014235823
2024-06-08,50,50000,0,3.094501492730732,1.0,no_sampled_match_no_bet,,,,
2024-06-08,60,50000,0,3.094501492730732,1.0,no_sampled_match_no_bet,,,,
2024-06-08,70,50000,0,3.094501492730732,1.0,no_sampled_match_no_bet,,,,
2024-06-08,80,50000,11346,3.094501492730732,1.0,qualified,79.0000066599834,80.04608187420804,19.02665369359707,20.3206678104038
2024-06-08,90,50000,0,3.094501492730732,1.0,no_sampled_match_no_bet,,,,
2024-06-08,100,50000,2288,3.094501492730732,1.0,qualified,99.00589640609394,100.1901990040577,15.739375715451478,15.855916316142386
2024-06-15,50,50000,1166,2.6727637926979124,1.0,qualified,49.00046251543872,50.997223905603455,10.234274288011855,10.623921274664678
2024-06-15,60,50000,1098,2.6727637926979124,1.0,qualified,59.00623561550053,60.996272745521175,11.545071020990136,11.953736179748887
2024-06-15,70,50000,1007,2.6727637926979124,1.0,qualified,69.00248107486844,70.99889349935964,12.818102760177617,13.237483579834327
2024-06-15,80,50000,2082,2.6727637926979124,1.0,qualified,79.00267944846144,80.99928208953335,13.895275018750988,14.397450585844846
2024-06-15,90,50000,2513,2.6727637926979124,1.0,qualified,89.00271639650283,90.99749464655086,14.645292164123147,15.157852100364272
2024-06-15,100,50000,2457,2.6727637926979124,1.0,qualified,99.00163265860871,100.99998038895004,15.496425035946244,15.87848101763663
2024-06-22,50,50000,893,0.3709344932375462,1.0,qualified,49.00126698293201,50.99917586597491,-3.1912054805080983,4.569460295591308
2024-06-22,60,50000,761,0.3709344932375462,1.0,qualified,59.00205216649533,60.995941869992244,-3.444145991896954,4.62736448448291
2024-06-22,70,50000,755,0.3709344932375462,1.0,qualified,69.00893238514561,70.99682470175337,3.936903397766759,5.09870725444393
2024-06-22,80,50000,807,0.3709344932375462,1.0,qualified,79.00685507229991,80.99356111597955,4.299768154146806,5.556281037014292
2024-06-22,90,50000,943,0.3709344932375462,1.0,qualified,89.00216029691336,90.99652412447287,4.624259994345917,6.019505060957705
2024-06-22,100,50000,1343,0.3709344932375462,1.0,qualified,99.00028118723777,100.9212006220988,4.958183749648671,6.472587717041218
2024-06-29,50,50000,0,4.012142785682775,1.0,no_sampled_match_no_bet,,,,
2024-06-29,60,50000,1159,4.012142785682775,1.0,qualified,60.06891706220868,60.99962443243058,14.28193105122761,14.646755715488164
2024-06-29,70,50000,1468,4.012142785682775,1.0,qualified,69.00275997675908,70.99920586378471,13.485778375895647,15.565231844037955
2024-06-29,80,50000,1306,4.012142785682775,1.0,qualified,79.00159067995644,80.99904863988979,14.33574186849681,16.506088511241664
2024-06-29,90,50000,1991,4.012142785682775,1.0,qualified,89.00309513304813,90.99935134604856,15.310732266429339,17.675673207582975
2024-06-29,100,50000,10196,4.012142785682775,1.0,qualified,99.00004326773914,100.99928987816473,16.45590705534838,19.27645412571503
2024-07-13,50,50000,0,1.2152244229080895,1.0,no_sampled_match_no_bet,,,,
2024-07-13,60,50000,6,1.2152244229080895,1.0,qualified,59.336818633231175,60.96043509602102,-5.842923644263186,-5.352581216852078
2024-07-13,70,50000,45,1.2152244229080895,1.0,qualified,69.05872136036925,70.9994141195294,-6.529339523460247,-5.539468742714564
2024-07-13,80,50000,27,1.2152244229080895,1.0,qualified,79.0345924223588,80.76713758528707,-6.867454661735412,-6.161254457606949
2024-07-13,90,50000,102,1.2152244229080895,1.0,qualified,89.01784608954296,90.99883710833628,-7.1849555070889135,-6.708494114797253
2024-07-13,100,50000,2837,1.2152244229080895,1.0,qualified,99.00219286121624,100.99752205048175,-7.5889814396901,15.02199794399402
2024-07-20,50,50000,0,2.810297988342626,1.0,no_sampled_match_no_bet,,,,
2024-07-20,60,50000,0,2.810297988342626,1.0,no_sampled_match_no_bet,,,,
2024-07-20,70,50000,0,2.810297988342626,1.0,no_sampled_match_no_bet,,,,
2024-07-20,80,50000,0,2.810297988342626,1.0,no_sampled_match_no_bet,,,,
2024-07-20,90,50000,18,2.810297988342626,1.0,qualified,89.15891327572255,90.88845095083497,-8.095249904913357,-7.178248077497167
2024-07-20,100,50000,3792,2.810297988342626,1.0,qualified,99.00405395234644,100.9997155043312,-9.12885158942661,-7.986573996849562
2024-07-27,50,50000,0,4.483375377454257,1.0,no_sampled_match_no_bet,,,,
2024-07-27,60,50000,19,4.483375377454257,1.0,qualified,59.098066500065144,60.99105522024528,-13.253843084366714,11.647167920429242
2024-07-27,70,50000,1095,4.483375377454257,1.0,qualified,69.00308347226198,70.99496789014815,-12.506671898924996,12.74394771319652
2024-07-27,80,50000,1225,4.483375377454257,1.0,qualified,79.00327018412518,80.99962608191122,-11.500182140194106,13.72615014468376
2024-07-27,90,50000,1549,4.483375377454257,1.0,qualified,89.00178684538197,90.99839095868077,14.40541144149412,14.772190748373301
2024-07-27,100,50000,6504,4.483375377454257,1.0,qualified,99.00014567826354,100.99985939975636,15.761311810368387,18.0387459438659
2024-08-03,50,50000,0,3.4078433954007608,1.0,no_sampled_match_no_bet,,,,
2024-08-03,60,50000,0,3.4078433954007608,1.0,no_sampled_match_no_bet,,,,
2024-08-03,70,50000,0,3.4078433954007608,1.0,no_sampled_match_no_bet,,,,
2024-08-03,80,50000,6,3.4078433954007608,1.0,qualified,79.11336838757512,80.9409183434666,-8.610195158071708,-8.430023553144327
2024-08-03,90,50000,7371,3.4078433954007608,1.0,qualified,89.00782482655123,90.99877229565239,-10.098107349032096,-7.985851785079263
2024-08-03,100,50000,6919,3.4078433954007608,1.0,qualified,99.00040018521939,100.99977334492698,-9.413686245998822,-8.014319481268501
2024-08-10,50,50000,1094,1.4356266398779824,1.0,qualified,49.00313206284302,50.99952788478303,7.827508987181424,10.02040601518115
2024-08-10,60,50000,1217,1.4356266398779824,1.0,qualified,59.00229139136188,60.99970725757232,8.206179810524201,11.53024401298825
2024-08-10,70,50000,1544,1.4356266398779824,1.0,qualified,69.00065559173069,70.9994693702225,9.148764500876931,13.002435133917084
2024-08-10,80,50000,416,1.4356266398779824,1.0,qualified,79.00107137978507,80.99535990726726,10.085917532837046,11.875870069054354
2024-08-10,90,50000,676,1.4356266398779824,1.0,qualified,89.00013119668756,90.99541841849542,11.086067361319122,12.919205346461707
2024-08-10,100,50000,1454,1.4356266398779824,1.0,qualified,99.00399372669743,100.0,13.570764361283445,13.902994504124186
2024-08-17,50,50000,0,5.536584718794611,1.0,no_sampled_match_no_bet,,,,
2024-08-17,60,50000,0,5.536584718794611,1.0,no_sampled_match_no_bet,,,,
2024-08-17,70,50000,0,5.536584718794611,1.0,no_sampled_match_no_bet,,,,
2024-08-17,80,50000,0,5.536584718794611,1.0,no_sampled_match_no_bet,,,,
2024-08-17,90,50000,4362,5.536584718794611,1.0,qualified,89.00035373364591,90.99918313960143,20.48194901434,23.159292879636883
2024-08-17,100,50000,7891,5.536584718794611,1.0,qualified,99.00027372042068,100.33379175292694,22.413750363608234,24.058978439971497
2024-08-24,50,50000,587,2.2617990303683984,1.0,qualified,49.00176225625191,50.99798696308532,-10.171977199187578,9.787490039999316
2024-08-24,60,50000,627,2.2617990303683984,1.0,qualified,59.0010015862724,60.99571304735709,-11.070117297704844,11.973460354833286
2024-08-24,70,50000,621,2.2617990303683984,1.0,qualified,69.00223961114452,70.99461895048073,-11.420256926327594,12.689089627499492
2024-08-24,80,50000,698,2.2617990303683984,1.0,qualified,79.00901851155403,80.99838127894284,-11.492778380415878,-9.762483155330196
2024-08-24,90,50000,1634,2.2617990303683984,1.0,qualified,89.00064281612872,90.99971160553606,-11.360891290256463,-9.49084595175895
2024-08-24,100,50000,5551,2.2617990303683984,1.0,qualified,99.00046298451753,100.99246484119098,-10.828757752444632,-8.826663506872091
2024-09-07,50,50000,0,1.3741187194299167,1.0,no_sampled_match_no_bet,,,,
2024-09-07,60,50000,0,1.3741187194299167,1.0,no_sampled_match_no_bet,,,,
2024-09-07,70,50000,0,1.3741187194299167,1.0,no_sampled_match_no_bet,,,,
2024-09-07,80,50000,0,1.3741187194299167,1.0,no_sampled_match_no_bet,,,,
2024-09-07,90,50000,22,1.3741187194299167,1.0,qualified,89.00108862250897,90.9609981899044,-7.203076670271387,-7.058682740161432
2024-09-07,100,50000,1919,1.3741187194299167,1.0,qualified,99.00087722106761,100.9878187714055,-7.363332857081309,-7.093113832117045
2024-09-14,50,50000,0,2.09381343330828,1.0,no_sampled_match_no_bet,,,,
2024-09-14,60,50000,0,2.09381343330828,1.0,no_sampled_match_no_bet,,,,
2024-09-14,70,50000,1685,2.09381343330828,1.0,qualified,69.00968524408219,70.99979349717137,15.249151432503428,15.90890266838421
2024-09-14,80,50000,971,2.09381343330828,1.0,qualified,79.0012291909343,80.99946274748558,14.139628999559301,17.136065950678706
2024-09-14,90,50000,1830,2.09381343330828,1.0,qualified,89.00121471514797,90.99998133811452,14.795849402342245,18.524689447231637
2024-09-14,100,50000,8142,2.09381343330828,1.0,qualified,99.00027401165468,100.99973139340128,15.540376154250882,18.898163686946045
2024-09-28,50,50000,0,2.240097966560126,1.0,no_sampled_match_no_bet,,,,
2024-09-28,60,50000,0,2.240097966560126,1.0,no_sampled_match_no_bet,,,,
2024-09-28,70,50000,0,2.240097966560126,1.0,no_sampled_match_no_bet,,,,
2024-09-28,80,50000,0,2.240097966560126,1.0,no_sampled_match_no_bet,,,,
2024-09-28,90,50000,6148,2.240097966560126,1.0,qualified,89.0001400308311,90.99979997172616,15.575722700860664,16.11944317312872
2024-09-28,100,50000,2838,2.240097966560126,1.0,qualified,99.00316382473332,100.99841690635567,16.92768964408932,17.990684371573213
2024-10-05,50,50000,0,3.3821226283738945,1.0,no_sampled_match_no_bet,,,,
2024-10-05,60,50000,0,3.3821226283738945,1.0,no_sampled_match_no_bet,,,,
2024-10-05,70,50000,0,3.3821226283738945,1.0,no_sampled_match_no_bet,,,,
2024-10-05,80,50000,2384,3.3821226283738945,1.0,qualified,79.00017594475287,80.99957434178233,-7.30476145132619,-5.216280354993568
2024-10-05,90,50000,2624,3.3821226283738945,1.0,qualified,89.0022057209277,90.99953215421446,-7.255421823436124,12.058879255063673
2024-10-05,100,50000,10097,3.3821226283738945,1.0,qualified,99.00004074652934,100.9997355122331,-6.832097531476319,14.02521227573113
2024-10-12,50,50000,0,3.926602437740967,1.0,no_sampled_match_no_bet,,,,
2024-10-12,60,50000,815,3.926602437740967,1.0,qualified,59.00275980788316,60.996231483775055,-8.718129373850129,-8.26897121434
2024-10-12,70,50000,469,3.926602437740967,1.0,qualified,69.00326434431139,70.99848173565965,-10.690121699277414,12.593963518921333
2024-10-12,80,50000,3668,3.926602437740967,1.0,qualified,79.00141156318686,80.9997565830794,-10.38647591667781,-9.235466478071015
2024-10-12,90,50000,94,3.926602437740967,1.0,qualified,89.0076981190125,90.98481608374534,-12.140782719841413,-11.814980115564575
2024-10-12,100,50000,1811,3.926602437740967,1.0,qualified,99.00000091063234,100.99154133626566,-11.597638289489252,-11.241389973304434
2024-10-19,50,50000,0,3.6458857302068535,1.0,no_sampled_match_no_bet,,,,
2024-10-19,60,50000,0,3.6458857302068535,1.0,no_sampled_match_no_bet,,,,
2024-10-19,70,50000,0,3.6458857302068535,1.0,no_sampled_match_no_bet,,,,
2024-10-19,80,50000,2147,3.6458857302068535,1.0,qualified,79.0013216839494,80.99911527897537,15.181317968086864,16.399473719964675
2024-10-19,90,50000,2952,3.6458857302068535,1.0,qualified,89.00070011757833,90.99997203657878,16.111204667822353,17.995430186430582
2024-10-19,100,50000,9638,3.6458857302068535,1.0,qualified,99.00016243500787,100.99376402263404,17.84376009262603,19.81661674301078
2024-10-26,50,50000,337,3.2174912404949922,1.0,qualified,49.000097752565075,50.99090371005166,-6.3504361378970335,11.062699837267086
2024-10-26,60,50000,1447,3.2174912404949922,1.0,qualified,59.00055699900651,60.99984698693343,-5.814703460182891,12.172125722305307
2024-10-26,70,50000,1482,3.2174912404949922,1.0,qualified,69.00323861876042,70.9998474190998,-5.10022869526182,13.658192004443817
2024-10-26,80,50000,1904,3.2174912404949922,1.0,qualified,79.00020074135867,80.9974597398202,9.156659634274927,11.75481783799564
2024-10-26,90,50000,2372,3.2174912404949922,1.0,qualified,89.00224116263834,90.99919964528567,10.24555648155697,11.668377871092542
2024-10-26,100,50000,2812,3.2174912404949922,1.0,qualified,99.00019167757566,100.80660458152482,11.767608576853927,12.858595878511325
2024-11-02,50,50000,718,3.2032521833169856,1.0,qualified,49.00273462555072,50.961596133626564,12.238271455679488,12.610976222784782
2024-11-02,60,50000,511,3.2032521833169856,1.0,qualified,59.00545118465963,60.98473367320313,13.850070322087152,14.302480318832625
2024-11-02,70,50000,1058,3.2032521833169856,1.0,qualified,69.00260148474023,70.99857872192601,14.895633093178361,15.401162104252428
2024-11-02,80,50000,1266,3.2032521833169856,1.0,qualified,79.00081319540992,80.99730833877314,15.98141770785383,16.662037372473094
2024-11-02,90,50000,2059,3.2032521833169856,1.0,qualified,89.00009289619086,90.99920681381272,17.252130276273363,19.650682007547495
2024-11-02,100,50000,9996,3.2032521833169856,1.0,qualified,99.00002731833351,100.99995081171723,18.95614318895758,21.57805487056887
2024-11-09,50,50000,1196,1.2747613052449234,1.0,qualified,49.003904934102785,50.998677055214216,5.964987759572237,6.404913081237895
2024-11-09,60,50000,1061,1.2747613052449234,1.0,qualified,59.00260329923238,60.999828816091366,6.702172456277314,7.162445442362281
2024-11-09,70,50000,1083,1.2747613052449234,1.0,qualified,69.00045375350112,70.9991708010725,7.39832587153434,7.894209041931502
2024-11-09,80,50000,942,1.2747613052449234,1.0,qualified,79.00005571749271,80.9900979574473,8.084198986425942,8.505339875079017
2024-11-09,90,50000,1029,1.2747613052449234,1.0,qualified,89.00074091630005,90.96135153818977,8.744094491750424,9.073396773101267
2024-11-09,100,50000,1111,1.2747613052449234,1.0,qualified,99.0102676693956,100.90000959946951,9.38908211266985,9.640569285860547
2024-11-16,50,50000,541,1.4231818502263667,1.0,qualified,49.007657582738865,50.99458645993428,-6.750043113880519,-4.49614327261382
2024-11-16,60,50000,504,1.4231818502263667,1.0,qualified,59.00412768986645,60.99850730967712,-7.341144571423996,-4.751622648579969
2024-11-16,70,50000,486,1.4231818502263667,1.0,qualified,69.0012568706205,70.99692007959719,-7.7807718378560615,-4.661341167762942
2024-11-16,80,50000,641,1.4231818502263667,1.0,qualified,79.00097600293289,80.9921767629168,-8.165159497699934,-4.8169029961062435
2024-11-16,90,50000,967,1.4231818502263667,1.0,qualified,89.00087220383563,90.99893618659331,-8.509823370010151,-4.930015651260058
2024-11-16,100,50000,3398,1.4231818502263667,1.0,qualified,99.00023353282802,100.99983544279686,-10.098114349611203,8.193039922216181
2024-11-23,50,50000,0,-0.0,1.0,undefined_opening_ev,,,,
2024-11-23,60,50000,0,-0.0,1.0,undefined_opening_ev,,,,
2024-11-23,70,50000,0,-0.0,1.0,undefined_opening_ev,,,,
2024-11-23,80,50000,0,-0.0,1.0,undefined_opening_ev,,,,
2024-11-23,90,50000,0,-0.0,1.0,undefined_opening_ev,,,,
2024-11-23,100,50000,0,-0.0,1.0,undefined_opening_ev,,,,
2024-12-07,50,50000,0,2.4613051619193858,1.0,no_sampled_match_no_bet,,,,
2024-12-07,60,50000,0,2.4613051619193858,1.0,no_sampled_match_no_bet,,,,
2024-12-07,70,50000,2,2.4613051619193858,1.0,qualified,70.48634500199101,70.96971816550658,-5.540663044376934,-5.410122109249491
2024-12-07,80,50000,1071,2.4613051619193858,1.0,qualified,79.00023014414572,80.99797539511654,-6.620281406570028,-5.6256827881273805
2024-12-07,90,50000,479,2.4613051619193858,1.0,qualified,89.0073727920238,90.99593785836637,-7.388641675479681,-6.361057168747469
2024-12-07,100,50000,5136,2.4613051619193858,1.0,qualified,99.00411765182439,100.99880222335814,-8.480324488912899,-6.9415007391291
2024-12-14,50,50000,0,2.6212493952078013,1.0,no_sampled_match_no_bet,,,,
2024-12-14,60,50000,0,2.6212493952078013,1.0,no_sampled_match_no_bet,,,,
2024-12-14,70,50000,7,2.6212493952078013,1.0,qualified,70.78158836165122,70.96059970090222,-13.292173462713382,-13.258641477595637
2024-12-14,80,50000,683,2.6212493952078013,1.0,qualified,79.00844358796589,80.99849934386395,-14.036230994677465,-9.22510663234535
2024-12-14,90,50000,1120,2.6212493952078013,1.0,qualified,89.00042319444013,90.99809805929637,-13.789882826900621,-9.02209691341039
2024-12-14,100,50000,4218,2.6212493952078013,1.0,qualified,99.0027214354037,100.99922338925522,-18.028855398654297,-8.866750073341723
2025-01-11,50,50000,173,0.25787781742369087,1.0,qualified,49.00337148970724,50.99962092453384,-2.6064733811653773,2.4032078418193743
2025-01-11,60,50000,203,0.25787781742369087,1.0,qualified,59.02183544732757,60.991319242922735,2.5556915611078304,2.6638595000755743
2025-01-11,70,50000,359,0.25787781742369087,1.0,qualified,69.01309551525564,70.99766678848844,2.7988973588194566,2.905761820851911
2025-01-11,80,50000,307,0.25787781742369087,1.0,qualified,79.02274341584219,80.99280572665798,3.041007575416464,3.1243594721159242
2025-01-11,90,50000,357,0.25787781742369087,1.0,qualified,89.00555295262984,90.995228394742,3.2532106341532723,3.3459322893313366
2025-01-11,100,50000,907,0.25787781742369087,1.0,qualified,99.00278142375751,100.99108724260952,3.4806828529852702,3.5549126347278195
2025-01-18,50,50000,0,2.331194217765854,1.0,no_sampled_match_no_bet,,,,
2025-01-18,60,50000,0,2.331194217765854,1.0,no_sampled_match_no_bet,,,,
2025-01-18,70,50000,1051,2.331194217765854,1.0,qualified,69.00380442499429,70.99783989787885,11.995909507627053,12.660403786735166
2025-01-18,80,50000,804,2.331194217765854,1.0,qualified,79.00172338386626,80.99349602337858,12.924282866539283,13.97876708359928
2025-01-18,90,50000,2135,2.331194217765854,1.0,qualified,89.00184578268507,90.99811345649076,10.723699462578455,15.039794564512524
2025-01-18,100,50000,6214,2.331194217765854,1.0,qualified,99.0000819266345,100.99990782159915,10.148380165725394,16.1217907599947
2025-02-01,50,50000,0,3.51483379519274,1.0,no_sampled_match_no_bet,,,,
2025-02-01,60,50000,0,3.51483379519274,1.0,no_sampled_match_no_bet,,,,
2025-02-01,70,50000,38,3.51483379519274,1.0,qualified,69.02387002786683,70.86849560065255,21.470570835467328,22.779855192989594
2025-02-01,80,50000,2600,3.51483379519274,1.0,qualified,79.00464246725734,80.99913215807585,-7.128988536767414,24.19714196071672
2025-02-01,90,50000,312,3.51483379519274,1.0,qualified,89.00105757780264,90.9875555651807,18.580542196388848,27.42461698301723
2025-02-01,100,50000,8745,3.51483379519274,1.0,qualified,99.00063648082586,100.99993510309787,20.370137567956416,24.305100595572522
2025-02-08,50,50000,0,4.164401673506413,1.0,no_sampled_match_no_bet,,,,
2025-02-08,60,50000,0,4.164401673506413,1.0,no_sampled_match_no_bet,,,,
2025-02-08,70,50000,568,4.164401673506413,1.0,qualified,70.79677127815269,70.99809595049837,17.85749971798544,17.882108903795576
2025-02-08,80,50000,2627,4.164401673506413,1.0,qualified,79.0002763344116,80.99992130267536,18.607016907850657,19.115964790666226
2025-02-08,90,50000,3536,4.164401673506413,1.0,qualified,89.0005900663305,90.99993825858853,19.624355199541675,20.824635766218226
2025-02-08,100,50000,3782,4.164401673506413,1.0,qualified,99.00011838009914,100.00000000000001,21.320159963662643,21.744575229497382
2025-02-15,50,50000,0,2.307538307212378,1.0,no_sampled_match_no_bet,,,,
2025-02-15,60,50000,0,2.307538307212378,1.0,no_sampled_match_no_bet,,,,
2025-02-15,70,50000,92,2.307538307212378,1.0,qualified,69.0071343013486,70.97273217679924,-8.374898796371975,-7.624597354331921
2025-02-15,80,50000,162,2.307538307212378,1.0,qualified,79.00448061606313,80.98112449726105,-8.807051348760181,-7.012455709843292
2025-02-15,90,50000,1320,2.307538307212378,1.0,qualified,89.00054147257605,90.99807548699494,-10.752383418616699,-5.873498091616783
2025-02-15,100,50000,4346,2.307538307212378,1.0,qualified,99.00043009618206,100.99878765479913,-10.63802011331894,-5.551233403667298
2025-02-22,50,50000,33,2.6657132448581344,1.0,qualified,50.442896297739026,50.918205428372694,10.858487786396873,10.939092984530472
2025-02-22,60,50000,1012,2.6657132448581344,1.0,qualified,59.006104412800035,60.99649271990166,12.041709020318825,12.712358298430077
2025-02-22,70,50000,980,2.6657132448581344,1.0,qualified,69.00089494267547,70.99757849158235,13.394677005805336,14.471627128768382
2025-02-22,80,50000,1902,2.6657132448581344,1.0,qualified,79.00080067369134,80.99894957986571,14.333188934565255,15.395782499317672
2025-02-22,90,50000,2617,2.6657132448581344,1.0,qualified,89.00115273559177,90.99562851740293,15.170116223360349,16.232302290917932
2025-02-22,100,50000,4155,2.6657132448581344,1.0,qualified,99.00032342561818,100.99965100599191,16.643183023434645,17.282376349555644
2025-03-01,50,50000,0,2.7749927731029724,1.0,no_sampled_match_no_bet,,,,
2025-03-01,60,50000,0,2.7749927731029724,1.0,no_sampled_match_no_bet,,,,
2025-03-01,70,50000,0,2.7749927731029724,1.0,no_sampled_match_no_bet,,,,
2025-03-01,80,50000,2454,2.7749927731029724,1.0,qualified,79.00927926972392,80.99388631531342,16.406323982438305,17.34728660918769
2025-03-01,90,50000,3352,2.7749927731029724,1.0,qualified,89.0004301792623,90.99553506015376,17.235235204184413,19.37785399374919
2025-03-01,100,50000,7236,2.7749927731029724,1.0,qualified,99.00053581204662,100.4307104227085,18.886397818435675,20.38584259818663
2025-03-08,50,50000,0,3.0434548086409303,1.0,no_sampled_match_no_bet,,,,
2025-03-08,60,50000,0,3.0434548086409303,1.0,no_sampled_match_no_bet,,,,
2025-03-08,70,50000,0,3.0434548086409303,1.0,no_sampled_match_no_bet,,,,
2025-03-08,80,50000,574,3.0434548086409303,1.0,qualified,79.00081631586815,80.99606876125318,-10.275019907404673,-8.181826179921096
2025-03-08,90,50000,4948,3.0434548086409303,1.0,qualified,89.00100906280134,90.99964177184302,-10.438529494210293,-7.450543123047335
2025-03-08,100,50000,5070,3.0434548086409303,1.0,qualified,99.00003880135479,100.99352283652415,-9.622684711370324,-7.154148494846551
2025-03-15,50,50000,0,4.046156778210533,1.0,no_sampled_match_no_bet,,,,
2025-03-15,60,50000,0,4.046156778210533,1.0,no_sampled_match_no_bet,,,,
2025-03-15,70,50000,0,4.046156778210533,1.0,no_sampled_match_no_bet,,,,
2025-03-15,80,50000,0,4.046156778210533,1.0,no_sampled_match_no_bet,,,,
2025-03-15,90,50000,0,4.046156778210533,1.0,no_sampled_match_no_bet,,,,
2025-03-15,100,50000,1856,4.046156778210533,1.0,qualified,99.00636231745297,100.99859015250269,-6.992464532086464,22.61274382565713
2025-03-22,50,50000,785,1.9788525856034758,1.0,qualified,49.003368736960724,50.996185263688254,-7.21743358666036,-6.83053188235809
2025-03-22,60,50000,840,1.9788525856034758,1.0,qualified,59.00814014992481,60.99903485365286,-7.654961333376159,-7.206037066770604
2025-03-22,70,50000,1015,1.9788525856034758,1.0,qualified,69.00829880448252,70.99429186665458,-8.006750642402459,-7.38334379198812
2025-03-22,80,50000,1243,1.9788525856034758,1.0,qualified,79.00122353793526,80.9959245339595,-8.284361784967679,-7.241936527536858
2025-03-22,90,50000,1567,1.9788525856034758,1.0,qualified,89.00140394008127,90.99936544357293,-8.48823132460635,-7.5117673486676235
2025-03-22,100,50000,5768,1.9788525856034758,1.0,qualified,99.00040365108894,100.99353323629721,-8.563112630977045,-7.726563033263262
2025-03-29,50,50000,0,4.372193704825566,1.0,no_sampled_match_no_bet,,,,
2025-03-29,60,50000,0,4.372193704825566,1.0,no_sampled_match_no_bet,,,,
2025-03-29,70,50000,0,4.372193704825566,1.0,no_sampled_match_no_bet,,,,
2025-03-29,80,50000,745,4.372193704825566,1.0,qualified,79.00242616360478,80.9977003402228,14.398507832261323,16.474096385786794
2025-03-29,90,50000,3419,4.372193704825566,1.0,qualified,89.00017745268978,90.99994107760638,15.208929376461356,16.111937926883922
2025-03-29,100,50000,5928,4.372193704825566,1.0,qualified,99.00039803755998,100.9733570850159,16.41952413032552,17.209601583401057
2025-04-05,50,50000,1146,0.27452350977681883,1.0,qualified,49.02430180872227,50.98174098683875,3.2740074756822883,3.507358641672708
2025-04-05,60,50000,986,0.27452350977681883,1.0,qualified,59.00405923165958,60.99160144747794,3.604734410020417,3.864683328438033
2025-04-05,70,50000,944,0.27452350977681883,1.0,qualified,69.00047496640708,70.99261348230067,3.9206109647728624,4.193893701468881
2025-04-05,80,50000,915,0.27452350977681883,1.0,qualified,79.00095311225792,80.99839652698533,4.216812652500566,4.497404346328931
2025-04-05,90,50000,971,0.27452350977681883,1.0,qualified,89.00037756735175,90.98827836866715,4.489855826062907,4.772382394151582
2025-04-05,100,50000,1604,0.27452350977681883,1.0,qualified,99.00754354569885,100.98800441110471,4.7475700090082,5.046761084153497
2025-04-12,50,50000,71,2.4540261550879396,1.0,qualified,49.019525492241755,50.97604296254786,-6.766578489090285,-5.448953971457157
2025-04-12,60,50000,117,2.4540261550879396,1.0,qualified,59.0128317669092,60.97126962155747,-8.933032585452926,-5.769610114100642
2025-04-12,70,50000,785,2.4540261550879396,1.0,qualified,69.00576008829125,70.99685767483588,-10.62179440023894,-7.138904366207846
2025-04-12,80,50000,694,2.4540261550879396,1.0,qualified,79.00092234422748,80.99637318248084,-11.33783924332941,-6.566613889923564
2025-04-12,90,50000,1463,2.4540261550879396,1.0,qualified,89.00083279677527,90.99936786292841,-11.346457153759857,-6.994962051970399
2025-04-12,100,50000,5033,2.4540261550879396,1.0,qualified,99.00003275788977,100.99991998587478,-10.763901597451564,-6.600771138603561
2025-04-26,50,50000,68,1.3756167567282513,1.0,qualified,49.01660670059366,50.9955282906235,4.796850245634783,6.292997984762148
2025-04-26,60,50000,116,1.3756167567282513,1.0,qualified,59.045648629340576,60.99987036730158,5.330945024327758,6.992804644958276
2025-04-26,70,50000,144,1.3756167567282513,1.0,qualified,69.0067703776517,70.99999927789574,5.932188559177912,7.7013942758110465
2025-04-26,80,50000,79,1.3756167567282513,1.0,qualified,79.06821847091022,80.95209467921705,6.418950894286057,8.40507008892092
2025-04-26,90,50000,212,1.3756167567282513,1.0,qualified,89.03333873905592,90.96017365652754,6.82961120997885,9.196381505420007
2025-04-26,100,50000,1298,1.3756167567282513,1.0,qualified,99.00246829260142,100.93230341501395,8.597957753706982,9.998001591140318
2025-05-03,50,50000,0,2.2515967202517846,1.0,no_sampled_match_no_bet,,,,
2025-05-03,60,50000,0,2.2515967202517846,1.0,no_sampled_match_no_bet,,,,
2025-05-03,70,50000,0,2.2515967202517846,1.0,no_sampled_match_no_bet,,,,
2025-05-03,80,50000,0,2.2515967202517846,1.0,no_sampled_match_no_bet,,,,
2025-05-03,90,50000,400,2.2515967202517846,1.0,qualified,89.00118618274797,90.9969629526815,16.044232884802724,17.449457174252284
2025-05-03,100,50000,13379,2.2515967202517846,1.0,qualified,99.00026088806783,100.99986569852263,16.77104353308413,18.829761983662184
2025-05-10,50,50000,4287,1.3350497563343646,1.0,qualified,49.00060481619976,50.99864268380268,9.388016087786404,10.244703137229683
2025-05-10,60,50000,3728,1.3350497563343646,1.0,qualified,59.0018082193462,60.99808752732002,10.456385339016817,11.095397613689341
2025-05-10,70,50000,0,1.3350497563343646,1.0,no_sampled_match_no_bet,,,,
2025-05-10,80,50000,106,1.3350497563343646,1.0,qualified,79.03471420494536,80.99320142934228,9.723006206956212,9.94971937320832
2025-05-10,90,50000,326,1.3350497563343646,1.0,qualified,89.01512142347423,90.99910085984662,10.52679206444002,10.768207798542731
2025-05-10,100,50000,2453,1.3350497563343646,1.0,qualified,99.00122868582483,100.19862808049982,11.395490158337962,11.51884783231052
2025-05-17,50,50000,0,3.107510033624203,1.0,no_sampled_match_no_bet,,,,
2025-05-17,60,50000,0,3.107510033624203,1.0,no_sampled_match_no_bet,,,,
2025-05-17,70,50000,1613,3.107510033624203,1.0,qualified,69.00278588110362,70.99965536053593,12.011245404369463,12.326265713797385
2025-05-17,80,50000,1834,3.107510033624203,1.0,qualified,79.00246511505647,80.99690526750679,12.788399117422422,13.215444585712554
2025-05-17,90,50000,2745,3.107510033624203,1.0,qualified,89.00188151679674,90.99891216627833,13.709617845380349,14.557779481689556
2025-05-17,100,50000,6656,3.107510033624203,1.0,qualified,99.00029780431214,100.99236566016958,15.013519078899565,15.9309697343368
2025-05-31,50,50000,1296,0.5157577769810971,1.0,qualified,49.0075008894813,50.999212505551284,-3.3545802734490344,-3.190512875474864
2025-05-31,60,50000,1139,0.5157577769810971,1.0,qualified,59.0060718493978,60.988137740752585,-3.6324857533143873,-3.4552227375121367
2025-05-31,70,50000,1301,0.5157577769810971,1.0,qualified,69.00989905912874,70.99806470788789,-3.8742455845821095,-3.6951378142557125
2025-05-31,80,50000,1479,0.5157577769810971,1.0,qualified,79.00068395806257,80.99964091922111,-4.09611477813794,-3.907796426180511
2025-05-31,90,50000,1773,0.5157577769810971,1.0,qualified,89.00087003599782,90.99847618366499,-4.279532202725644,-4.081199190204216
2025-05-31,100,50000,3718,0.5157577769810971,1.0,qualified,99.0003289097709,100.99404346343891,-4.424058277639566,-4.232924612152328
2025-06-07,50,50000,363,3.6508555802744196,1.0,qualified,49.00648077907702,50.987101001593956,-10.93319622671293,-10.510534437178585
2025-06-07,60,50000,0,3.6508555802744196,1.0,no_sampled_match_no_bet,,,,
2025-06-07,70,50000,1484,3.6508555802744196,1.0,qualified,69.0001865817961,70.99913096873601,9.301923360375195,9.81619666457389
2025-06-07,80,50000,1969,3.6508555802744196,1.0,qualified,79.00039887208251,80.99967970303821,9.954170233129618,10.511621341461646
2025-06-07,90,50000,2437,3.6508555802744196,1.0,qualified,89.00080586079027,90.99909358006217,10.667735845445467,11.279111955484012
2025-06-07,100,50000,4398,3.6508555802744196,1.0,qualified,99.00011417124803,100.0,11.541787320033102,11.7826207516843
2025-06-14,50,50000,0,3.3452896161503385,1.0,no_sampled_match_no_bet,,,,
2025-06-14,60,50000,1196,3.3452896161503385,1.0,qualified,59.0619874978602,60.986439478928204,8.600353273491555,8.909451223459229
2025-06-14,70,50000,1928,3.3452896161503385,1.0,qualified,69.00043340233488,70.99885382897583,9.2288585217081,9.692794369390342
2025-06-14,80,50000,2060,3.3452896161503385,1.0,qualified,79.00029427087382,80.99931675658713,9.843056233848376,10.359680736863865
2025-06-14,90,50000,2499,3.3452896161503385,1.0,qualified,89.00053139465449,90.99977665589,10.379615513974654,10.95681048623674
2025-06-14,100,50000,3254,3.3452896161503385,1.0,qualified,99.00004893431765,100.99906773703535,11.184952260268124,11.590873532257097
2025-06-21,50,50000,1296,2.043738615888065,1.0,qualified,49.074520947166675,50.988664169511765,-7.155138703522175,-6.810343280671176
2025-06-21,60,50000,1425,2.043738615888065,1.0,qualified,59.00044257199315,60.998686070636516,-7.58447749426742,-7.184276045286022
2025-06-21,70,50000,1406,2.043738615888065,1.0,qualified,69.00094424455094,70.99988985444021,-7.928483992556355,-7.457131792686833
2025-06-21,80,50000,1465,2.043738615888065,1.0,qualified,79.00208842882027,80.99986940558415,-8.195646477220308,-7.744627369575946
2025-06-21,90,50000,1676,2.043738615888065,1.0,qualified,89.0001575155906,90.99971348994752,-8.39000000084322,-7.944463426478052
2025-06-21,100,50000,4488,2.043738615888065,1.0,qualified,99.0004985760529,100.9955175705615,-8.434778806941695,-7.637144361677207
2025-06-28,50,50000,3846,3.3439727929146823,1.0,qualified,49.001461865370096,50.999691225681424,11.465888844740421,13.590469243022223
2025-06-28,60,50000,1965,3.3439727929146823,1.0,qualified,59.00150142857243,60.99988374710294,13.044686076030157,15.058820734574041
2025-06-28,70,50000,1154,3.3439727929146823,1.0,qualified,69.00043176497778,70.99915026029592,14.02428618316112,15.622565861321641
2025-06-28,80,50000,1340,3.3439727929146823,1.0,qualified,79.0025421220878,80.99944027316971,14.531871826430248,16.129522196766846
2025-06-28,90,50000,1528,3.3439727929146823,1.0,qualified,89.00075744689502,90.99696798328678,15.041470982176532,16.563498347098772
2025-06-28,100,50000,2419,3.3439727929146823,1.0,qualified,99.00021001161333,100.32251777043084,15.743144434737763,15.966185700198244
2025-07-12,50,50000,0,1.839393985623581,1.0,no_sampled_match_no_bet,,,,
2025-07-12,60,50000,0,1.839393985623581,1.0,no_sampled_match_no_bet,,,,
2025-07-12,70,50000,1910,1.839393985623581,1.0,qualified,69.0052166638129,70.99897308085089,-8.683973252580504,-8.233051857766082
2025-07-12,80,50000,9,1.839393985623581,1.0,qualified,80.6254227009112,80.97801550776838,10.399352002716794,10.493691749053554
2025-07-12,90,50000,6138,1.839393985623581,1.0,qualified,89.00035478534092,90.99985041312915,11.03726089509492,11.51310538247975
2025-07-12,100,50000,5773,1.839393985623581,1.0,qualified,99.00013820069476,100.99986888144508,11.722094563994458,12.268301907134692
2025-07-19,50,9738,0,-0.0,1.0,undefined_opening_ev,,,,
2025-07-19,60,9738,0,-0.0,1.0,undefined_opening_ev,,,,
2025-07-19,70,9738,0,-0.0,1.0,undefined_opening_ev,,,,
2025-07-19,80,9738,0,-0.0,1.0,undefined_opening_ev,,,,
2025-07-19,90,9738,0,-0.0,1.0,undefined_opening_ev,,,,
2025-07-19,100,9738,0,-0.0,1.0,undefined_opening_ev,,,,
2025-07-26,50,50000,0,2.6088368432972,1.0,no_sampled_match_no_bet,,,,
2025-07-26,60,50000,0,2.6088368432972,1.0,no_sampled_match_no_bet,,,,
2025-07-26,70,50000,0,2.6088368432972,1.0,no_sampled_match_no_bet,,,,
2025-07-26,80,50000,0,2.6088368432972,1.0,no_sampled_match_no_bet,,,,
2025-07-26,90,50000,5964,2.6088368432972,1.0,qualified,89.00023666982526,90.99963499366892,-10.97110504843741,-10.650034143388378
2025-07-26,100,50000,5042,2.6088368432972,1.0,qualified,99.00014530144256,100.99036147254944,-10.678160864721644,-10.416564284944506
2025-08-02,50,50000,0,3.738096202574811,1.0,no_sampled_match_no_bet,,,,
2025-08-02,60,50000,0,3.738096202574811,1.0,no_sampled_match_no_bet,,,,
2025-08-02,70,50000,0,3.738096202574811,1.0,no_sampled_match_no_bet,,,,
2025-08-02,80,50000,0,3.738096202574811,1.0,no_sampled_match_no_bet,,,,
2025-08-02,90,50000,5061,3.738096202574811,1.0,qualified,89.00003045797452,90.99995706602166,19.83288353540744,21.42269336370525
2025-08-02,100,50000,7699,3.738096202574811,1.0,qualified,99.00033078877885,100.68629844167992,21.574988939758132,23.0567693415845
2025-08-09,50,50000,0,7.0228989858516275,1.0,no_sampled_match_no_bet,,,,
2025-08-09,60,50000,0,7.0228989858516275,1.0,no_sampled_match_no_bet,,,,
2025-08-09,70,50000,0,7.0228989858516275,1.0,no_sampled_match_no_bet,,,,
2025-08-09,80,50000,2366,7.0228989858516275,1.0,qualified,80.32591652599989,80.99963607907983,14.034659767425842,14.12372163784656
2025-08-09,90,50000,3962,7.0228989858516275,1.0,qualified,89.00034492540455,90.99963317136998,15.167118715672743,15.483629206140886
2025-08-09,100,50000,6865,7.0228989858516275,1.0,qualified,99.00003888050279,100.09246768052847,16.778037014414267,17.118323457327723
2025-08-16,50,50000,1428,2.0364359279163984,1.0,qualified,49.00284612139208,50.99848984343171,-10.147703125043439,-9.028243975306717
2025-08-16,60,50000,1300,2.0364359279163984,1.0,qualified,59.00282268064906,60.99944896164602,-10.981701928013555,-9.808892185686199
2025-08-16,70,50000,1248,2.0364359279163984,1.0,qualified,69.00379778018538,70.99985858980133,-11.653414341568226,-10.474363367776759
2025-08-16,80,50000,1357,2.0364359279163984,1.0,qualified,79.00518977401724,80.99938487185324,-12.286073216073273,-11.050949618101216
2025-08-16,90,50000,1549,2.0364359279163984,1.0,qualified,89.00325935359429,90.99937545671274,-12.642452208974559,-11.556150202079934
2025-08-16,100,50000,3083,2.0364359279163984,1.0,qualified,99.00489174728038,100.6764800185504,-12.649504703771433,-12.148985786177972
2025-08-23,50,50000,0,4.211555028883636,1.0,no_sampled_match_no_bet,,,,
2025-08-23,60,50000,0,4.211555028883636,1.0,no_sampled_match_no_bet,,,,
2025-08-23,70,50000,0,4.211555028883636,1.0,no_sampled_match_no_bet,,,,
2025-08-23,80,50000,0,4.211555028883636,1.0,no_sampled_match_no_bet,,,,
2025-08-23,90,50000,2746,4.211555028883636,1.0,qualified,89.00234988399677,90.99929336175504,-8.865311259473897,-8.315907610851482
2025-08-23,100,50000,18294,4.211555028883636,1.0,qualified,99.00031300118019,100.99992503295545,-7.557429117605027,-6.264283474731089
2025-09-06,50,50000,0,1.7865829933984283,1.0,no_sampled_match_no_bet,,,,
2025-09-06,60,50000,0,1.7865829933984283,1.0,no_sampled_match_no_bet,,,,
2025-09-06,70,50000,1711,1.7865829933984283,1.0,qualified,69.00142764748367,70.99958392445795,-7.705206474598521,-7.322639657875459
2025-09-06,80,50000,1817,1.7865829933984283,1.0,qualified,79.00135901861577,80.99958377568801,-7.977654558313381,-7.572735827891937
2025-09-06,90,50000,2406,1.7865829933984283,1.0,qualified,89.00084056374038,90.99928205133769,-8.15021900877572,-7.719050614384917
2025-09-06,100,50000,5718,1.7865829933984283,1.0,qualified,99.00067959804949,100.06500856020222,-8.110069576151533,-7.8797426362206995
2025-09-13,50,50000,0,4.901431851255896,1.0,no_sampled_match_no_bet,,,,
2025-09-13,60,50000,0,4.901431851255896,1.0,no_sampled_match_no_bet,,,,
2025-09-13,70,50000,0,4.901431851255896,1.0,no_sampled_match_no_bet,,,,
2025-09-13,80,50000,0,4.901431851255896,1.0,no_sampled_match_no_bet,,,,
2025-09-13,90,50000,0,4.901431851255896,1.0,no_sampled_match_no_bet,,,,
2025-09-13,100,50000,13220,4.901431851255896,1.0,qualified,99.00004733354024,100.20861717085546,-7.176582786583436,-6.801543847263941
2025-09-27,50,50000,1544,1.7412434988668193,1.0,qualified,49.00166674416514,50.99903233374707,-5.811592209321355,9.270745841143837
2025-09-27,60,50000,1393,1.7412434988668193,1.0,qualified,59.00067061451585,60.99978417685407,8.450087609826817,10.561134328484101
2025-09-27,70,50000,1427,1.7412434988668193,1.0,qualified,69.00251124378447,70.99845858745782,9.4020978219831,11.752248789201158
2025-09-27,80,50000,1559,1.7412434988668193,1.0,qualified,79.00195021987535,80.99971252715339,10.363190465805173,11.498705617614204
2025-09-27,90,50000,1697,1.7412434988668193,1.0,qualified,89.00038596102637,90.99851949123193,11.340723369311677,11.931630640657419
2025-09-27,100,50000,2064,1.7412434988668193,1.0,qualified,99.00006406445404,100.45901128236717,12.393488484595935,12.675590548189025
2025-10-04,50,50000,0,2.1629252198321773,1.0,no_sampled_match_no_bet,,,,
2025-10-04,60,50000,0,2.1629252198321773,1.0,no_sampled_match_no_bet,,,,
2025-10-04,70,50000,36,2.1629252198321773,1.0,qualified,69.09591139284895,70.98830399612295,11.079227588218123,11.830486211616016
2025-10-04,80,50000,553,2.1629252198321773,1.0,qualified,79.01762821672574,80.99638866001074,8.296274283682706,13.287951872890513
2025-10-04,90,50000,1135,2.1629252198321773,1.0,qualified,89.00039071359605,90.9992449413763,8.896553467848834,14.262987595769003
2025-10-04,100,50000,10443,2.1629252198321773,1.0,qualified,99.00002370056028,100.99884958095586,9.870035914403957,15.838437291022284
2025-10-11,50,50000,273,3.9311360994477087,1.0,qualified,49.00073806321748,50.971966994530376,-15.079183053050224,-14.4650020961412
2025-10-11,60,50000,1287,3.9311360994477087,1.0,qualified,59.00178157342638,60.996524040806335,-14.778077987913377,9.718525160951275
2025-10-11,70,50000,1277,3.9311360994477087,1.0,qualified,69.00054824830133,70.99841512312935,-14.201080509501477,10.448660701506089
2025-10-11,80,50000,1463,3.9311360994477087,1.0,qualified,79.00165225701275,80.99907408360356,-13.48815249267648,11.214517857143406
2025-10-11,90,50000,2125,3.9311360994477087,1.0,qualified,89.00008758404947,90.99951114744226,-12.721953145413428,12.052926099486063
2025-10-11,100,50000,4420,3.9311360994477087,1.0,qualified,99.00041905821402,100.99895121201551,-11.695134906493978,13.293046245538473
2025-10-18,50,50000,0,1.0248629415809813,1.0,no_sampled_match_no_bet,,,,
2025-10-18,60,50000,8,1.0248629415809813,1.0,qualified,59.18694468228551,60.939823326897574,-6.1493547536936894,-5.940903393122804
2025-10-18,70,50000,35,1.0248629415809813,1.0,qualified,69.00155594887624,70.96302491016974,-6.6010210607306234,-6.243880340309542
2025-10-18,80,50000,72,1.0248629415809813,1.0,qualified,79.15551064896965,80.98852749682081,-6.920309589700116,-6.5561393464199895
2025-10-18,90,50000,575,1.0248629415809813,1.0,qualified,89.00052127203345,90.99957793512903,-7.269139072079223,-6.829327905880865
2025-10-18,100,50000,1905,1.0248629415809813,1.0,qualified,99.00188402843852,100.9973096264685,-7.694661074902462,-7.238118954615786
2025-10-25,50,50000,7,2.601134182534172,1.0,qualified,49.068539619272435,50.99738765551058,-5.921003935050336,-5.743042506901705
2025-10-25,60,50000,46,2.601134182534172,1.0,qualified,59.13383892986166,60.93801217075268,-8.10605876717318,15.13634186093736
2025-10-25,70,50000,1428,2.601134182534172,1.0,qualified,69.0001742876474,70.99956857760593,-8.893089754920465,16.69332644100578
2025-10-25,80,50000,4148,2.601134182534172,1.0,qualified,79.00038625282241,80.99942158496239,-9.555165750281365,19.00944351404726
2025-10-25,90,50000,5118,2.601134182534172,1.0,qualified,89.00074971705232,90.9988365328659,-9.190371203277262,19.62844118883131
2025-10-25,100,50000,2055,2.601134182534172,1.0,qualified,99.00303863052855,100.9753580408154,-6.721514720533811,16.8310414097419
2025-11-01,50,50000,0,3.1363626288059665,1.0,no_sampled_match_no_bet,,,,
2025-11-01,60,50000,0,3.1363626288059665,1.0,no_sampled_match_no_bet,,,,
2025-11-01,70,50000,0,3.1363626288059665,1.0,no_sampled_match_no_bet,,,,
2025-11-01,80,50000,2253,3.1363626288059665,1.0,qualified,79.00017760416671,80.99713760570828,22.259218264172485,22.700347080068763
2025-11-01,90,50000,3389,3.1363626288059665,1.0,qualified,89.00182091035761,90.99981778790946,24.115918330609766,25.69779644060153
2025-11-01,100,50000,7418,3.1363626288059665,1.0,qualified,99.00007859350245,100.9983301100082,26.954665622922874,28.453909806735023
2025-11-08,50,50000,0,2.930619000880502,1.0,no_sampled_match_no_bet,,,,
2025-11-08,60,50000,5,2.930619000880502,1.0,qualified,59.95351860356552,60.88859395679083,17.848533620510928,18.235897559113848
2025-11-08,70,50000,32,2.930619000880502,1.0,qualified,69.01710173697677,70.9942365450831,-9.157223727781691,19.005621322161932
2025-11-08,80,50000,3625,2.930619000880502,1.0,qualified,79.00033220384036,80.9998271532134,-10.995741967411279,-7.945781458964881
2025-11-08,90,50000,221,2.930619000880502,1.0,qualified,89.00008403665095,90.99622410753102,-12.173865105387257,13.152386144031059
2025-11-08,100,50000,9100,2.930619000880502,1.0,qualified,99.00030760842729,100.99938842628522,-12.382873894284403,15.709579226196338
2025-11-15,50,50000,1095,2.095425862138566,1.0,qualified,49.001016787498905,50.9985685790594,7.3670998107956285,12.920982536578926
2025-11-15,60,50000,1178,2.095425862138566,1.0,qualified,59.001961431710335,60.99000779350339,8.32407876004771,14.424013821253531
2025-11-15,70,50000,1220,2.095425862138566,1.0,qualified,69.00207245091283,70.99836338598107,9.349084955431705,16.087820295071417
2025-11-15,80,50000,863,2.095425862138566,1.0,qualified,79.00094864291557,80.99823643660066,10.242215849902507,17.8038177102735
2025-11-15,90,50000,1011,2.095425862138566,1.0,qualified,89.00004335203623,90.99993687301966,11.13864949087045,19.179156766177087
2025-11-15,100,50000,1817,2.095425862138566,1.0,qualified,99.0004729630919,100.51981810662073,13.382506821818335,13.643703528743409
2025-11-22,50,50000,0,2.677637335620423,1.0,no_sampled_match_no_bet,,,,
2025-11-22,60,50000,0,2.677637335620423,1.0,no_sampled_match_no_bet,,,,
2025-11-22,70,50000,52,2.677637335620423,1.0,qualified,69.0571367962315,70.99184950117254,-9.557941586771374,-8.176907792319058
2025-11-22,80,50000,1077,2.677637335620423,1.0,qualified,79.00514464328812,80.99896400113369,-10.988465915521756,-7.8682551877157625
2025-11-22,90,50000,6435,2.677637335620423,1.0,qualified,89.00085886481314,90.99961072590946,-11.511907906968714,-8.633575979465045
2025-11-22,100,50000,2481,2.677637335620423,1.0,qualified,99.00112028316441,100.99948897119073,-11.197737512725418,-9.553717490639595
2025-12-06,50,50000,0,2.0397793464854113,1.0,no_sampled_match_no_bet,,,,
2025-12-06,60,50000,0,2.0397793464854113,1.0,no_sampled_match_no_bet,,,,
2025-12-06,70,50000,20,2.0397793464854113,1.0,qualified,69.01209647229426,70.96816114190162,-6.754200735306376,-5.967616675605076
2025-12-06,80,50000,337,2.0397793464854113,1.0,qualified,79.0005086772378,80.99787236229245,-7.721635443325986,13.435135556146982
2025-12-06,90,50000,1109,2.0397793464854113,1.0,qualified,89.00242738481917,90.9987647480782,-8.554914077323053,15.526639933712842
2025-12-06,100,50000,6136,2.0397793464854113,1.0,qualified,99.00002258096053,100.99977386497666,-9.584117744456755,16.807827799358893
2025-12-13,50,50000,658,2.4055378166997694,1.0,qualified,49.00579337168581,50.99676135957332,-9.663563069535885,-9.04026189968136
2025-12-13,60,50000,620,2.4055378166997694,1.0,qualified,59.015729071302694,60.9561912174285,-10.31441211495231,-9.621683007886302
2025-12-13,70,50000,709,2.4055378166997694,1.0,qualified,69.01395117641125,70.99956351902097,-10.830336284003241,-10.095206102918786
2025-12-13,80,50000,598,2.4055378166997694,1.0,qualified,79.00691079714721,80.97818437107763,-11.243000200644225,-10.518014417838806
2025-12-13,90,50000,1550,2.4055378166997694,1.0,qualified,89.00722350031737,90.99334108056686,-11.356131871668556,-10.672558921913332
2025-12-13,100,50000,7294,2.4055378166997694,1.0,qualified,99.00546192349425,100.99913306426431,-10.536853452752036,-9.143696353545083
2026-01-24,50,50000,827,2.5827038864622605,1.0,qualified,49.00255908260205,50.99531174909422,-10.427897320590851,9.680677812345744
2026-01-24,60,50000,794,2.5827038864622605,1.0,qualified,59.003754406103475,60.996768404100465,-11.160834572793963,11.007200187095506
2026-01-24,70,50000,798,2.5827038864622605,1.0,qualified,69.00124563741893,70.99726299796124,-11.778176228235642,12.285145175270468
2026-01-24,80,50000,1483,2.5827038864622605,1.0,qualified,79.00337062770447,80.99978421706672,-11.954390026935657,13.395459348288416
2026-01-24,90,50000,2108,2.5827038864622605,1.0,qualified,89.00235006158093,90.9988674030392,-11.421211020383124,14.464316028422292
2026-01-24,100,50000,3587,2.5827038864622605,1.0,qualified,99.00128558435186,100.99984601341082,15.151072186984257,15.622442079444603
2026-01-31,50,50000,745,1.1494952605617275,1.0,qualified,49.001193391916715,50.99347161400602,5.0401117195165055,6.952638710875981
2026-01-31,60,50000,520,1.1494952605617275,1.0,qualified,59.00289158248575,60.99502452368942,5.63087998233782,7.351674152233791
2026-01-31,70,50000,757,1.1494952605617275,1.0,qualified,69.00163141252128,70.99603317624212,6.229070722080095,6.640190809374932
2026-01-31,80,50000,826,1.1494952605617275,1.0,qualified,79.00112553434327,80.99997170878379,6.827573502824238,7.224450260964899
2026-01-31,90,50000,824,1.1494952605617275,1.0,qualified,89.00066400343461,90.98756486137042,7.408274224831933,7.722765316792192
2026-01-31,100,50000,1520,1.1494952605617275,1.0,qualified,99.0026224453221,100.99900293465438,7.972077698995441,8.23125453257783
2026-02-07,50,50000,0,5.122074273331168,1.0,no_sampled_match_no_bet,,,,
2026-02-07,60,50000,0,5.122074273331168,1.0,no_sampled_match_no_bet,,,,
2026-02-07,70,50000,0,5.122074273331168,1.0,no_sampled_match_no_bet,,,,
2026-02-07,80,50000,0,5.122074273331168,1.0,no_sampled_match_no_bet,,,,
2026-02-07,90,50000,1415,5.122074273331168,1.0,qualified,89.00080481951719,90.99994885915262,-9.313380181966714,-8.497193418306452
2026-02-07,100,50000,11392,5.122074273331168,1.0,qualified,99.0004872338486,100.99928464228529,-8.844736913342246,-8.118960115549472
2026-02-21,50,50000,0,4.437374502527969,1.0,no_sampled_match_no_bet,,,,
2026-02-21,60,50000,0,4.437374502527969,1.0,no_sampled_match_no_bet,,,,
2026-02-21,70,50000,12,4.437374502527969,1.0,qualified,69.01513439069288,70.93609657171052,17.453798720791344,18.162459011007318
2026-02-21,80,50000,383,4.437374502527969,1.0,qualified,79.01882626795008,80.99568476591313,-8.383353728031867,21.488644495672897
2026-02-21,90,50000,5673,4.437374502527969,1.0,qualified,89.0004822671364,90.99973570794762,-9.443081533447668,23.70542501365059
2026-02-21,100,50000,6613,4.437374502527969,1.0,qualified,99.00000029703129,100.99883343506065,-10.126266303078738,20.727828617548326
