title_fight,fighter_red,fighter_blue,weight_class,event_date,event_location,reach_red,reach_blue,height_red,height_blue,dob_red,dob_blue
0,Movsar Evloev,Lerone Murphy,Featherweight,2026-03-21," London, England, United Kingdom","72""","73""","5' 7""","5' 9""","Feb 11, 1994","Jul 22, 1991"
0,Luke Riley,Michael Aswell Jr.,Featherweight,2026-03-21," London, England, United Kingdom","69""","69""","5' 9""","5' 8""","Jun 30, 1999","Sep 27, 2000"
0,Michael Page,Sam Patterson,Welterweight,2026-03-21," London, England, United Kingdom","79""","78""","6' 3""","6' 3""","Apr 07, 1987","Apr 30, 1996"
0,Iwo Baraniewski,Austen Lane,Light Heavyweight,2026-03-21," London, England, United Kingdom","73""","80""","6' 0""","6' 6""","Nov 20, 1998","Nov 09, 1987"
0,Roman Dolidze,Christian Leroy Duncan,Middleweight,2026-03-21," London, England, United Kingdom","76""","79""","6' 2""","6' 2""","Jul 15, 1988","Jul 24, 1995"
0,Kurtis Campbell,Danny Silva,Featherweight,2026-03-21," London, England, United Kingdom","72""","70""","5' 9""","5' 11""","Jul 29, 2002","Jan 30, 1997"
0,Mason Jones,Axel Sola,Lightweight,2026-03-21," London, England, United Kingdom","74""","74""","5' 10""","6' 2""","Apr 26, 1995","Sep 17, 1997"
0,Nathaniel Wood,Losene Keita,Featherweight,2026-03-21," London, England, United Kingdom","69""","72""","5' 6""","5' 7""","May 08, 1993","Dec 30, 1997"
0,Mario Pinto,Felipe Franco,Heavyweight,2026-03-21," London, England, United Kingdom","79""","76""","6' 5""","6' 1""","Mar 14, 1998","Jan 22, 2001"
0,Mantas Kondratavicius,Antonio Trocoli,Middleweight,2026-03-21," London, England, United Kingdom","75""","80""","6' 2""","6' 5""","Jul 17, 1999","Dec 06, 1990"
0,Louie Sutherland,Brando Pericic,Heavyweight,2026-03-21," London, England, United Kingdom","76""","79""","6' 3""","6' 5""","Feb 08, 1994","Aug 03, 1994"
0,Shem Rock,Abdul-Kareem Al-Selwady,Lightweight,2026-03-21," London, England, United Kingdom","73""","69""","5' 11""","5' 8""","Nov 05, 1993","Apr 10, 1995"
0,Shanelle Dyer,Ravena Oliveira,Women's Strawweight,2026-03-21," London, England, United Kingdom","65""","65""","5' 6""","5' 5""","Apr 23, 2001","Feb 20, 1997"
0,Melissa Mullins,Luana Carolina,Women's Bantamweight,2026-03-21," London, England, United Kingdom","68""","69""","5' 7""","5' 6""","Jul 23, 1991","Jun 11, 1993"
0,Israel Adesanya,Joe Pyfer,Middleweight,2026-03-28," Seattle, Washington, USA","80""","75""","6' 4""","6' 2""","Jul 22, 1989","Sep 17, 1996"
0,Alexa Grasso,Maycee Barber,Women's Flyweight,2026-03-28," Seattle, Washington, USA","66""","65""","5' 5""","5' 5""","Aug 09, 1993","May 18, 1998"
0,Michael Chiesa,Carlston Harris,Welterweight,2026-03-28," Seattle, Washington, USA","75""","76""","6' 1""","6' 0""","Dec 07, 1987","Jul 09, 1987"
0,Julian Erosa,Lerryan Douglas,Featherweight,2026-03-28," Seattle, Washington, USA","74""","72""","6' 1""","5' 9""","Jul 31, 1989","Apr 27, 1995"
0,Mansur Abdul-Malik,Yousri Belgaroui,Middleweight,2026-03-28," Seattle, Washington, USA","80""","79""","6' 2""","6' 6""","Oct 07, 1997","Jun 02, 1992"
0,Terrance McKinney,Kyle Nelson,Lightweight,2026-03-28," Seattle, Washington, USA","73""","71""","5' 10""","5' 11""","Sep 15, 1994","Apr 20, 1991"
0,Ignacio Bahamondes,Tofiq Musayev,Lightweight,2026-03-28," Seattle, Washington, USA","75""","69""","6' 3""","5' 9""","Aug 27, 1997","Dec 15, 1989"
0,Chase Hooper,Lance Gibson Jr.,Lightweight,2026-03-28," Seattle, Washington, USA","74""","72""","6' 1""","5' 9""","Sep 13, 1999","Feb 02, 1995"
0,Marcin Tybura,Valter Walker,Heavyweight,2026-03-28," Seattle, Washington, USA","78""","78""","6' 3""","6' 6""","Nov 09, 1985","Dec 14, 1997"
0,Casey O'Neill,Gabriella Fernandes,Women's Flyweight,2026-03-28," Seattle, Washington, USA","69""","66""","5' 6""","5' 6""","Oct 07, 1997","Aug 13, 1993"
0,Navajo Stirling,Bruno Lopes,Light Heavyweight,2026-03-28," Seattle, Washington, USA","79""","74""","6' 4""","6' 2""","Nov 07, 1997","Apr 24, 1993"
0,Alexia Thainara,Bruna Brasil,Women's Strawweight,2026-03-28," Seattle, Washington, USA","67""","65""","5' 4""","5' 6""","Nov 20, 1995","Sep 07, 1993"
0,Zhu Kangjie,Marcio Barbosa,Featherweight,2026-03-28," Seattle, Washington, USA","70""","70""","5' 8""","5' 6""","Jan 16, 1996","May 22, 1998"
0,Renato Moicano,Chris Duncan,Lightweight,2026-04-04," Las Vegas, Nevada, USA","72""","71""","5' 11""","5' 10""","May 21, 1989","May 10, 1993"
0,Virna Jandiroba,Tabatha Ricci,Women's Strawweight,2026-04-04," Las Vegas, Nevada, USA","64""","61""","5' 3""","5' 1""","May 30, 1988","Feb 21, 1995"
0,Abdul Rakhman Yakhyaev,Brendson Ribeiro,Light Heavyweight,2026-04-04," Las Vegas, Nevada, USA","78""","81""","6' 2""","6' 3""","Jan 03, 2001","Sep 08, 1996"
0,Ethyn Ewing,Rafael Estevam,Bantamweight,2026-04-04," Las Vegas, Nevada, USA","69""","69""","5' 6""","5' 8""","Feb 16, 1998","Aug 10, 1996"
0,Tommy McMillen,Manolo Zecchini,Featherweight,2026-04-04," Las Vegas, Nevada, USA","74""","68""","6' 0""","5' 8""","Dec 15, 1997","Oct 22, 1996"
0,Charles Radtke,Jose Henrique,Welterweight,2026-04-04," Las Vegas, Nevada, USA","72""","79""","5' 9""","6' 3""","Jul 09, 1990","May 23, 2002"
0,Guilherme Pat,Thomas Petersen,Heavyweight,2026-04-04," Las Vegas, Nevada, USA","81""","74""","6' 6""","6' 1""","Apr 20, 1994","Mar 30, 1995"
0,Jose Delano,Robert Ruchala,Featherweight,2026-04-04," Las Vegas, Nevada, USA","70""","72""","5' 8""","5' 8""","Sep 11, 1996","May 15, 1998"
0,Alessandro Costa,Stewart Nicoll,Flyweight,2026-04-04," Las Vegas, Nevada, USA","67""","65""","5' 4""","5' 5""","Jan 28, 1996","Apr 11, 1996"
0,Lando Vannata,Darrius Flowers,Lightweight,2026-04-04," Las Vegas, Nevada, USA","71""","71""","5' 9""","5' 9""","Mar 14, 1992","Aug 25, 1994"
0,Alice Pereira,Hailey Cowan,Women's Bantamweight,2026-04-04," Las Vegas, Nevada, USA","71""","67""","5' 8""","5' 8""","Dec 20, 2005","Feb 12, 1992"
0,Azamat Bekoev,Tresean Gore,Middleweight,2026-04-04," Las Vegas, Nevada, USA","72""","75""","6' 0""","6' 0""","Dec 30, 1995","Jun 21, 1994"
0,Dione Barbosa,Melissa Gatto,Women's Flyweight,2026-04-04," Las Vegas, Nevada, USA","66""","69""","5' 6""","5' 5""","May 08, 1992","May 02, 1996"
1,Jiri Prochazka,Carlos Ulberg,Light Heavyweight,2026-04-11," Miami, Florida, USA","80""","77""","6' 3""","6' 4""","Oct 14, 1992","Nov 07, 1990"
1,Joshua Van,Tatsuro Taira,Flyweight,2026-04-11," Miami, Florida, USA","65""","70""","5' 5""","5' 7""","Oct 10, 2001","Jan 27, 2000"
1,Curtis Blaydes,Josh Hokit,Heavyweight,2026-04-11," Miami, Florida, USA","80""","73""","6' 4""","6' 1""","Feb 18, 1991","Nov 12, 1997"
1,Dominick Reyes,Johnny Walker,Light Heavyweight,2026-04-11," Miami, Florida, USA","77""","82""","6' 4""","6' 6""","Dec 26, 1989","Mar 30, 1992"
1,Azamat Murzakanov,Paulo Costa,Light Heavyweight,2026-04-11," Miami, Florida, USA","71""","72""","5' 10""","6' 1""","Apr 12, 1989","Apr 21, 1991"
1,Patricio Freire,Aaron Pico,Featherweight,2026-04-11," Miami, Florida, USA","67""","70""","5' 6""","5' 8""","Jul 07, 1987","Sep 23, 1996"
1,Cub Swanson,Nate Landwehr,Featherweight,2026-04-11," Miami, Florida, USA","70""","72""","5' 8""","5' 9""","Nov 02, 1983","Jun 06, 1988"
1,Mateusz Gamrot,Esteban Ribovics,Lightweight,2026-04-11," Miami, Florida, USA","70""","69""","5' 10""","5' 10""","Dec 11, 1990","Apr 27, 1996"
1,Kevin Holland,Randy Brown,Welterweight,2026-04-11," Miami, Florida, USA","81""","78""","6' 3""","6' 3""","Nov 05, 1992","Jul 08, 1990"
1,Tatiana Suarez,Loopy Godinez,Women's Strawweight,2026-04-11," Miami, Florida, USA","66""","61""","5' 5""","5' 2""","Dec 19, 1990","Sep 06, 1993"
1,Kelvin Gastelum,Vicente Luque,Middleweight,2026-04-11," Miami, Florida, USA","71""","75""","5' 9""","5' 11""","Oct 24, 1991","Nov 27, 1991"
0,Gilbert Burns,Mike Malott,Welterweight,2026-04-18," Winnipeg, Manitoba, Canada","71""","73""","5' 10""","6' 1""","Jul 20, 1986","Nov 07, 1991"
0,Jasmine Jasudavicius,Karine Silva,Women's Flyweight,2026-04-18," Winnipeg, Manitoba, Canada","68""","67""","5' 7""","5' 5""","Mar 01, 1989","Dec 02, 1993"
0,Melissa Croden,Daria Zhelezniakova,Women's Bantamweight,2026-04-18," Winnipeg, Manitoba, Canada","68""","68""","5' 9""","5' 9""","Apr 12, 1991","Jan 23, 1996"
0,Julien Leblanc,Robert Valentin,Middleweight,2026-04-18," Winnipeg, Manitoba, Canada",--,"77""",--,"6' 2""","Jan 21, 1992","Mar 31, 1995"
0,Tanner Boser,Gokhan Saricam,Heavyweight,2026-04-18," Winnipeg, Manitoba, Canada","75""",--,"6' 2""",--,"Aug 02, 1991","Feb 26, 1991"
0,DongHun Choi,Andre Lima,Flyweight,2026-04-18," Winnipeg, Manitoba, Canada","66""","67""","5' 5""","5' 7""","Jan 02, 1999","Feb 04, 1999"
0,Mitch Raposo,Allan Nascimento,Flyweight,2026-04-18," Winnipeg, Manitoba, Canada","64""","69""","5' 5""","5' 8""","Oct 16, 1998","Sep 11, 1991"
0,John Castaneda,Mark Vologdin,Bantamweight,2026-04-18," Winnipeg, Manitoba, Canada","71""","65""","5' 6""","5' 3""","Dec 18, 1991","Apr 18, 2000"
0,JJ Aldrich,Jamey-Lyn Horth,Women's Flyweight,2026-04-18," Winnipeg, Manitoba, Canada","67""","66""","5' 5""","5' 7""","Sep 29, 1992","Mar 30, 1990"
0,Aljamain Sterling,Youssef Zalal,Featherweight,2026-04-25," Las Vegas, Nevada, USA","71""","72""","5' 7""","5' 10""","Jul 31, 1989","Sep 04, 1996"
0,Davey Grant,Juan Adrian Martinetti,Bantamweight,2026-04-25," Las Vegas, Nevada, USA","69""","71""","5' 8""","5' 8""","Dec 18, 1985","Aug 20, 1995"
0,Jack Della Maddalena,Carlos Prates,Welterweight,2026-05-02," Perth, Western Australia, Australia","73""","78""","5' 11""","6' 1""","Sep 10, 1996","Aug 17, 1993"
0,Beneil Dariush,Quillan Salkilld,Lightweight,2026-05-02," Perth, Western Australia, Australia","72""","75""","5' 10""","6' 0""","May 06, 1989","Dec 28, 1999"
0,Tai Tuivasa,Sean Sharaf,Heavyweight,2026-05-02," Perth, Western Australia, Australia","75""","77""","6' 2""","6' 3""","Mar 16, 1993","Jul 11, 1993"
0,Junior Tafa,Kevin Christian,Light Heavyweight,2026-05-02," Perth, Western Australia, Australia","75""","80""","6' 3""","6' 7""","Sep 21, 1996","Jan 21, 1995"
0,Cam Rowston,Robert Bryczek,Middleweight,2026-05-02," Perth, Western Australia, Australia","78""","75""","6' 3""","6' 0""","Jan 19, 1995","Jul 04, 1990"
0,Jacob Malkoun,Gerald Meerschaert,Middleweight,2026-05-02," Perth, Western Australia, Australia","73""","77""","5' 9""","6' 1""","Aug 26, 1995","Dec 18, 1987"
0,Steve Erceg,Tim Elliott,Flyweight,2026-05-02," Perth, Western Australia, Australia","68""","66""","5' 8""","5' 7""","Jul 27, 1995","Dec 24, 1986"
1,Khamzat Chimaev,Sean Strickland,Middleweight,2026-05-09," Newark, New Jersey, USA","75""","76""","6' 2""","6' 1""","May 01, 1994","Feb 27, 1991"
1,Alexander Volkov,Waldo Cortes Acosta,Heavyweight,2026-05-09," Newark, New Jersey, USA","80""","78""","6' 7""","6' 4""","Oct 24, 1988","Oct 03, 1991"
1,Jan Blachowicz,Bogdan Guskov,Light Heavyweight,2026-05-09," Newark, New Jersey, USA","78""","76""","6' 2""","6' 3""","Feb 24, 1983","Sep 12, 1992"
1,Ateba Gautier,Ozzy Diaz,Middleweight,2026-05-09," Newark, New Jersey, USA","81""","79""","6' 4""","6' 4""","Apr 10, 2002","Nov 22, 1990"
1,Sean Brady,Joaquin Buckley,Welterweight,2026-05-09," Newark, New Jersey, USA","72""","76""","5' 10""","5' 10""","Nov 23, 1992","Apr 27, 1994"
1,King Green,Jeremy Stephens,Lightweight,2026-05-09," Newark, New Jersey, USA","71""","71""","5' 10""","5' 9""","Sep 09, 1986","May 25, 1986"
1,Clayton Carpenter,Jose Ochoa,Flyweight,2026-05-09," Newark, New Jersey, USA","66""","67""","5' 6""","5' 7""","Jun 09, 1996","Dec 31, 2000"
0,Arnold Allen,Melquizael Costa,Featherweight,2026-05-16," Las Vegas, Nevada, USA","70""","71""","5' 8""","5' 10""","Jan 22, 1994","Sep 14, 1996"
0,Song Yadong,Deiveson Figueiredo,Bantamweight,2026-05-30," Macau, China","67""","68""","5' 8""","5' 5""","Dec 02, 1997","Dec 18, 1987"
0,Sergei Pavlovich,Tallison Teixeira,Heavyweight,2026-05-30," Macau, China","84""","83""","6' 3""","6' 7""","May 13, 1992","Dec 07, 1999"
0,Zhang Mingyang,Alonzo Menifield,Light Heavyweight,2026-05-30," Macau, China","75""","76""","6' 2""","6' 0""","Aug 16, 1998","Oct 18, 1987"
0,Alex Perez,Sumudaerji,Flyweight,2026-05-30," Macau, China","65""","72""","5' 6""","5' 8""","Mar 21, 1992","Jan 20, 1996"
0,Belal Muhammad,Gabriel Bonfim,Welterweight,2026-06-06," Las Vegas, Nevada, USA","72""","72""","5' 11""","6' 1""","Jul 09, 1988","Aug 20, 1997"
1,Ilia Topuria,Justin Gaethje,Lightweight,2026-06-14," Washington, DC, USA","69""","70""","5' 7""","5' 11""","Jan 21, 1997","Nov 14, 1988"
1,Alex Pereira,Ciryl Gane,Heavyweight,2026-06-14," Washington, DC, USA","79""","81""","6' 4""","6' 4""","Jul 07, 1987","Apr 12, 1990"
1,Sean O'Malley,Aiemann Zahabi,Bantamweight,2026-06-14," Washington, DC, USA","72""","68""","5' 11""","5' 8""","Oct 24, 1994","Nov 19, 1987"
1,Mauricio Ruffy,Michael Chandler,Lightweight,2026-06-14," Washington, DC, USA","75""","71""","5' 11""","5' 8""","Jun 17, 1996","Apr 24, 1986"
1,Bo Nickal,Kyle Daukaus,Middleweight,2026-06-14," Washington, DC, USA","76""","76""","6' 1""","6' 2""","Jan 14, 1996","Feb 27, 1993"
1,Diego Lopes,Steve Garcia,Featherweight,2026-06-14," Washington, DC, USA","72""","75""","5' 11""","6' 0""","Dec 30, 1994","May 22, 1992"
