,accuracy,loss,val_accuracy,val_loss,learning_rate
0,0.5199999809265137,0.2840641438961029,0.5592840909957886,0.24705062806606293,9.999999747378752e-05
1,0.5376223921775818,0.2751355767250061,0.5950782895088196,0.2364904135465622,9.999999747378752e-05
2,0.5641958117485046,0.2632808983325958,0.6196867823600769,0.2307755947113037,9.999999747378752e-05
3,0.5695104598999023,0.2596416175365448,0.6353467702865601,0.22698156535625458,9.999999747378752e-05
4,0.5762237906455994,0.25410521030426025,0.6409395933151245,0.22429083287715912,9.999999747378752e-05
5,0.5868531465530396,0.2498701959848404,0.646532416343689,0.22164151072502136,9.999999747378752e-05
6,0.5739859938621521,0.2523624002933502,0.646532416343689,0.22130510210990906,9.999999747378752e-05
7,0.6039161086082458,0.24242401123046875,0.6565995812416077,0.21942952275276184,9.999999747378752e-05
8,0.6036363840103149,0.24257336556911469,0.6577181220054626,0.21721625328063965,9.999999747378752e-05
9,0.596643328666687,0.2445233315229416,0.6510066986083984,0.2170785367488861,9.999999747378752e-05
10,0.6165034770965576,0.23880915343761444,0.6554809808731079,0.21704836189746857,9.999999747378752e-05
11,0.6120279431343079,0.24099546670913696,0.6521252989768982,0.21708282828330994,9.999999747378752e-05
12,0.6061538457870483,0.23799532651901245,0.6554809808731079,0.216691792011261,9.999999747378752e-05
13,0.6151049137115479,0.235684335231781,0.6588366627693176,0.21573831140995026,9.999999747378752e-05
14,0.6232168078422546,0.23117901384830475,0.6610738039016724,0.21586184203624725,9.999999747378752e-05
15,0.6274126172065735,0.23073646426200867,0.6588366627693176,0.21552123129367828,9.999999747378752e-05
16,0.6209790110588074,0.2352173924446106,0.6543624401092529,0.2161310315132141,9.999999747378752e-05
17,0.6173426508903503,0.22979198396205902,0.6554809808731079,0.2149396687746048,9.999999747378752e-05
18,0.6318880915641785,0.22914734482765198,0.6498881578445435,0.215443417429924,9.999999747378752e-05
19,0.6313286423683167,0.23022882640361786,0.6577181220054626,0.21548086404800415,9.999999747378752e-05
20,0.622097909450531,0.23347227275371552,0.645413875579834,0.21566897630691528,9.999999747378752e-05
21,0.6363636255264282,0.23102423548698425,0.646532416343689,0.21577639877796173,9.999999747378752e-05
22,0.6125873923301697,0.23001880943775177,0.6476510167121887,0.2156641036272049,9.999999747378752e-05
23,0.6254545450210571,0.2284582406282425,0.6476510167121887,0.215070903301239,9.999999747378752e-05
24,0.6299300789833069,0.2285856008529663,0.6476510167121887,0.21488013863563538,9.999999747378752e-05
25,0.637202799320221,0.22585739195346832,0.6577181220054626,0.21511144936084747,9.999999747378752e-05
26,0.6352447271347046,0.22637437283992767,0.6543624401092529,0.21471577882766724,9.999999747378752e-05
27,0.6293706297874451,0.2285168468952179,0.6532438397407532,0.21447451412677765,9.999999747378752e-05
28,0.6363636255264282,0.2261948585510254,0.6565995812416077,0.2134670466184616,9.999999747378752e-05
29,0.640839159488678,0.223488450050354,0.6532438397407532,0.21460101008415222,9.999999747378752e-05
30,0.6433566212654114,0.2238151878118515,0.6532438397407532,0.2141033113002777,9.999999747378752e-05
31,0.6363636255264282,0.22495079040527344,0.6543624401092529,0.21462377905845642,9.999999747378752e-05
32,0.6324475407600403,0.22425515949726105,0.6554809808731079,0.21417997777462006,9.999999747378752e-05
33,0.6338461637496948,0.22547626495361328,0.6588366627693176,0.21369300782680511,9.999999747378752e-05
34,0.6509090662002563,0.22089922428131104,0.6521252989768982,0.21427328884601593,9.999999747378752e-05
35,0.6422377824783325,0.2208353728055954,0.6633109450340271,0.21394792199134827,9.999999747378752e-05
36,0.6453146934509277,0.22205983102321625,0.6588366627693176,0.21394920349121094,9.999999747378752e-05
37,0.6416783332824707,0.2235521674156189,0.6599552631378174,0.21418003737926483,9.999999747378752e-05
38,0.6349650621414185,0.22313696146011353,0.6577181220054626,0.21379996836185455,9.999999747378752e-05
39,0.6380419731140137,0.22101028263568878,0.6621924042701721,0.21456190943717957,6.999999459367245e-05
40,0.6461538672447205,0.21966436505317688,0.6565995812416077,0.21422648429870605,6.999999459367245e-05
41,0.637202799320221,0.22390003502368927,0.6588366627693176,0.2139437198638916,6.999999459367245e-05
42,0.6377622485160828,0.22304221987724304,0.6521252989768982,0.2141767293214798,6.999999459367245e-05
43,0.6478321552276611,0.21929942071437836,0.6554809808731079,0.21400438249111176,6.999999459367245e-05
44,0.6525874137878418,0.21818076074123383,0.6532438397407532,0.21413831412792206,6.999999459367245e-05
45,0.6514685153961182,0.21834923326969147,0.6577181220054626,0.21399274468421936,6.999999459367245e-05
46,0.6402797102928162,0.22296002507209778,0.6588366627693176,0.2137434482574463,6.999999459367245e-05
47,0.6453146934509277,0.22062061727046967,0.6554809808731079,0.21466921269893646,6.999999459367245e-05
48,0.6553846001625061,0.21766023337841034,0.6554809808731079,0.21385988593101501,6.999999459367245e-05
49,0.6573426723480225,0.21784913539886475,0.6577181220054626,0.21402567625045776,4.8999994760379195e-05
50,0.6517482399940491,0.21973656117916107,0.6577181220054626,0.21407096087932587,4.8999994760379195e-05
51,0.6531468629837036,0.21973618865013123,0.6599552631378174,0.21466897428035736,4.8999994760379195e-05
52,0.6511887907981873,0.21705776453018188,0.6577181220054626,0.2142820805311203,4.8999994760379195e-05
53,0.6489510536193848,0.21830950677394867,0.6565995812416077,0.21438108384609222,4.8999994760379195e-05
54,0.648391604423523,0.22159741818904877,0.6565995812416077,0.21452532708644867,4.8999994760379195e-05
55,0.6450349688529968,0.21836450695991516,0.6577181220054626,0.21416012942790985,4.8999994760379195e-05
56,0.648391604423523,0.21624834835529327,0.6588366627693176,0.214102104306221,4.8999994760379195e-05
57,0.6388811469078064,0.22043435275554657,0.6621924042701721,0.21474942564964294,4.8999994760379195e-05
58,0.6514685153961182,0.21652118861675262,0.6554809808731079,0.21423494815826416,4.8999994760379195e-05
59,0.6478321552276611,0.218710795044899,0.6610738039016724,0.21401061117649078,3.4299995604669675e-05
60,0.6509090662002563,0.21895797550678253,0.6565995812416077,0.21439939737319946,3.4299995604669675e-05
61,0.65202796459198,0.21873174607753754,0.6565995812416077,0.21388228237628937,3.4299995604669675e-05
62,0.6567832231521606,0.21596816182136536,0.6577181220054626,0.21445070207118988,3.4299995604669675e-05
63,0.6511887907981873,0.21754492819309235,0.6565995812416077,0.21435849368572235,3.4299995604669675e-05
64,0.6486713290214539,0.21719087660312653,0.6521252989768982,0.21438811719417572,3.4299995604669675e-05
65,0.6539860367774963,0.21376223862171173,0.6588366627693176,0.21451982855796814,3.4299995604669675e-05
66,0.6570629477500916,0.21662600338459015,0.6588366627693176,0.21407939493656158,3.4299995604669675e-05
67,0.6472727060317993,0.21627257764339447,0.6610738039016724,0.21450325846672058,3.4299995604669675e-05
68,0.6606993079185486,0.21602506935596466,0.6621924042701721,0.21439659595489502,3.4299995604669675e-05
69,0.659300684928894,0.2164193093776703,0.6621924042701721,0.21460512280464172,2.400999619567301e-05
70,0.6648951172828674,0.21707336604595184,0.6577181220054626,0.21430754661560059,2.400999619567301e-05
71,0.6545454263687134,0.21569085121154785,0.6577181220054626,0.2142842411994934,2.400999619567301e-05
72,0.6637762188911438,0.21656197309494019,0.6588366627693176,0.2144239842891693,2.400999619567301e-05
73,0.6531468629837036,0.21723638474941254,0.6588366627693176,0.21411830186843872,2.400999619567301e-05
74,0.6606993079185486,0.21620112657546997,0.6588366627693176,0.2146640121936798,2.400999619567301e-05
75,0.6531468629837036,0.2167551964521408,0.6565995812416077,0.21387220919132233,2.400999619567301e-05
76,0.6565034985542297,0.2186102718114853,0.6577181220054626,0.21455585956573486,2.400999619567301e-05
77,0.6500699520111084,0.21538536250591278,0.6610738039016724,0.2142479121685028,2.400999619567301e-05
78,0.6626573204994202,0.21495959162712097,0.6565995812416077,0.21437588334083557,2.400999619567301e-05
79,0.6640559434890747,0.21546900272369385,0.6565995812416077,0.21395458281040192,1.6806996427476406e-05
80,0.6559440493583679,0.21904753148555756,0.6577181220054626,0.21447539329528809,1.6806996427476406e-05
81,0.6436363458633423,0.21787461638450623,0.6543624401092529,0.2142522782087326,1.6806996427476406e-05
82,0.6514685153961182,0.21955373883247375,0.6599552631378174,0.21460328996181488,1.6806996427476406e-05
83,0.6637762188911438,0.21657320857048035,0.6599552631378174,0.2142883539199829,1.6806996427476406e-05
84,0.6576223969459534,0.21428456902503967,0.6588366627693176,0.21428155899047852,1.6806996427476406e-05
85,0.6525874137878418,0.21673887968063354,0.6599552631378174,0.2139558345079422,1.6806996427476406e-05
86,0.6629370450973511,0.21544283628463745,0.6599552631378174,0.21431009471416473,1.6806996427476406e-05
87,0.659580409526825,0.21489480137825012,0.6610738039016724,0.21427763998508453,1.6806996427476406e-05
88,0.6525874137878418,0.21577881276607513,0.6577181220054626,0.21439172327518463,1.6806996427476406e-05
89,0.6514685153961182,0.21655036509037018,0.6565995812416077,0.21426981687545776,1.1764897863031365e-05
90,0.6551048755645752,0.21720021963119507,0.6599552631378174,0.213941290974617,1.1764897863031365e-05
91,0.6528671383857727,0.21330846846103668,0.6577181220054626,0.2142173945903778,1.1764897863031365e-05
92,0.6542657613754272,0.216300368309021,0.6588366627693176,0.21448124945163727,1.1764897863031365e-05
93,0.6609790325164795,0.21508993208408356,0.6599552631378174,0.21450169384479523,1.1764897863031365e-05
94,0.6486713290214539,0.2194567173719406,0.6565995812416077,0.21435149013996124,1.1764897863031365e-05
95,0.6503496766090393,0.21645976603031158,0.6565995812416077,0.21448244154453278,1.1764897863031365e-05
96,0.6492307782173157,0.21628278493881226,0.6554809808731079,0.21463459730148315,1.1764897863031365e-05
97,0.6528671383857727,0.21723757684230804,0.6588366627693176,0.21432292461395264,1.1764897863031365e-05
98,0.6534265875816345,0.21582280099391937,0.6577181220054626,0.2143956571817398,1.1764897863031365e-05
99,0.6587412357330322,0.21362508833408356,0.6577181220054626,0.21446719765663147,8.235428140324075e-06
