date,target_pct_opening_ev,opening_expected_return_pct,starting_pct_opening_ev,required_movement_pct,achieved_pct_opening_ev,mean_absolute_decimal_change,status
2024-05-11,50,5.705265828780047,18.6872900404499,29.0,69.97672286151888,0.04437489470897918,reached_on_grid
2024-05-11,60,5.705265828780047,18.6872900404499,29.0,69.97672286151888,0.04437489470897918,reached_on_grid
2024-05-11,70,5.705265828780047,18.6872900404499,30.0,70.41659819789741,0.04590506349204751,reached_on_grid
2024-05-11,80,5.705265828780047,18.6872900404499,52.0,80.02666654822524,0.07956877671954893,reached_on_grid
2024-05-11,90,5.705265828780047,18.6872900404499,76.0,90.22169520430208,0.11629282751318687,reached_on_grid
2024-05-11,100,5.705265828780047,18.6872900404499,100.0,99.99999999999999,0.1530168783068249,reached_on_grid
2024-05-18,50,13.626687598196103,81.91660733316647,0.0,81.91660733316647,0.0,already_met
2024-05-18,60,13.626687598196103,81.91660733316647,0.0,81.91660733316647,0.0,already_met
2024-05-18,70,13.626687598196103,81.91660733316647,0.0,81.91660733316647,0.0,already_met
2024-05-18,80,13.626687598196103,81.91660733316647,0.0,81.91660733316647,0.0,already_met
2024-05-18,90,13.626687598196103,81.91660733316647,18.0,90.43446786873668,0.06394877451044478,reached_on_grid
2024-05-18,100,13.626687598196103,81.91660733316647,100.0,100.00000000000001,0.35527096950247106,reached_on_grid
2024-06-01,50,10.7761528215541,72.31940897507026,0.0,72.31940897507026,0.0,already_met
2024-06-01,60,10.7761528215541,72.31940897507026,0.0,72.31940897507026,0.0,already_met
2024-06-01,70,10.7761528215541,72.31940897507026,0.0,72.31940897507026,0.0,already_met
2024-06-01,80,10.7761528215541,72.31940897507026,44.0,80.10137415113273,0.10387954051463111,reached_on_grid
2024-06-01,90,10.7761528215541,72.31940897507026,72.0,90.7026669524068,0.16998470266030555,reached_on_grid
2024-06-01,100,10.7761528215541,72.31940897507026,100.0,100.0,0.23608986480597985,reached_on_grid
2024-06-08,50,11.071862001659134,81.8931890550814,0.0,81.8931890550814,0.0,already_met
2024-06-08,60,11.071862001659134,81.8931890550814,0.0,81.8931890550814,0.0,already_met
2024-06-08,70,11.071862001659134,81.8931890550814,0.0,81.8931890550814,0.0,already_met
2024-06-08,80,11.071862001659134,81.8931890550814,0.0,81.8931890550814,0.0,already_met
2024-06-08,90,11.071862001659134,81.8931890550814,33.0,90.03535909244712,0.07427868992771666,reached_on_grid
2024-06-08,100,11.071862001659134,81.8931890550814,100.0,100.00000000000001,0.225086939174899,reached_on_grid
2024-06-15,50,9.191937076907621,24.864177854451604,79.0,50.123829091014635,0.2227977201784961,reached_on_grid
2024-06-15,60,9.191937076907621,24.864177854451604,96.0,98.34083262714105,0.2707415333814637,reached_on_grid
2024-06-15,70,9.191937076907621,24.864177854451604,96.0,98.34083262714105,0.2707415333814637,reached_on_grid
2024-06-15,80,9.191937076907621,24.864177854451604,96.0,98.34083262714105,0.2707415333814637,reached_on_grid
2024-06-15,90,9.191937076907621,24.864177854451604,96.0,98.34083262714105,0.2707415333814637,reached_on_grid
2024-06-15,100,9.191937076907621,24.864177854451604,100.0,100.0,0.28202243060569127,reached_on_grid
2024-06-22,50,1.9315971099076061,12.543537865771027,44.0,50.00862672266947,0.08309507230845821,reached_on_grid
2024-06-22,60,1.9315971099076061,12.543537865771027,55.0,60.5468481611453,0.10386884038557274,reached_on_grid
2024-06-22,70,1.9315971099076061,12.543537865771027,66.0,70.90744374187969,0.12464260846268725,reached_on_grid
2024-06-22,80,1.9315971099076061,12.543537865771027,76.0,80.02799890056926,0.14352785216915503,reached_on_grid
2024-06-22,90,1.9315971099076061,12.543537865771027,88.0,90.41744224477983,0.16619014461691634,reached_on_grid
2024-06-22,100,1.9315971099076061,12.543537865771027,100.0,100.0,0.18885243706467766,reached_on_grid
2024-06-29,50,10.275852726663913,56.07128313012417,0.0,56.07128313012417,0.0,already_met
2024-06-29,60,10.275852726663913,56.07128313012417,10.0,60.256328612643905,0.058722783725065786,reached_on_grid
2024-06-29,70,10.275852726663913,56.07128313012417,30.0,70.15520780745598,0.17616835117519744,reached_on_grid
2024-06-29,80,10.275852726663913,56.07128313012417,43.0,86.40129980505148,0.25250797001778297,reached_on_grid
2024-06-29,90,10.275852726663913,56.07128313012417,52.0,90.1424317427916,0.30535847537034216,reached_on_grid
2024-06-29,100,10.275852726663913,56.07128313012417,100.0,100.0,0.5872278372506581,reached_on_grid
2024-07-13,50,5.625121343186826,66.88624852770012,0.0,66.88624852770012,0.0,already_met
2024-07-13,60,5.625121343186826,66.88624852770012,0.0,66.88624852770012,0.0,already_met
2024-07-13,70,5.625121343186826,66.88624852770012,13.0,70.23121485607398,0.03898309368205989,reached_on_grid
2024-07-13,80,5.625121343186826,66.88624852770012,44.0,80.2741444729586,0.13194277861620268,reached_on_grid
2024-07-13,90,5.625121343186826,66.88624852770012,68.0,90.02518283106322,0.20391156695231327,reached_on_grid
2024-07-13,100,5.625121343186826,66.88624852770012,100.0,100.0,0.29986995140046063,reached_on_grid
2024-07-20,50,10.5711947050124,75.34115696827945,0.0,75.34115696827945,0.0,already_met
2024-07-20,60,10.5711947050124,75.34115696827945,0.0,75.34115696827945,0.0,already_met
2024-07-20,70,10.5711947050124,75.34115696827945,0.0,75.34115696827945,0.0,already_met
2024-07-20,80,10.5711947050124,75.34115696827945,10.0,80.23028754933493,0.02175258800257096,reached_on_grid
2024-07-20,90,10.5711947050124,75.34115696827945,37.0,90.21764113726373,0.0804845756095126,reached_on_grid
2024-07-20,100,10.5711947050124,75.34115696827945,84.0,100.00674364350097,0.18272173922159615,reached_on_grid
2024-07-27,50,10.536022782390198,48.19498771341576,3.0,50.665229607495796,0.013278825671598538,reached_on_grid
2024-07-27,60,10.536022782390198,48.19498771341576,16.0,64.66147278030718,0.07082040358185905,reached_on_grid
2024-07-27,70,10.536022782390198,48.19498771341576,24.0,70.29463120899311,0.10623060537278853,reached_on_grid
2024-07-27,80,10.536022782390198,48.19498771341576,41.0,80.24042431613701,0.18147728417851372,reached_on_grid
2024-07-27,90,10.536022782390198,48.19498771341576,70.0,90.06314118039865,0.3098392656706332,reached_on_grid
2024-07-27,100,10.536022782390198,48.19498771341576,100.0,100.0,0.44262752238661884,reached_on_grid
2024-08-03,50,13.211115852895785,71.65583459894553,0.0,71.65583459894553,0.0,already_met
2024-08-03,60,13.211115852895785,71.65583459894553,0.0,71.65583459894553,0.0,already_met
2024-08-03,70,13.211115852895785,71.65583459894553,0.0,71.65583459894553,0.0,already_met
2024-08-03,80,13.211115852895785,71.65583459894553,21.0,80.02319989670056,0.04227978323962849,reached_on_grid
2024-08-03,90,13.211115852895785,71.65583459894553,70.0,90.13969398793137,0.1409326107987616,reached_on_grid
2024-08-03,100,13.211115852895785,71.65583459894553,100.0,99.99999999999999,0.20133230114108802,reached_on_grid
2024-08-10,50,4.381667461340961,15.618253316615318,42.0,50.10924085043281,0.18746595899840546,reached_on_grid
2024-08-10,60,4.381667461340961,15.618253316615318,53.0,60.87890292155835,0.2365641863551307,reached_on_grid
2024-08-10,70,4.381667461340961,15.618253316615318,67.0,70.6746065503785,0.29905283935459914,reached_on_grid
2024-08-10,80,4.381667461340961,15.618253316615318,77.0,80.27610868753455,0.3436875914970766,reached_on_grid
2024-08-10,90,4.381667461340961,15.618253316615318,88.0,90.20265442335122,0.3927858188538019,reached_on_grid
2024-08-10,100,4.381667461340961,15.618253316615318,100.0,100.0,0.4463475214247749,reached_on_grid
2024-08-17,50,16.850838688982776,63.17733034269378,0.0,63.17733034269378,0.0,already_met
2024-08-17,60,16.850838688982776,63.17733034269378,0.0,63.17733034269378,0.0,already_met
2024-08-17,70,16.850838688982776,63.17733034269378,10.0,72.54781094389986,0.023996782926727002,reached_on_grid
2024-08-17,80,16.850838688982776,63.17733034269378,30.0,80.23752632557768,0.07199034878018096,reached_on_grid
2024-08-17,90,16.850838688982776,63.17733034269378,60.0,90.1862259967094,0.14398069756036186,reached_on_grid
2024-08-17,100,16.850838688982776,63.17733034269378,100.0,100.0,0.23996782926726984,reached_on_grid
2024-08-24,50,6.789274305739957,9.489138127807074,44.0,50.51089096702884,0.3532252357760445,reached_on_grid
2024-08-24,60,6.789274305739957,9.489138127807074,53.0,60.48450175825625,0.42547585218478085,reached_on_grid
2024-08-24,70,6.789274305739957,9.489138127807074,62.0,70.27779384900832,0.49772646859351727,reached_on_grid
2024-08-24,80,6.789274305739957,9.489138127807074,73.0,80.44807620450177,0.5860327775375285,reached_on_grid
2024-08-24,90,6.789274305739957,9.489138127807074,82.0,90.4212119004612,0.6582833939462647,reached_on_grid
2024-08-24,100,6.789274305739957,9.489138127807074,100.0,100.0,0.8027846267637375,reached_on_grid
2024-09-07,50,6.86283099326305,91.99612767919972,0.0,91.99612767919972,0.0,already_met
2024-09-07,60,6.86283099326305,91.99612767919972,0.0,91.99612767919972,0.0,already_met
2024-09-07,70,6.86283099326305,91.99612767919972,0.0,91.99612767919972,0.0,already_met
2024-09-07,80,6.86283099326305,91.99612767919972,0.0,91.99612767919972,0.0,already_met
2024-09-07,90,6.86283099326305,91.99612767919972,0.0,91.99612767919972,0.0,already_met
2024-09-07,100,6.86283099326305,91.99612767919972,35.0,100.17442464199432,0.24539898494071188,reached_on_grid
2024-09-14,50,8.716906137673444,49.36561510823119,2.0,50.58429789293081,0.007956763951501212,reached_on_grid
2024-09-14,60,8.716906137673444,49.36561510823119,18.0,60.507391784565755,0.071610875563511,reached_on_grid
2024-09-14,70,8.716906137673444,49.36561510823119,38.0,70.19585654323947,0.15117851507852337,reached_on_grid
2024-09-14,80,8.716906137673444,49.36561510823119,56.0,80.29360353426964,0.22278939064203448,reached_on_grid
2024-09-14,90,8.716906137673444,49.36561510823119,76.0,90.25634421608031,0.30235703015704674,reached_on_grid
2024-09-14,100,8.716906137673444,49.36561510823119,100.0,100.0,0.39783819757506145,reached_on_grid
2024-09-28,50,3.5247046170542196,90.52490696767606,0.0,90.52490696767606,0.0,already_met
2024-09-28,60,3.5247046170542196,90.52490696767606,0.0,90.52490696767606,0.0,already_met
2024-09-28,70,3.5247046170542196,90.52490696767606,0.0,90.52490696767606,0.0,already_met
2024-09-28,80,3.5247046170542196,90.52490696767606,0.0,90.52490696767606,0.0,already_met
2024-09-28,90,3.5247046170542196,90.52490696767606,0.0,90.52490696767606,0.0,already_met
2024-09-28,100,3.5247046170542196,90.52490696767606,89.0,100.00220010995129,0.23261944630516015,reached_on_grid
2024-10-05,50,15.939276820759899,91.2067735974078,0.0,91.2067735974078,0.0,already_met
2024-10-05,60,15.939276820759899,91.2067735974078,0.0,91.2067735974078,0.0,already_met
2024-10-05,70,15.939276820759899,91.2067735974078,0.0,91.2067735974078,0.0,already_met
2024-10-05,80,15.939276820759899,91.2067735974078,0.0,91.2067735974078,0.0,already_met
2024-10-05,90,15.939276820759899,91.2067735974078,0.0,91.2067735974078,0.0,already_met
2024-10-05,100,15.939276820759899,91.2067735974078,33.0,100.09643101814419,0.13292504993937618,reached_on_grid
2024-10-12,50,14.36590688499854,68.40136610172254,0.0,68.40136610172254,0.0,already_met
2024-10-12,60,14.36590688499854,68.40136610172254,0.0,68.40136610172254,0.0,already_met
2024-10-12,70,14.36590688499854,68.40136610172254,5.0,70.34970286009097,0.010459772824134517,reached_on_grid
2024-10-12,80,14.36590688499854,68.40136610172254,32.0,80.2614354229326,0.06694254607446093,reached_on_grid
2024-10-12,90,14.36590688499854,68.40136610172254,63.0,90.05222790489427,0.1317931375840951,reached_on_grid
2024-10-12,100,14.36590688499854,68.40136610172254,100.0,100.0,0.20919545648269056,reached_on_grid
2024-10-19,50,9.876661039357653,54.030468304059134,0.0,54.030468304059134,0.0,already_met
2024-10-19,60,9.876661039357653,54.030468304059134,16.0,60.24587612208628,0.05082417956790032,reached_on_grid
2024-10-19,70,9.876661039357653,54.030468304059134,35.0,70.5423094719141,0.1111778928047819,reached_on_grid
2024-10-19,80,9.876661039357653,54.030468304059134,45.0,80.02771982565376,0.14294300503471963,reached_on_grid
2024-10-19,90,9.876661039357653,54.030468304059134,69.0,90.37482320067521,0.21917927438657006,reached_on_grid
2024-10-19,100,9.876661039357653,54.030468304059134,100.0,100.0,0.31765112229937686,reached_on_grid
2024-10-26,50,17.751268498717696,49.784987395308185,1.0,50.48249931295512,0.004316877128192126,reached_on_grid
2024-10-26,60,17.751268498717696,49.784987395308185,20.0,60.459476030185996,0.08633754256384257,reached_on_grid
2024-10-26,70,17.751268498717696,49.784987395308185,36.0,70.45561568869482,0.15540757661491666,reached_on_grid
2024-10-26,80,17.751268498717696,49.784987395308185,53.0,80.02305551915312,0.22879448779418285,reached_on_grid
2024-10-26,90,17.751268498717696,49.784987395308185,74.0,90.3080216814543,0.31944890748621746,reached_on_grid
2024-10-26,100,17.751268498717696,49.784987395308185,100.0,100.0,0.43168771281921287,reached_on_grid
2024-11-02,50,8.413238258603887,39.45687622169271,10.0,50.08254274992877,0.03424273132564916,reached_on_grid
2024-11-02,60,8.413238258603887,39.45687622169271,22.0,60.770511583398026,0.07533400891642808,reached_on_grid
2024-11-02,70,8.413238258603887,39.45687622169271,35.0,70.69661256386725,0.11984955963977192,reached_on_grid
2024-11-02,80,8.413238258603887,39.45687622169271,51.0,80.0087789090295,0.17463792976081058,reached_on_grid
2024-11-02,90,8.413238258603887,39.45687622169271,73.0,90.08653532852657,0.2499719386772387,reached_on_grid
2024-11-02,100,8.413238258603887,39.45687622169271,100.0,100.0,0.34242731325649134,reached_on_grid
2024-11-09,50,6.3495122275562625,58.51115248010806,0.0,58.51115248010806,0.0,already_met
2024-11-09,60,6.3495122275562625,58.51115248010806,5.0,60.173084720619045,0.014259653728621072,reached_on_grid
2024-11-09,70,6.3495122275562625,58.51115248010806,32.0,70.22121140074007,0.0912617838631753,reached_on_grid
2024-11-09,80,6.3495122275562625,58.51115248010806,56.0,80.23199212309946,0.15970812176055676,reached_on_grid
2024-11-09,90,6.3495122275562625,58.51115248010806,79.0,90.40785739325612,0.22530252891221392,reached_on_grid
2024-11-09,100,6.3495122275562625,58.51115248010806,100.0,100.00000000000001,0.28519307457242266,reached_on_grid
2024-11-16,50,9.019808681022159,25.462369586921323,30.0,50.09004571462886,0.13878787524929775,reached_on_grid
2024-11-16,60,9.019808681022159,25.462369586921323,42.0,60.850041071733386,0.19430302534901678,reached_on_grid
2024-11-16,70,9.019808681022159,25.462369586921323,53.0,70.56098993964935,0.24519191294042597,reached_on_grid
2024-11-16,80,9.019808681022159,25.462369586921323,65.0,80.29888217152278,0.3007070630401451,reached_on_grid
2024-11-16,90,9.019808681022159,25.462369586921323,83.0,90.00906099744587,0.38397978818972367,reached_on_grid
2024-11-16,100,9.019808681022159,25.462369586921323,100.0,100.0,0.4626262508309924,reached_on_grid
2024-11-23,50,0.0,,,,,undefined_zero_opening_ev
2024-11-23,60,0.0,,,,,undefined_zero_opening_ev
2024-11-23,70,0.0,,,,,undefined_zero_opening_ev
2024-11-23,80,0.0,,,,,undefined_zero_opening_ev
2024-11-23,90,0.0,,,,,undefined_zero_opening_ev
2024-11-23,100,0.0,,,,,undefined_zero_opening_ev
2024-12-07,50,8.864516765507226,102.14459439311688,0.0,102.14459439311688,0.0,already_met
2024-12-07,60,8.864516765507226,102.14459439311688,0.0,102.14459439311688,0.0,already_met
2024-12-07,70,8.864516765507226,102.14459439311688,0.0,102.14459439311688,0.0,already_met
2024-12-07,80,8.864516765507226,102.14459439311688,0.0,102.14459439311688,0.0,already_met
2024-12-07,90,8.864516765507226,102.14459439311688,0.0,102.14459439311688,0.0,already_met
2024-12-07,100,8.864516765507226,102.14459439311688,0.0,102.14459439311688,0.0,already_met
2024-12-14,50,10.940364077935952,51.26764540379028,0.0,51.26764540379028,0.0,already_met
2024-12-14,60,10.940364077935952,51.26764540379028,18.0,60.41822827162036,0.08039097468584107,reached_on_grid
2024-12-14,70,10.940364077935952,51.26764540379028,31.0,71.25916950964906,0.13845112307005963,reached_on_grid
2024-12-14,80,10.940364077935952,51.26764540379028,44.0,80.09751599795362,0.19651127145427824,reached_on_grid
2024-12-14,90,10.940364077935952,51.26764540379028,60.0,90.63730269442235,0.26796991561947026,reached_on_grid
2024-12-14,100,10.940364077935952,51.26764540379028,100.0,100.0,0.4466165260324505,reached_on_grid
2025-01-11,50,1.1242118300633528,19.543637829639714,67.0,51.021354447036856,0.2711160784529992,reached_on_grid
2025-01-11,60,1.1242118300633528,19.543637829639714,75.0,61.27734916479157,0.30348814752201403,reached_on_grid
2025-01-11,70,1.1242118300633528,19.543637829639714,82.0,71.23854134011316,0.331813707957402,reached_on_grid
2025-01-11,80,1.1242118300633528,19.543637829639714,88.0,80.38773356368694,0.35609275975916316,reached_on_grid
2025-01-11,90,1.1242118300633528,19.543637829639714,94.0,90.00414925016696,0.38037181156092426,reached_on_grid
2025-01-11,100,1.1242118300633528,19.543637829639714,100.0,100.0,0.4046508633626853,reached_on_grid
2025-01-18,50,7.727210327986464,51.74010209967734,0.0,51.74010209967734,0.0,already_met
2025-01-18,60,7.727210327986464,51.74010209967734,22.0,60.15797973859799,0.1299681591279362,reached_on_grid
2025-01-18,70,7.727210327986464,51.74010209967734,48.0,70.39642084058605,0.2835668926427699,reached_on_grid
2025-01-18,80,7.727210327986464,51.74010209967734,64.0,80.0992934903509,0.3780891901903599,reached_on_grid
2025-01-18,90,7.727210327986464,51.74010209967734,80.0,90.31946713293033,0.47261148773794986,reached_on_grid
2025-01-18,100,7.727210327986464,51.74010209967734,100.0,100.0,0.5907643596724375,reached_on_grid
2025-02-01,50,13.873719480625207,69.21868223367944,0.0,69.21868223367944,0.0,already_met
2025-02-01,60,13.873719480625207,69.21868223367944,0.0,69.21868223367944,0.0,already_met
2025-02-01,70,13.873719480625207,69.21868223367944,1.0,70.22699733256053,0.004332918260152264,reached_on_grid
2025-02-01,80,13.873719480625207,69.21868223367944,12.0,80.31679290551052,0.05199501912182695,reached_on_grid
2025-02-01,90,13.873719480625207,69.21868223367944,23.0,90.31291612806585,0.09965711998350171,reached_on_grid
2025-02-01,100,13.873719480625207,69.21868223367944,36.0,100.30042898653947,0.15598505736548088,reached_on_grid
2025-02-08,50,10.178787145235054,63.96883584566518,0.0,63.96883584566518,0.0,already_met
2025-02-08,60,10.178787145235054,63.96883584566518,0.0,63.96883584566518,0.0,already_met
2025-02-08,70,10.178787145235054,63.96883584566518,18.0,70.26034284472723,0.053547664512172834,reached_on_grid
2025-02-08,80,10.178787145235054,63.96883584566518,33.0,80.35692371331763,0.09817071827231683,reached_on_grid
2025-02-08,90,10.178787145235054,63.96883584566518,61.0,90.23054571798927,0.18146708529125238,reached_on_grid
2025-02-08,100,10.178787145235054,63.96883584566518,100.0,100.0,0.2974870250676268,reached_on_grid
2025-02-15,50,13.350269660846322,46.208320899883745,4.0,50.324268606394554,0.020908173496726613,reached_on_grid
2025-02-15,60,13.350269660846322,46.208320899883745,14.0,60.08713187005249,0.07317860723854328,reached_on_grid
2025-02-15,70,13.350269660846322,46.208320899883745,26.0,70.74414173762138,0.13590312772872318,reached_on_grid
2025-02-15,80,13.350269660846322,46.208320899883745,37.0,80.22948738435322,0.19340060484472152,reached_on_grid
2025-02-15,90,13.350269660846322,46.208320899883745,62.0,90.06580231090038,0.32407668919926313,reached_on_grid
2025-02-15,100,13.350269660846322,46.208320899883745,83.0,100.01512464225904,0.43384460005707803,reached_on_grid
2025-02-22,50,5.399103975356959,44.06048762511465,8.0,50.034487480983046,0.017289006132092014,reached_on_grid
2025-02-22,60,5.399103975356959,44.06048762511465,27.0,60.43789297821498,0.058350395695810506,reached_on_grid
2025-02-22,70,5.399103975356959,44.06048762511465,42.0,71.82496423336222,0.090767282193483,reached_on_grid
2025-02-22,80,5.399103975356959,44.06048762511465,59.0,80.00569221831235,0.12750642022417852,reached_on_grid
2025-02-22,90,5.399103975356959,44.06048762511465,78.0,90.04264444711819,0.168567809787897,reached_on_grid
2025-02-22,100,5.399103975356959,44.06048762511465,100.0,100.0,0.21611257665115002,reached_on_grid
2025-03-01,50,7.72894515161289,67.33075718250083,0.0,67.33075718250083,0.0,already_met
2025-03-01,60,7.72894515161289,67.33075718250083,0.0,67.33075718250083,0.0,already_met
2025-03-01,70,7.72894515161289,67.33075718250083,8.0,70.33796290934129,0.02129151507202284,reached_on_grid
2025-03-01,80,7.72894515161289,67.33075718250083,37.0,80.00748537696514,0.09847325720810564,reached_on_grid
2025-03-01,90,7.72894515161289,67.33075718250083,62.0,92.52873680535964,0.165009241808177,reached_on_grid
2025-03-01,100,7.72894515161289,67.33075718250083,100.0,100.0,0.26614393840028555,reached_on_grid
2025-03-08,50,9.53118422437456,70.46297212152245,0.0,70.46297212152245,0.0,already_met
2025-03-08,60,9.53118422437456,70.46297212152245,0.0,70.46297212152245,0.0,already_met
2025-03-08,70,9.53118422437456,70.46297212152245,0.0,70.46297212152245,0.0,already_met
2025-03-08,80,9.53118422437456,70.46297212152245,47.0,90.01586041196428,0.10251799681663429,reached_on_grid
2025-03-08,90,9.53118422437456,70.46297212152245,47.0,90.01586041196428,0.10251799681663429,reached_on_grid
2025-03-08,100,9.53118422437456,70.46297212152245,100.0,100.0,0.21812339748220072,reached_on_grid
2025-03-15,50,13.629395030675672,90.03203346499168,0.0,90.03203346499168,0.0,already_met
2025-03-15,60,13.629395030675672,90.03203346499168,0.0,90.03203346499168,0.0,already_met
2025-03-15,70,13.629395030675672,90.03203346499168,0.0,90.03203346499168,0.0,already_met
2025-03-15,80,13.629395030675672,90.03203346499168,0.0,90.03203346499168,0.0,already_met
2025-03-15,90,13.629395030675672,90.03203346499168,0.0,90.03203346499168,0.0,already_met
2025-03-15,100,13.629395030675672,90.03203346499168,86.0,100.01984302540703,0.1864020649197789,reached_on_grid
2025-03-22,50,4.415844598037625,35.03084155560305,19.0,50.5308889382657,0.04417257863625207,reached_on_grid
2025-03-22,60,4.415844598037625,35.03084155560305,32.0,60.31798377764412,0.0743959219136877,reached_on_grid
2025-03-22,70,4.415844598037625,35.03084155560305,50.0,70.47349080428252,0.11624362799013703,reached_on_grid
2025-03-22,80,4.415844598037625,35.03084155560305,63.0,80.28543845360191,0.14646697126757266,reached_on_grid
2025-03-22,90,4.415844598037625,35.03084155560305,78.0,90.47981143251036,0.18134005966461378,reached_on_grid
2025-03-22,100,4.415844598037625,35.03084155560305,100.0,100.0,0.2324872559802741,reached_on_grid
2025-03-29,50,12.170468627481402,76.40495105059212,0.0,76.40495105059212,0.0,already_met
2025-03-29,60,12.170468627481402,76.40495105059212,0.0,76.40495105059212,0.0,already_met
2025-03-29,70,12.170468627481402,76.40495105059212,0.0,76.40495105059212,0.0,already_met
2025-03-29,80,12.170468627481402,76.40495105059212,12.0,80.09504573065448,0.041074169805091154,reached_on_grid
2025-03-29,90,12.170468627481402,76.40495105059212,44.0,90.08188346084415,0.15060528928533418,reached_on_grid
2025-03-29,100,12.170468627481402,76.40495105059212,100.0,100.00000000000001,0.3422847483757595,reached_on_grid
2025-04-05,50,2.6178622543436543,63.62436385059997,0.0,63.62436385059997,0.0,already_met
2025-04-05,60,2.6178622543436543,63.62436385059997,0.0,63.62436385059997,0.0,already_met
2025-04-05,70,2.6178622543436543,63.62436385059997,18.0,70.25406951446475,0.11189414456956122,reached_on_grid
2025-04-05,80,2.6178622543436543,63.62436385059997,45.0,80.06213757870978,0.27973536142390304,reached_on_grid
2025-04-05,90,2.6178622543436543,63.62436385059997,73.0,90.22124530311476,0.4537929196432204,reached_on_grid
2025-04-05,100,2.6178622543436543,63.62436385059997,100.0,99.99999999999999,0.6216341364975623,reached_on_grid
2025-04-12,50,10.587031156332264,39.075819132591675,13.0,50.669021633599804,0.05584497219169259,reached_on_grid
2025-04-12,60,10.587031156332264,39.075819132591675,22.0,67.18563142602596,0.09450687601671065,reached_on_grid
2025-04-12,70,10.587031156332264,39.075819132591675,26.0,70.32371949011375,0.1116899443833853,reached_on_grid
2025-04-12,80,10.587031156332264,39.075819132591675,40.0,80.43143943226166,0.17183068366674661,reached_on_grid
2025-04-12,90,10.587031156332264,39.075819132591675,56.0,90.13279091550466,0.24056295713344528,reached_on_grid
2025-04-12,100,10.587031156332264,39.075819132591675,82.0,100.0038269820681,0.3522529015168305,reached_on_grid
2025-04-26,50,2.4743815174838306,7.0716355702884774,5.0,50.78902370446852,0.03309003443307222,reached_on_grid
2025-04-26,60,2.4743815174838306,7.0716355702884774,6.0,62.051341725234074,0.03970804131968667,reached_on_grid
2025-04-26,70,2.4743815174838306,7.0716355702884774,7.0,73.77279043990602,0.046326048206301165,reached_on_grid
2025-04-26,80,2.4743815174838306,7.0716355702884774,8.0,85.85244923298794,0.05294405509291562,reached_on_grid
2025-04-26,90,2.4743815174838306,7.0716355702884774,9.0,98.20907634297879,0.05956206197952998,reached_on_grid
2025-04-26,100,2.4743815174838306,7.0716355702884774,10.0,110.7767763845076,0.06618006886614441,reached_on_grid
2025-05-03,50,10.643176965541567,43.62831576135539,59.0,50.09751012782161,0.17815957821707232,reached_on_grid
2025-05-03,60,10.643176965541567,43.62831576135539,94.0,99.54902526050886,0.2838474636000813,reached_on_grid
2025-05-03,70,10.643176965541567,43.62831576135539,94.0,99.54902526050886,0.2838474636000813,reached_on_grid
2025-05-03,80,10.643176965541567,43.62831576135539,94.0,99.54902526050886,0.2838474636000813,reached_on_grid
2025-05-03,90,10.643176965541567,43.62831576135539,94.0,99.54902526050886,0.2838474636000813,reached_on_grid
2025-05-03,100,10.643176965541567,43.62831576135539,100.0,100.0,0.30196538680859714,reached_on_grid
2025-05-10,50,4.527022657787913,84.20672158759935,0.0,84.20672158759935,0.0,already_met
2025-05-10,60,4.527022657787913,84.20672158759935,0.0,84.20672158759935,0.0,already_met
2025-05-10,70,4.527022657787913,84.20672158759935,0.0,84.20672158759935,0.0,already_met
2025-05-10,80,4.527022657787913,84.20672158759935,0.0,84.20672158759935,0.0,already_met
2025-05-10,90,4.527022657787913,84.20672158759935,29.0,90.07751148658232,0.05092175772022258,reached_on_grid
2025-05-10,100,4.527022657787913,84.20672158759935,100.0,100.0,0.17559226800076763,reached_on_grid
2025-05-17,50,6.278892359837726,57.7794787214539,0.0,57.7794787214539,0.0,already_met
2025-05-17,60,6.278892359837726,57.7794787214539,6.0,60.16188462287984,0.0167391972925352,reached_on_grid
2025-05-17,70,6.278892359837726,57.7794787214539,26.0,70.1813451190821,0.07253652160098582,reached_on_grid
2025-05-17,80,6.278892359837726,57.7794787214539,51.0,80.18681047571793,0.1422831769865492,reached_on_grid
2025-05-17,90,6.278892359837726,57.7794787214539,60.0,90.10734422746377,0.1673919729253519,reached_on_grid
2025-05-17,100,6.278892359837726,57.7794787214539,100.0,100.0,0.2789866215422533,reached_on_grid
2025-05-31,50,2.1814362391288107,49.06330246920275,2.0,50.08326440066882,0.004509068527900155,reached_on_grid
2025-05-31,60,2.1814362391288107,49.06330246920275,25.0,60.34365822042931,0.05636335659875167,reached_on_grid
2025-05-31,70,2.1814362391288107,49.06330246920275,42.0,70.25275491215896,0.09469043908590273,reached_on_grid
2025-05-31,80,2.1814362391288107,49.06330246920275,60.0,80.40348768427286,0.13527205583700389,reached_on_grid
2025-05-31,90,2.1814362391288107,49.06330246920275,79.0,90.36096882250345,0.17810820685205517,reached_on_grid
2025-05-31,100,2.1814362391288107,49.06330246920275,100.0,100.0,0.22545342639500654,reached_on_grid
2025-06-07,50,8.246611198326697,52.53586467750491,0.0,52.53586467750491,0.0,already_met
2025-06-07,60,8.246611198326697,52.53586467750491,15.0,60.51393369604807,0.05343426108937324,reached_on_grid
2025-06-07,70,8.246611198326697,52.53586467750491,32.0,70.26487123443064,0.11399309032399602,reached_on_grid
2025-06-07,80,8.246611198326697,52.53586467750491,49.0,80.20501576349034,0.17455191955861887,reached_on_grid
2025-06-07,90,8.246611198326697,52.53586467750491,74.0,90.0126222665181,0.2636090213742408,reached_on_grid
2025-06-07,100,8.246611198326697,52.53586467750491,100.0,100.0,0.35622840726248756,reached_on_grid
2025-06-14,50,8.836258026391144,46.19664433585297,10.0,50.139257363235714,0.03378347435304291,reached_on_grid
2025-06-14,60,8.836258026391144,46.19664433585297,39.0,60.41822676734326,0.13175554997686728,reached_on_grid
2025-06-14,70,8.836258026391144,46.19664433585297,62.0,70.13872767353465,0.20945754098886585,reached_on_grid
2025-06-14,80,8.836258026391144,46.19664433585297,65.0,88.37687274117427,0.21959258329477863,reached_on_grid
2025-06-14,90,8.836258026391144,46.19664433585297,71.0,90.23276985377674,0.23986266790660443,reached_on_grid
2025-06-14,100,8.836258026391144,46.19664433585297,100.0,100.0,0.33783474353042875,reached_on_grid
2025-06-21,50,8.842797672366547,66.11695417042228,0.0,66.11695417042228,0.0,already_met
2025-06-21,60,8.842797672366547,66.11695417042228,0.0,66.11695417042228,0.0,already_met
2025-06-21,70,8.842797672366547,66.11695417042228,98.0,99.55971546631194,0.23704517403532288,reached_on_grid
2025-06-21,80,8.842797672366547,66.11695417042228,98.0,99.55971546631194,0.23704517403532288,reached_on_grid
2025-06-21,90,8.842797672366547,66.11695417042228,98.0,99.55971546631194,0.23704517403532288,reached_on_grid
2025-06-21,100,8.842797672366547,66.11695417042228,100.0,100.0,0.24188283064828858,reached_on_grid
2025-06-28,50,9.981320457427437,41.09208033413707,16.0,50.25165816887929,0.029446707786347347,reached_on_grid
2025-06-28,60,9.981320457427437,41.09208033413707,31.0,60.52902533397006,0.0570529963360479,reached_on_grid
2025-06-28,70,9.981320457427437,41.09208033413707,48.0,70.45809391572945,0.088340123359042,reached_on_grid
2025-06-28,80,9.981320457427437,41.09208033413707,65.0,80.27236925340037,0.119627250382036,reached_on_grid
2025-06-28,90,9.981320457427437,41.09208033413707,83.0,90.51122632137893,0.1527547966416767,reached_on_grid
2025-06-28,100,9.981320457427437,41.09208033413707,100.0,100.0,0.18404192366467081,reached_on_grid
2025-07-12,50,5.906951138701737,67.39584468391045,0.0,67.39584468391045,0.0,already_met
2025-07-12,60,5.906951138701737,67.39584468391045,0.0,67.39584468391045,0.0,already_met
2025-07-12,70,5.906951138701737,67.39584468391045,13.0,70.20530541239918,0.040976264834285805,reached_on_grid
2025-07-12,80,5.906951138701737,67.39584468391045,52.0,80.07928012974703,0.1639050593371431,reached_on_grid
2025-07-12,90,5.906951138701737,67.39584468391045,77.0,90.16278002283117,0.2427055686338466,reached_on_grid
2025-07-12,100,5.906951138701737,67.39584468391045,100.0,100.00000000000001,0.3152020371868137,reached_on_grid
2025-07-19,50,0.31593196939967577,30.525631623299056,30.0,50.529124624095026,0.018101283961939718,reached_on_grid
2025-07-19,60,0.31593196939967577,30.525631623299056,44.0,60.1470285180798,0.02654854981084498,reached_on_grid
2025-07-19,70,0.31593196939967577,30.525631623299056,59.0,70.62208629279216,0.03559919179181481,reached_on_grid
2025-07-19,80,0.31593196939967577,30.525631623299056,73.0,80.54027012580755,0.04404645764072007,reached_on_grid
2025-07-19,90,0.31593196939967577,30.525631623299056,87.0,90.5800361328276,0.05249372348962522,reached_on_grid
2025-07-19,100,0.31593196939967577,30.525631623299056,100.0,100.0,0.0603376132064658,reached_on_grid
2025-07-26,50,5.008060750950048,114.93899322965694,0.0,114.93899322965694,0.0,already_met
2025-07-26,60,5.008060750950048,114.93899322965694,0.0,114.93899322965694,0.0,already_met
2025-07-26,70,5.008060750950048,114.93899322965694,0.0,114.93899322965694,0.0,already_met
2025-07-26,80,5.008060750950048,114.93899322965694,0.0,114.93899322965694,0.0,already_met
2025-07-26,90,5.008060750950048,114.93899322965694,0.0,114.93899322965694,0.0,already_met
2025-07-26,100,5.008060750950048,114.93899322965694,0.0,114.93899322965694,0.0,already_met
2025-08-02,50,11.181854881783417,66.49780357309672,0.0,66.49780357309672,0.0,already_met
2025-08-02,60,11.181854881783417,66.49780357309672,0.0,66.49780357309672,0.0,already_met
2025-08-02,70,11.181854881783417,66.49780357309672,14.0,70.02254198882076,0.02723592617231035,reached_on_grid
2025-08-02,80,11.181854881783417,66.49780357309672,53.0,80.05249725830303,0.1031074347951748,reached_on_grid
2025-08-02,90,11.181854881783417,66.49780357309672,61.0,90.56049157128787,0.11867082117935207,reached_on_grid
2025-08-02,100,11.181854881783417,66.49780357309672,100.0,100.0,0.19454232980221658,reached_on_grid
2025-08-09,50,18.512255242645267,72.78291858975453,0.0,72.78291858975453,0.0,already_met
2025-08-09,60,18.512255242645267,72.78291858975453,0.0,72.78291858975453,0.0,already_met
2025-08-09,70,18.512255242645267,72.78291858975453,0.0,72.78291858975453,0.0,already_met
2025-08-09,80,18.512255242645267,72.78291858975453,21.0,80.09830466128683,0.06370716942192103,reached_on_grid
2025-08-09,90,18.512255242645267,72.78291858975453,59.0,90.07003504297741,0.1789868093282543,reached_on_grid
2025-08-09,100,18.512255242645267,72.78291858975453,100.0,100.0,0.3033674734377192,reached_on_grid
2025-08-16,50,4.464776095318652,54.67396820669563,0.0,54.67396820669563,0.0,already_met
2025-08-16,60,4.464776095318652,54.67396820669563,8.0,60.102248854422214,0.020257241254061586,reached_on_grid
2025-08-16,70,4.464776095318652,54.67396820669563,26.0,70.14023969776837,0.06583603407570014,reached_on_grid
2025-08-16,80,4.464776095318652,54.67396820669563,52.0,80.0752652817319,0.13167206815140034,reached_on_grid
2025-08-16,90,4.464776095318652,54.67396820669563,79.0,91.37672849763342,0.20004025738385817,reached_on_grid
2025-08-16,100,4.464776095318652,54.67396820669563,100.0,100.0,0.25321551567576983,reached_on_grid
2025-08-23,50,10.984672218910523,83.80777358187413,0.0,83.80777358187413,0.0,already_met
2025-08-23,60,10.984672218910523,83.80777358187413,0.0,83.80777358187413,0.0,already_met
2025-08-23,70,10.984672218910523,83.80777358187413,0.0,83.80777358187413,0.0,already_met
2025-08-23,80,10.984672218910523,83.80777358187413,0.0,83.80777358187413,0.0,already_met
2025-08-23,90,10.984672218910523,83.80777358187413,16.0,90.28652375724741,0.031947294972149765,reached_on_grid
2025-08-23,100,10.984672218910523,83.80777358187413,56.0,100.02126028900472,0.11181553240252409,reached_on_grid
2025-09-06,50,3.4560892569779984,58.96101421942047,0.0,58.96101421942047,0.0,already_met
2025-09-06,60,3.4560892569779984,58.96101421942047,3.0,60.48639373321425,0.009796105092656174,reached_on_grid
2025-09-06,70,3.4560892569779984,58.96101421942047,23.0,70.36802173793207,0.0751034723770309,reached_on_grid
2025-09-06,80,3.4560892569779984,58.96101421942047,44.0,80.00567908525898,0.1436762080256243,reached_on_grid
2025-09-06,90,3.4560892569779984,58.96101421942047,71.0,90.09111545172276,0.23184115385953022,reached_on_grid
2025-09-06,100,3.4560892569779984,58.96101421942047,100.0,100.0,0.3265368364218735,reached_on_grid
2025-09-13,50,21.30413691935857,78.97019212761923,0.0,78.97019212761923,0.0,already_met
2025-09-13,60,21.30413691935857,78.97019212761923,0.0,78.97019212761923,0.0,already_met
2025-09-13,70,21.30413691935857,78.97019212761923,0.0,78.97019212761923,0.0,already_met
2025-09-13,80,21.30413691935857,78.97019212761923,4.0,80.00367230510433,0.010825760176468845,reached_on_grid
2025-09-13,90,21.30413691935857,78.97019212761923,51.0,90.07947491174569,0.1380284422499781,reached_on_grid
2025-09-13,100,21.30413691935857,78.97019212761923,100.0,100.0,0.27064400441172176,reached_on_grid
2025-09-27,50,4.88870728045923,47.0544880063199,6.0,50.218904642891644,0.013566025225851347,reached_on_grid
2025-09-27,60,4.88870728045923,47.0544880063199,25.0,60.26815890077786,0.05652510510771412,reached_on_grid
2025-09-27,70,4.88870728045923,47.0544880063199,44.0,70.2484591665537,0.09948418498957692,reached_on_grid
2025-09-27,80,4.88870728045923,47.0544880063199,63.0,80.046372124564,0.14244326487143966,reached_on_grid
2025-09-27,90,4.88870728045923,47.0544880063199,80.0,90.21868972495692,0.1808803363446853,reached_on_grid
2025-09-27,100,4.88870728045923,47.0544880063199,100.0,100.0,0.2261004204308566,reached_on_grid
2025-10-04,50,8.599855442638422,86.89159016297873,0.0,86.89159016297873,0.0,already_met
2025-10-04,60,8.599855442638422,86.89159016297873,0.0,86.89159016297873,0.0,already_met
2025-10-04,70,8.599855442638422,86.89159016297873,0.0,86.89159016297873,0.0,already_met
2025-10-04,80,8.599855442638422,86.89159016297873,0.0,86.89159016297873,0.0,already_met
2025-10-04,90,8.599855442638422,86.89159016297873,20.0,90.21763684206047,0.05898685442570568,reached_on_grid
2025-10-04,100,8.599855442638422,86.89159016297873,100.0,100.0,0.2949342721285287,reached_on_grid
2025-10-11,50,11.750863666919109,42.33960344592888,13.0,50.7722982623157,0.04745422988288139,reached_on_grid
2025-10-11,60,11.750863666919109,42.33960344592888,26.0,60.555839266421614,0.09490845976576279,reached_on_grid
2025-10-11,70,11.750863666919109,42.33960344592888,35.0,70.54385782360953,0.12776138814621912,reached_on_grid
2025-10-11,80,11.750863666919109,42.33960344592888,50.0,80.38732917221606,0.18251626878031305,reached_on_grid
2025-10-11,90,11.750863666919109,42.33960344592888,73.0,90.1027440538675,0.266473752419257,reached_on_grid
2025-10-11,100,11.750863666919109,42.33960344592888,100.0,99.99999999999999,0.3650325375606261,reached_on_grid
2025-10-18,50,2.2157487868399337,99.49506940777161,0.0,99.49506940777161,0.0,already_met
2025-10-18,60,2.2157487868399337,99.49506940777161,0.0,99.49506940777161,0.0,already_met
2025-10-18,70,2.2157487868399337,99.49506940777161,0.0,99.49506940777161,0.0,already_met
2025-10-18,80,2.2157487868399337,99.49506940777161,0.0,99.49506940777161,0.0,already_met
2025-10-18,90,2.2157487868399337,99.49506940777161,0.0,99.49506940777161,0.0,already_met
2025-10-18,100,2.2157487868399337,99.49506940777161,1.0,102.15983907075837,0.002754938740302304,reached_on_grid
2025-10-25,50,12.02920962472454,59.21199982165952,0.0,59.21199982165952,0.0,already_met
2025-10-25,60,12.02920962472454,59.21199982165952,1.0,60.2079535996291,0.00497604297700977,reached_on_grid
2025-10-25,70,12.02920962472454,59.21199982165952,13.0,70.60344375691481,0.06468855870112766,reached_on_grid
2025-10-25,80,12.02920962472454,59.21199982165952,34.0,80.00020003696535,0.16918546121833397,reached_on_grid
2025-10-25,90,12.02920962472454,59.21199982165952,57.0,90.01683546590486,0.2836344496895598,reached_on_grid
2025-10-25,100,12.02920962472454,59.21199982165952,100.0,100.0,0.4976042977009822,reached_on_grid
2025-11-01,50,12.482408936102377,56.02034435746217,0.0,56.02034435746217,0.0,already_met
2025-11-01,60,12.482408936102377,56.02034435746217,7.0,60.54271382331302,0.019751421830899427,reached_on_grid
2025-11-01,70,12.482408936102377,56.02034435746217,24.0,70.1274636687705,0.06771916056308382,reached_on_grid
2025-11-01,80,12.482408936102377,56.02034435746217,48.0,80.08945169268841,0.13543832112616752,reached_on_grid
2025-11-01,90,12.482408936102377,56.02034435746217,74.0,90.02059202921753,0.20880074506950833,reached_on_grid
2025-11-01,100,12.482408936102377,56.02034435746217,100.0,100.0,0.2821631690128491,reached_on_grid
2025-11-08,50,7.429032781887843,119.86527466551189,0.0,119.86527466551189,0.0,already_met
2025-11-08,60,7.429032781887843,119.86527466551189,0.0,119.86527466551189,0.0,already_met
2025-11-08,70,7.429032781887843,119.86527466551189,0.0,119.86527466551189,0.0,already_met
2025-11-08,80,7.429032781887843,119.86527466551189,0.0,119.86527466551189,0.0,already_met
2025-11-08,90,7.429032781887843,119.86527466551189,0.0,119.86527466551189,0.0,already_met
2025-11-08,100,7.429032781887843,119.86527466551189,0.0,119.86527466551189,0.0,already_met
2025-11-15,50,4.939053155505739,42.16713791320991,9.0,50.43557673979994,0.035060954042934425,reached_on_grid
2025-11-15,60,4.939053155505739,42.16713791320991,21.0,60.16173923606874,0.08180889276684701,reached_on_grid
2025-11-15,70,4.939053155505739,42.16713791320991,31.0,70.10584248991154,0.12076550837010736,reached_on_grid
2025-11-15,80,4.939053155505739,42.16713791320991,42.0,80.61195316151152,0.1636177855336939,reached_on_grid
2025-11-15,90,4.939053155505739,42.16713791320991,53.0,90.68921520525798,0.20647006269728047,reached_on_grid
2025-11-15,100,4.939053155505739,42.16713791320991,64.0,100.74365457736813,0.24932233986086688,reached_on_grid
2025-11-22,50,9.382049131150385,56.87891445098064,0.0,56.87891445098064,0.0,already_met
2025-11-22,60,9.382049131150385,56.87891445098064,12.0,60.095879152626615,0.04230996920400132,reached_on_grid
2025-11-22,70,9.382049131150385,56.87891445098064,42.0,70.13856713534413,0.1480848922140048,reached_on_grid
2025-11-22,80,9.382049131150385,56.87891445098064,63.0,80.48280287274123,0.22212733832100712,reached_on_grid
2025-11-22,90,9.382049131150385,56.87891445098064,82.0,90.41934937749329,0.28911812289400923,reached_on_grid
2025-11-22,100,9.382049131150385,56.87891445098064,100.0,100.0,0.3525830767000113,reached_on_grid
2025-12-06,50,12.958540623932388,57.24785283081802,0.0,57.24785283081802,0.0,already_met
2025-12-06,60,12.958540623932388,57.24785283081802,17.0,60.38906655448025,0.06036015531721348,reached_on_grid
2025-12-06,70,12.958540623932388,57.24785283081802,39.0,70.3304497770694,0.13847329749243098,reached_on_grid
2025-12-06,80,12.958540623932388,57.24785283081802,56.0,80.08119526138339,0.1988334528096444,reached_on_grid
2025-12-06,90,12.958540623932388,57.24785283081802,81.0,90.11430807273135,0.2875983870996643,reached_on_grid
2025-12-06,100,12.958540623932388,57.24785283081802,100.0,100.0,0.3550597371600794,reached_on_grid
2025-12-13,50,3.6770514123552873,64.46537913426366,0.0,64.46537913426366,0.0,already_met
2025-12-13,60,3.6770514123552873,64.46537913426366,0.0,64.46537913426366,0.0,already_met
2025-12-13,70,3.6770514123552873,64.46537913426366,5.0,70.08108890470758,0.02130255062565689,reached_on_grid
2025-12-13,80,3.6770514123552873,64.46537913426366,16.0,80.78652885972973,0.06816816200210189,reached_on_grid
2025-12-13,90,3.6770514123552873,64.46537913426366,28.0,90.08870539813509,0.11929428350367832,reached_on_grid
2025-12-13,100,3.6770514123552873,64.46537913426366,47.0,100.29859130929464,0.20024397588117432,reached_on_grid
2026-01-24,50,6.559098600334434,30.632650180173837,25.0,50.217247253008566,0.12134710300711583,reached_on_grid
2026-01-24,60,6.559098600334434,30.632650180173837,38.0,60.588194623760714,0.18444759657081608,reached_on_grid
2026-01-24,70,6.559098600334434,30.632650180173837,51.0,70.62196799415972,0.24754809013451634,reached_on_grid
2026-01-24,80,6.559098600334434,30.632650180173837,64.0,80.05840218018606,0.3106485836982166,reached_on_grid
2026-01-24,90,6.559098600334434,30.632650180173837,85.0,90.43922361624486,0.41258015022419386,reached_on_grid
2026-01-24,100,6.559098600334434,30.632650180173837,100.0,100.0,0.4853884120284634,reached_on_grid
2026-01-31,50,3.6479663114402268,38.45834166560806,22.0,50.50589155712106,0.047700151160196824,reached_on_grid
2026-01-31,60,3.6479663114402268,38.45834166560806,37.0,60.10849051158386,0.08022298149669474,reached_on_grid
2026-01-31,70,3.6479663114402268,38.45834166560806,54.0,70.59860095968853,0.11708218921139228,reached_on_grid
2026-01-31,80,3.6479663114402268,38.45834166560806,71.0,80.55349604335099,0.15394139692608988,reached_on_grid
2026-01-31,90,3.6479663114402268,38.45834166560806,86.0,90.54600997584707,0.18646422726258768,reached_on_grid
2026-01-31,100,3.6479663114402268,38.45834166560806,100.0,100.0,0.2168188689099857,reached_on_grid
2026-02-07,50,13.967505029608024,115.7030214975769,0.0,115.7030214975769,0.0,already_met
2026-02-07,60,13.967505029608024,115.7030214975769,0.0,115.7030214975769,0.0,already_met
2026-02-07,70,13.967505029608024,115.7030214975769,0.0,115.7030214975769,0.0,already_met
2026-02-07,80,13.967505029608024,115.7030214975769,0.0,115.7030214975769,0.0,already_met
2026-02-07,90,13.967505029608024,115.7030214975769,0.0,115.7030214975769,0.0,already_met
2026-02-07,100,13.967505029608024,115.7030214975769,0.0,115.7030214975769,0.0,already_met
2026-02-21,50,22.565669920395116,59.093347329876956,0.0,59.093347329876956,0.0,already_met
2026-02-21,60,22.565669920395116,59.093347329876956,2.0,60.321336651271935,0.009762706457919849,reached_on_grid
2026-02-21,70,22.565669920395116,59.093347329876956,18.0,70.17913471825837,0.08786435812127862,reached_on_grid
2026-02-21,80,22.565669920395116,59.093347329876956,37.0,80.36530802346749,0.18061006947151723,reached_on_grid
2026-02-21,90,22.565669920395116,59.093347329876956,71.0,90.31196840732524,0.3465760792561547,reached_on_grid
2026-02-21,100,22.565669920395116,59.093347329876956,100.0,100.0,0.48813532289599243,reached_on_grid
