td_defense_pct_red,td_total_attempted_against_red,td_total_landed_against_red,td_defense_pct_blue,td_total_attempted_against_blue,td_total_landed_against_blue,sig_str_defense_pct_red,sig_str_total_attempted_against_red,sig_str_total_landed_against_red,sig_str_defense_pct_blue,sig_str_total_attempted_against_blue,sig_str_total_landed_against_blue,td_accuracy_pct_red,td_accuracy_pct_blue,sig_str_accuracy_pct_red,sig_str_accuracy_pct_blue,kd_pm_red,kd_total_red,kd_pm_blue,kd_total_blue,sig_str_landed_pm_red,sig_str_landed_total_red,sig_str_landed_pm_blue,sig_str_landed_total_blue,sig_str_absorbed_pm_red,sig_str_absorbed_total_red,sig_str_absorbed_pm_blue,sig_str_absorbed_total_blue,sig_str_attempted_pm_red,sig_str_attempted_total_red,sig_str_attempted_pm_blue,sig_str_attempted_total_blue,leg_str_pm_red,leg_str_total_red,leg_str_pm_blue,leg_str_total_blue,head_str_pm_red,head_str_total_red,head_str_pm_blue,head_str_total_blue,body_str_pm_red,body_str_total_red,body_str_pm_blue,body_str_total_blue,clinch_str_pm_red,clinch_str_total_red,clinch_str_pm_blue,clinch_str_total_blue,td_landed_pm_red,td_landed_total_red,td_landed_pm_blue,td_landed_total_blue,td_attempted_pm_red,td_attempted_total_red,td_attempted_pm_blue,td_attempted_total_blue,td_defended_pm_red,td_defended_total_red,td_defended_pm_blue,td_defended_total_blue,control_pm_red,control_total_red,control_pm_blue,control_total_blue,sub_att_pm_red,sub_att_total_red,sub_att_pm_blue,sub_att_total_blue,reverse_pm_red,reverse_total_red,reverse_pm_blue,reverse_total_blue,total_fight_time_red,total_fight_time_blue,age_red,age_blue,height_red,height_blue,reach_red,reach_blue,date,event_location,weight_class,title_fight,performance_bonus_winner,fight_otn_bonus,method,winner,winner_name,kd_total_diff,kd_pm_diff,sig_str_landed_total_diff,sig_str_landed_pm_diff,sig_str_absorbed_total_diff,sig_str_absorbed_pm_diff,sig_str_attempted_total_diff,sig_str_attempted_pm_diff,leg_str_total_diff,leg_str_pm_diff,head_str_total_diff,head_str_pm_diff,body_str_total_diff,body_str_pm_diff,clinch_str_total_diff,clinch_str_pm_diff,td_landed_total_diff,td_landed_pm_diff,td_attempted_total_diff,td_attempted_pm_diff,control_total_diff,control_pm_diff,sub_att_total_diff,sub_att_pm_diff,reverse_total_diff,reverse_pm_diff,age_diff,height_diff,reach_diff,sig_str_defense_pct_diff,sig_str_accuracy_pct_diff,td_accuracy_pct_diff,td_defense_pct_diff,avg_fight_min_red,avg_fight_min_blue,avg_fight_min_diff,total_bonus_red,total_bonus_blue,total_bonus_diff,elo_red,elo_blue,elo_red_proba,elo_blue_proba,elo_diff,elo_pred,glicko_red,glicko_blue,glicko_rd_red,glicko_rd_blue,glicko_proba_red,glicko_proba_blue,glicko_diff,glicko_pred,rating_agree,math_red,math_blue,months_since_red,months_since_blue,months_since_diff,win_streak_red,lose_streak_red,win_streak_blue,lose_streak_blue,win_pct_red,win_pct_blue,num_fights_red,num_fights_blue,num_wins_red,num_wins_blue,num_losses_red,num_losses_blue,num_fights_diff,win_streak_diff,lose_streak_diff,wins_diff,losses_diff,win_pct_diff,decision_wins_red,ko_wins_red,sub_wins_red,decision_wins_blue,ko_wins_blue,sub_wins_blue,decision_wins_diff,ko_wins_diff,sub_wins_diff,decision_losses_red,ko_losses_red,sub_losses_red,decision_losses_blue,ko_losses_blue,sub_losses_blue,decision_losses_diff,ko_losses_diff,sub_losses_diff,max_elo_win_red,max_elo_win_blue,max_glicko_win_red,max_glicko_win_blue,ko_pct_red,dec_pct_red,sub_pct_red,ko_pct_blue,dec_pct_blue,sub_pct_blue,ko_pct_diff,dec_pct_diff,sub_pct_diff,womens_fight,ratio_td_red,ratio_td_blue,ratio_control_red,ratio_control_blue,ratio_sigstrike_red,ratio_sigstrike_blue,ratio_td_diff,ratio_control_diff,ratio_sigstrike_diff,red_title_fights,blue_title_fights,red_title_wins,blue_title_wins,red_title_losses,blue_title_losses,red_title_win_pct,blue_title_win_pct,event_age,fighter_red,fighter_blue,red_fighter_stats,blue_fighter_stats,open_blue,close1_blue,close2_blue,open_red,close1_red,close2_red,event_date,og_blue_name,og_red_fighter,dec_open_red,dec_close1_red,dec_close2_red,dec_open_blue,dec_close1_blue,dec_close2_blue,dec_fair_open_red,dec_fair_open_blue,proba_fair_open_red,proba_fair_open_blue,pimp_open_red,pimp_open_blue,dec_fair_close1_red,dec_fair_close1_blue,proba_fair_close1_red,proba_fair_close1_blue,pimp_close1_red,pimp_close1_blue,dec_fair_close2_red,dec_fair_close2_blue,proba_fair_close2_red,proba_fair_close2_blue,pimp_close2_red,pimp_close2_blue,juice_open_red,juice_close1_red,juice_close2_red,juice_open_blue,juice_close1_blue,juice_close2_blue,proba_fair_open_diff,proba_fair_close1_diff,proba_fair_close2_diff,line_movement_close1_red,line_movement_close1_blue,line_movement_close2_red,line_movement_close2_blue,red_ud_to_fav_close1,red_ud_to_fav_close2,red_stayed_fav_close1,red_stayed_fav_close2,red_fav_to_ud_close1,red_fav_to_ud_close2,red_stayed_dog_close1,red_stayed_dog_close2,blue_ud_to_fav_close1,blue_ud_to_fav_close2,blue_stayed_fav_close1,blue_stayed_fav_close2,blue_fav_to_ud_close1,blue_fav_to_ud_close2,blue_stayed_dog_close1,blue_stayed_dog_close2,red_fighter_odds,blue_fighter_odds,fav_counts_red,dog_counts_red,fav_counts_blue,dog_counts_blue,fav_counts_diff,dog_counts_diff
0.3571428571428571,14.0,9.0,0.6486486486486487,37.0,13.0,0.5536062378167641,513.0,229.0,0.5254418853776112,1867.0,886.0,0.5384615384615384,0.39285714285714285,0.460446247464503,0.4741902834008097,0.0,0.0,0.08624820316243412,6.0,10.533642691415315,227.0,13.469094393866795,937.0,8.213457076566126,177.0,9.83229516051749,684.0,22.877030162412996,493.0,28.40440824149497,1976.0,2.4593967517401394,53.0,2.2568279827503597,157.0,6.078886310904873,131.0,8.55294681360805,595.0,1.995359628770302,43.0,2.6593195975083854,185.0,1.1600928074245942,25.0,2.041207474844274,142.0,0.6496519721577727,14.0,0.1581217057977959,11.0,1.2064965197215778,26.0,0.4024916147580259,28.0,0.22273781902552206,4.8,0.1873023478677528,13.030000000000001,0.5645784996133025,12.166666666666668,0.4894585529468136,34.05,0.2320185614849188,5.0,0.11499760421657883,8.0,0.0,0.0,0.057498802108289414,4.0,21.549999999999997,69.56666666666666,,,73.0,75.0,72.0,78.0,, USA,Welterweight,0.0,,,,3.0,,-6.0,-0.08624820316243412,-710.0,-2.9354517024514806,-507.0,-1.6188380839513634,-1483.0,-5.5273780790819735,-104.0,0.2025687689897797,-464.0,-2.4740605027031775,-142.0,-0.6639599687380835,-117.0,-0.8811146674196799,3.0,0.4915302663599768,-2.0,0.8040049049635518,-21.88333333333333,0.07511994666648891,-3.0,0.11702095726833998,-4.0,-0.057498802108289414,,-2.0,-6.0,0.02816435243915294,-0.013744035936306687,0.1456043956043956,-0.2915057915057916,6.26111111111111,30.680833333333332,-24.419722222222223,2,3,-1,1743.0807343176693,1753.8417788647241,0.4129178645574511,0.5870821354425488,-10.76104454705478,0,3126.1845622650408,3045.847596131486,0.05999937031642796,0.060002366627291234,0.5726177139767028,0.4273822860232972,80.3369661335546,1,0,0,1,,,,3.0,0.0,1.0,0.0,0.8333333333333334,0.7,6.0,20.0,5.0,14.0,1.0,6.0,-14.0,2.0,0.0,-9.0,-5.0,0.13333333333333341,2,0,3,7,4,3,-5,-4,0,0,1,0,2,2,2,-2,-1,-2,1696.0453448663782,1736.8774616638134,2991.5443453952903,2692.698438296603,0.0,1.0,1.0,0.6666666666666666,0.7777777777777778,0.6,-0.6666666666666666,0.2222222222222222,0.4,0,0.475,0.8661417322834646,0.6071133745515422,1.4288355695661021,0.12677359654534237,1.239340180516651,-0.3911417322834646,-0.8217221950145599,-1.1125665839713088,0.0,0.0,5.0,3.0,-5.0,-3.0,0.0,0.0,,gabriel bonfim,randy brown,Gabriel Bonfim,Randy Brown,,,,,,,,,,,,,,,,,,,,,,,,,,,,,,,,,,,,,,,,,,,,,,,,,,,,,,,,,,,,,,,,,6,1,14,7,-8,-6
0.5789473684210527,19.0,8.0,0.25,4.0,3.0,0.545897644191714,1231.0,559.0,0.5410628019323671,207.0,95.0,0.4,0.42857142857142855,0.40353697749196143,0.40217391304347827,0.01944264419961115,1.0,0.060362173038229376,1.0,9.760207388204796,502.0,4.466800804828974,74.0,9.83797796500324,506.0,4.647887323943662,77.0,24.18664938431627,1244.0,11.106639839034205,184.0,1.4581983149708362,75.0,0.30181086519114686,5.0,7.077122488658458,364.0,2.7766599597585513,46.0,1.2248865845755024,63.0,1.3883299798792756,23.0,0.8360337005832794,43.0,0.6639839034205232,11.0,0.0777705767984446,4.0,0.18108651911468812,3.0,0.19442644199611148,10.0,0.4225352112676056,7.0,0.12968243681140637,6.67,0.07847082494969819,1.3,0.161049902786779,8.283333333333333,0.3319919517102616,5.5,0.19442644199611148,10.0,0.4225352112676056,7.0,0.0388852883992223,2.0,0.0,0.0,51.43333333333333,16.566666666666666,,,68.0,66.0,70.0,69.0,, USA,Flyweight,0.0,,,,3.0,,0.0,-0.04091952883861823,428.0,5.2934065833758215,429.0,5.190090641059578,1060.0,13.080009545282063,70.0,1.1563874497796893,318.0,4.3004625288999065,40.0,-0.16344339530377328,32.0,0.17204979716275626,1.0,-0.10331594231624353,3.0,-0.22810876927149415,2.783333333333333,-0.17094204892348258,3.0,-0.22810876927149415,2.0,0.0388852883992223,,2.0,1.0,0.004834842259346939,0.0013630644484831644,-0.028571428571428525,0.32894736842105265,27.013333333333332,6.483333333333333,20.529999999999998,4,1,3,1521.582174645768,1509.0590454215403,0.561855293637254,0.43814470636274605,12.52312922422766,1,1642.6609141104175,2139.63102544422,0.060003945756491116,0.059999971159781285,0.328590102396466,0.671409897603534,-496.9701113338026,0,0,0,0,,,,1.0,0.0,1.0,0.0,0.4666666666666667,0.5,15.0,4.0,7.0,2.0,8.0,2.0,11.0,0.0,0.0,5.0,6.0,-0.033333333333333326,4,0,3,0,0,2,4,0,1,0,5,2,1,1,0,-1,4,2,1563.516330497784,1500.0,3431.6622282656726,3939.2475985622077,0.0,1.0,0.6,0.0,0.0,1.0,0.0,1.0,-0.4,0,0.3924050632911392,0.07692307692307693,0.07552942727099393,0.4276223804113565,1.3221343873517786,0.34513274336283184,0.3154819863680623,-0.35209295314036254,0.9770016439889467,0.0,0.0,4.0,5.0,-4.0,-5.0,0.0,0.0,,matt schnell,joseph morales,Matt Schnell,Joseph Morales,,,,,,,,,,,,,,,,,,,,,,,,,,,,,,,,,,,,,,,,,,,,,,,,,,,,,,,,,,,,,,,,,3,13,1,4,2,9
0.6799999999999999,25.0,8.0,1.0,5.0,0.0,0.5979695431472081,985.0,396.0,0.498567335243553,349.0,175.0,0.32142857142857145,0.5,0.49707602339181284,0.5752212389380531,0.09904258831297458,5.0,0.3111495246326707,6.0,8.41862000660284,425.0,10.112359550561798,195.0,7.269725982172334,367.0,7.415730337078652,143.0,16.936282601518652,855.0,17.579948141745895,339.0,1.4658303070320238,74.0,1.1408815903197926,22.0,4.476724991746451,226.0,7.000864304235091,135.0,2.4760647078243645,125.0,1.9706136560069147,38.0,0.5546384945526577,28.0,1.4520311149524634,28.0,0.17827665896335423,9.0,0.051858254105445124,1.0,0.5546384945526577,28.0,0.10371650821089025,2.0,0.1877847474413998,9.48,0.2566983578219534,4.95,0.1630901287553648,8.233333333333333,0.07519446845289543,1.45,0.0,0.0,0.0,0.0,0.0,0.0,0.0,0.0,50.483333333333334,19.28333333333333,,,71.0,73.0,70.0,71.0,, USA,Welterweight,0.0,,,,3.0,,-1.0,-0.21210693631969613,230.0,-1.6937395439589586,224.0,-0.14600435490631813,516.0,-0.6436655402272429,52.0,0.32494871671223113,91.0,-2.52413931248864,87.0,0.5054510518174498,0.0,-0.8973926203998057,8.0,0.12641840485790912,26.0,0.45092198634176744,6.783333333333332,0.08789566030246937,0.0,0.0,0.0,0.0,,-2.0,-1.0,0.09940220790365506,-0.07814521554624027,-0.17857142857142855,-0.32000000000000006,25.20384615384615,9.875,15.32884615384615,1,1,0,1714.3455783970596,1560.051539569104,0.6263100853441901,0.3736899146558099,154.29403882795555,1,2688.988567871374,2190.0150014627307,0.06000097152638979,0.0600012936729463,0.7903235133377755,0.2096764866622245,498.97356640864336,1,1,0,0,,,,3.0,0.0,1.0,0.0,0.6923076923076923,0.625,13.0,8.0,9.0,5.0,4.0,3.0,5.0,2.0,0.0,4.0,1.0,0.06730769230769229,4,5,0,0,5,0,4,0,0,1,2,1,0,1,2,1,1,-1,1735.596737195637,1597.4983870908088,5788.719949098806,3807.041839941489,0.7142857142857143,0.8,0.0,0.8333333333333334,0.0,0.0,-0.11904761904761907,0.8,0.0,0,0.5825242718446602,0.09302325581395349,0.3471076354463159,0.4193601255095777,0.45692226706439726,0.336996336996337,0.48950101603070667,-0.07225249006326179,0.11992593006806024,0.0,1.0,5.0,1.0,-5.0,0.0,0.0,1.0,,muslim salikhov,uros medic,Muslim Salikhov,Uros Medic,,,,,,,,,,,,,,,,,,,,,,,,,,,,,,,,,,,,,,,,,,,,,,,,,,,,,,,,,,,,,,,,,10,4,6,3,4,1
1.0,1.0,0.0,0.6666666666666667,6.0,2.0,0.5760000000000001,250.0,106.0,0.44108761329305135,331.0,185.0,0.3,0.3333333333333333,0.519650655021834,0.5589123867069486,0.0,0.0,0.05853658536585366,1.0,8.633615477629988,119.0,10.829268292682928,185.0,7.690447400241838,106.0,5.91219512195122,101.0,16.614268440145104,229.0,19.375609756097564,331.0,3.0471584038694077,42.0,1.75609756097561,30.0,4.498186215235792,62.0,6.965853658536586,119.0,1.0882708585247884,15.0,2.107317073170732,36.0,0.8706166868198307,12.0,1.1121951219512196,19.0,0.21765417170495768,3.0,0.11707317073170732,2.0,0.7255139056831923,10.0,0.351219512195122,6.0,0.1523579201934704,2.1,0.1621463414634146,2.7699999999999996,0.3639661426844015,5.016666666666667,0.08585365853658537,1.4666666666666668,0.07255139056831923,1.0,0.0,0.0,0.0,0.0,0.0,0.0,13.783333333333333,17.083333333333332,,,69.0,68.0,74.0,71.0,, USA,Lightweight,0.0,,,,3.0,,-1.0,-0.05853658536585366,-66.0,-2.1956528150529397,5.0,1.7782522782906174,-102.0,-2.7613413159524605,12.0,1.2910608428937977,-57.0,-2.467667443300794,-21.0,-1.0190462146459434,-7.0,-0.24157843513138888,1.0,0.10058100097325036,4.0,0.3742943934880703,3.55,0.2781124841478161,1.0,0.07255139056831923,0.0,0.0,,1.0,3.0,0.13491238670694872,-0.0392617316851146,-0.033333333333333326,0.33333333333333326,4.444444444444444,5.3625,-0.9180555555555561,0,1,-1,1618.175491690002,1542.7904224362521,0.5891708999290179,0.41082910007098206,75.38506925374986,1,3226.3423361233627,2541.3097451485073,0.05999986028952062,0.06000021178570134,0.837423151358753,0.162576848641247,685.0325909748553,1,1,0,0,,,,3.0,0.0,0.0,1.0,1.0,0.5,3.0,4.0,3.0,2.0,0.0,2.0,-1.0,3.0,-1.0,1.0,-2.0,0.5,1,1,1,1,1,0,0,0,1,0,0,0,0,1,1,0,-1,-1,1529.2713910700677,1651.6803322145363,2474.440061935811,3186.2643946756803,1.0,1.0,1.0,0.5,1.0,0.0,0.5,0.0,1.0,0,0.46153846153846156,0.10526315789473684,0.26340952994977485,0.16471770697693547,0.2,0.3138020833333333,0.35627530364372473,0.09869182297283938,-0.1138020833333333,0.0,0.0,3.0,3.0,-3.0,-3.0,0.0,0.0,,chris padilla,ismael bonfim,Chris Padilla,Ismael Bonfim,,,,,,,,,,,,,,,,,,,,,,,,,,,,,,,,,,,,,,,,,,,,,,,,,,,,,,,,,,,,,,,,,1,3,4,1,-3,2
0.7272727272727273,11.0,3.0,1.0,0.0,0.0,0.3872727272727273,550.0,337.0,0.5964912280701755,114.0,46.0,0.1111111111111111,0.0,0.5923217550274223,0.6812227074235808,0.07380073800738007,2.0,0.47368421052631576,3.0,11.955719557195572,324.0,24.631578947368418,156.0,7.269372693726937,197.0,3.631578947368421,23.0,20.18450184501845,547.0,36.1578947368421,229.0,3.874538745387454,105.0,2.6842105263157894,17.0,6.125461254612546,166.0,14.842105263157894,94.0,1.955719557195572,53.0,7.105263157894736,45.0,2.3616236162361623,64.0,0.7894736842105262,5.0,0.03690036900369004,1.0,0.0,0.0,0.33210332103321033,9.0,0.0,0.0,0.16568265682656827,4.49,0.17368421052631577,1.1,0.6230012300123001,16.883333333333333,0.18157894736842103,1.15,0.0,0.0,0.0,0.0,0.0,0.0,0.0,0.0,27.1,6.333333333333334,,,74.0,72.0,79.0,74.0,, USA,Middleweight,0.0,,,,3.0,,-1.0,-0.3998834725189357,168.0,-12.675859390172846,174.0,3.637793746358516,318.0,-15.973392891823654,88.0,1.1903282190716644,72.0,-8.716644008545348,8.0,-5.149543600699165,59.0,1.5721499320256362,1.0,0.03690036900369004,9.0,0.33210332103321033,15.733333333333333,0.44142228264387906,0.0,0.0,0.0,0.0,,2.0,5.0,-0.2092185007974482,-0.08890095239615847,0.1111111111111111,-0.2727272727272727,10.664285714285715,1.5333333333333334,9.130952380952381,0,0,0,1633.1990687562084,1586.6352068278784,0.5407043605659286,0.45929563943407137,46.56386192832997,1,2670.6921316043613,2311.658696876474,0.05999909504599044,0.05999980912156752,0.7266702049837859,0.2733297950162141,359.0334347278872,1,1,0,0,,,,2.0,0.0,2.0,0.0,0.7142857142857143,1.0,7.0,2.0,5.0,2.0,2.0,0.0,5.0,0.0,0.0,3.0,2.0,-0.2857142857142857,1,4,0,0,2,0,1,2,0,2,0,0,0,0,0,2,0,0,1597.5786940716653,1526.7084053146245,2512.3345468239577,2990.9223647241997,1.0,0.3333333333333333,0.0,1.0,0.0,0.0,0.0,0.3333333333333333,0.0,0,0.07317073170731707,0.0,1.133702523517926,0.18288189380464487,0.4949708840656432,0.08841463414634146,0.07317073170731707,0.9508206297132813,0.4065562499193017,0.0,0.0,0.0,0.0,0.0,0.0,0.0,0.0,,christian leroy duncan,marco tulio,Christian Leroy Duncan,Marco Tulio,,,,,,,,,,,,,,,,,,,,,,,,,,,,,,,,,,,,,,,,,,,,,,,,,,,,,,,,,,,,,,,,,5,3,2,1,3,2
0.8571428571428572,7.0,1.0,0.5625,16.0,7.0,0.5,296.0,148.0,0.5533854166666667,768.0,343.0,0.2,0.4090909090909091,0.5772946859903382,0.4720812182741117,0.1147227533460803,1.0,0.09518773135906927,3.0,27.41873804971319,239.0,11.80327868852459,372.0,16.061185468451242,140.0,8.313061872025383,262.0,47.495219885277244,414.0,25.002644103648862,788.0,3.3269598470363286,29.0,1.713379164463247,54.0,18.011472275334608,157.0,6.4093072448439985,202.0,6.080305927342256,53.0,3.6805922792173456,116.0,2.0650095602294454,18.0,1.3643574828133262,43.0,0.2294455066921606,2.0,0.2855631940772078,9.0,1.147227533460803,10.0,0.6980433632998414,22.0,0.35564053537284895,3.1,0.1634056054997356,5.15,0.5793499043977056,5.050000000000001,0.5896351136964569,18.583333333333332,0.2294455066921606,2.0,0.03172924378635643,1.0,0.1147227533460803,1.0,0.09518773135906927,3.0,8.716666666666667,31.516666666666666,,,69.0,70.0,70.0,74.0,, USA,Featherweight,0.0,,,,3.0,,-2.0,0.019535021987011028,-133.0,15.6154593611886,-122.0,7.7481235964258595,-374.0,22.492575781628382,-25.0,1.6135806825730816,-45.0,11.60216503049061,-63.0,2.399713648124911,-25.0,0.7006520774161191,-7.0,-0.056117687385047216,-12.0,0.4491841701609617,-13.533333333333331,-0.010285209298751319,1.0,0.19771626290580419,-2.0,0.019535021987011028,,-1.0,-4.0,-0.05338541666666674,0.10521346771622647,-0.2090909090909091,0.2946428571428572,3.4416666666666664,14.470833333333331,-11.029166666666665,0,1,-1,1583.5537428798114,1533.9262278082726,0.5550344284123802,0.44496557158761985,49.62751507153871,1,3282.924176865211,1779.4688884615218,0.06000128273502189,0.059999527257284316,0.9762201795410884,0.023779820458911582,1503.455288403689,1,1,0,0,,,,0.0,1.0,1.0,0.0,0.75,0.5,4.0,8.0,3.0,4.0,1.0,4.0,-4.0,-1.0,1.0,-1.0,-3.0,0.25,1,2,0,2,2,0,-1,0,0,0,1,0,2,1,1,-2,0,-1,1696.0889697026294,1500.0,1984.2877217184575,3511.4755352375705,0.6666666666666666,1.0,0.0,0.6666666666666666,0.5,0.0,0.0,0.5,0.0,0,0.6666666666666666,3.642857142857143,1.6677386206548226,0.89843798704591,1.3540372670807452,2.276374442793462,-2.9761904761904763,0.7693006336089125,-0.9223371757127168,0.0,0.0,4.0,1.0,-4.0,-1.0,0.0,0.0,,hyder amil,jamall emmers,Hyder Amil,Jamall Emmers,,,,,,,,,,,,,,,,,,,,,,,,,,,,,,,,,,,,,,,,,,,,,,,,,,,,,,,,,,,,,,,,,1,4,8,1,-7,3
0.6535433070866141,127.0,44.0,0.6956521739130435,46.0,14.0,0.5869281045751634,1530.0,632.0,0.5137614678899083,1744.0,848.0,0.3897058823529412,0.3333333333333333,0.43724696356275305,0.5258064516129032,0.08250825082508251,5.0,0.08736167734420501,5.0,8.91089108910891,540.0,14.239953407105416,815.0,11.732673267326732,711.0,12.842166569598136,735.0,20.379537953795378,1235.0,27.082119976703552,1550.0,1.386138613861386,84.0,1.852067559697146,106.0,6.03960396039604,366.0,10.693069306930694,612.0,1.4851485148514851,90.0,1.6948165404775772,97.0,0.8250825082508251,50.0,0.9609784507862551,55.0,0.8745874587458745,53.0,0.45428072218986604,26.0,2.2442244224422443,136.0,1.3628421665695982,78.0,0.1415841584158416,8.580000000000002,0.17891671520093186,10.24,0.9738723872387238,59.016666666666666,0.7134536983110075,40.83333333333333,0.066006600660066,4.0,0.12230634828188701,7.0,0.0165016501650165,1.0,0.0,0.0,60.6,57.233333333333334,,,66.0,67.0,69.0,67.0,, USA,Bantamweight,0.0,,,,3.0,,0.0,-0.004853426519122503,-275.0,-5.329062317996506,-24.0,-1.1094933022714049,-315.0,-6.7025820229081745,-22.0,-0.46592894583576006,-246.0,-4.653465346534654,-7.0,-0.2096680256260921,-5.0,-0.13589594253543003,27.0,0.4203067365560085,58.0,0.8813822558726461,18.183333333333337,0.26041868892771636,-3.0,-0.05629974762182101,1.0,0.0165016501650165,,-1.0,2.0,0.07316663668525514,-0.08855948805015013,0.056372549019607865,-0.042108866826429336,28.653333333333332,25.382051282051286,3.2712820512820464,4,3,1,1651.6841235600216,1670.0148741937194,0.5114802529117543,0.48851974708824575,-18.33075063369779,0,2679.617915729011,2944.6092450937886,0.060002851678412926,0.05999937085636417,0.309601811595023,0.690398188404977,-264.99132936477736,0,1,0,0,,,,2.0,0.0,3.0,0.0,0.6666666666666666,0.6923076923076923,15.0,13.0,10.0,9.0,5.0,4.0,2.0,-1.0,0.0,1.0,1.0,-0.02564102564102566,5,2,3,5,2,2,0,0,1,3,2,0,3,1,0,0,1,0,1680.4897279361028,1628.8572425424852,3286.0835905241215,2978.828226744945,0.5,0.625,1.0,0.6666666666666666,0.625,1.0,-0.16666666666666663,0.0,0.0,0,2.2578947368421054,3.1463414634146343,1.3785375206414414,1.2254407205588622,0.8695652173913043,3.574712643678161,-0.8884467265725289,0.1530968000825792,-2.7051474262868567,0.0,0.0,1.0,1.0,-1.0,-1.0,0.0,0.0,,ricky simon,raoni barcelos,Ricky Simon,Raoni Barcelos,,,,,,,,,,,,,,,,,,,,,,,,,,,,,,,,,,,,,,,,,,,,,,,,,,,,,,,,,,,,,,,,,10,6,8,6,2,0
0.71875,32.0,9.0,0.8461538461538461,13.0,2.0,0.4700176366843033,1134.0,601.0,0.6510263929618768,682.0,238.0,0.29411764705882354,0.0,0.5869311551925321,0.46174496644295304,0.0,0.0,0.0,0.0,10.926864590876175,503.0,17.2,344.0,13.881245474293989,639.0,9.95,199.0,18.616944243301955,857.0,37.25,745.0,2.0637219406227367,95.0,5.8,116.0,5.365677045619116,247.0,8.7,174.0,3.4974656046343227,161.0,2.7,54.0,3.0412744388124544,140.0,0.8,16.0,0.10861694424330194,5.0,0.0,0.0,0.3692976104272266,17.0,0.1,2.0,0.12947139753801593,5.96,0.147,2.94,0.3993482983345401,18.383333333333333,0.06416666666666666,1.2833333333333332,0.26068066618392466,12.0,0.0,0.0,0.0,0.0,0.05,1.0,46.03333333333334,20.0,,,66.0,68.0,66.0,70.0,, USA,Women's Bantamweight,0.0,,,,3.0,,0.0,0.0,159.0,-6.2731354091238245,440.0,3.9312454742939895,112.0,-18.633055756698045,-21.0,-3.736278059377263,73.0,-3.334322954380883,107.0,0.7974656046343225,124.0,2.2412744388124546,5.0,0.10861694424330194,15.0,0.26929761042722655,17.1,0.33518163166787346,12.0,0.26068066618392466,-1.0,-0.05,,-2.0,-4.0,-0.1810087562775735,0.1251861887495791,0.29411764705882354,-0.12740384615384615,22.559722222222224,7.5,15.059722222222224,3,0,3,1524.119939491958,1658.1434415193448,0.24884888581673834,0.7511511141832616,-134.02350202738694,0,864.3378118305195,3520.213889640672,0.060006035196765034,0.06000011242295851,0.007934004943371056,0.992065995056629,-2655.8760778101523,0,1,0,0,,,,0.0,3.0,4.0,0.0,0.4166666666666667,1.0,12.0,4.0,5.0,4.0,7.0,0.0,8.0,-4.0,3.0,1.0,7.0,-0.5833333333333333,1,0,4,4,0,0,-3,0,4,4,1,0,0,0,0,4,1,0,1588.6863179846857,1613.1300371852617,2716.588315419779,3272.9545303845653,0.0,0.16666666666666666,1.0,0.0,1.0,0.0,0.0,-0.8333333333333334,1.0,1,0.1414141414141414,0.0,0.20384978490033417,0.1009567512487154,0.683375314861461,0.941717791411043,0.1414141414141414,0.10289303365161877,-0.258342476549582,0.0,0.0,7.0,4.0,-7.0,-4.0,0.0,0.0,,mayra bueno silva,jacqueline cavalcanti,Mayra Bueno Silva,Jacqueline Cavalcanti,,,,,,,,,,,,,,,,,,,,,,,,,,,,,,,,,,,,,,,,,,,,,,,,,,,,,,,,,,,,,,,,,10,3,4,1,6,2
,,,,,,,,,,,,,,,,,,,,,,,,,,,,,,,,,,,,,,,,,,,,,,,,,,,,,,,,,,,,,,,,,,,,,,,,0.0,0.0,,,73.0,74.0,73.0,75.0,, USA,Heavyweight,0.0,,,,3.0,,,,,,,,,,,,,,,,,,,,,,,,,,,,,-1.0,-2.0,,,,,,,,,,,1500.0,1500.0,0.5,0.5,0.0,1,1500.0,1500.0,0.06,0.06,0.5,0.5,0.0,1,1,0,0,,,,0.0,0.0,0.0,0.0,0.0,0.0,0.0,0.0,0.0,0.0,0.0,0.0,0.0,0.0,0.0,0.0,0.0,0.0,0,0,0,0,0,0,0,0,0,0,0,0,0,0,0,0,0,0,0.0,0.0,0.0,0.0,0.0,0.0,0.0,0.0,0.0,0.0,0.0,0.0,0.0,0,,,,,,,,,,0.0,0.0,4.0,3.0,-4.0,-3.0,0.0,0.0,,josh hokit,max gimenis,Josh Hokit,Max Gimenis,,,,,,,,,,,,,,,,,,,,,,,,,,,,,,,,,,,,,,,,,,,,,,,,,,,,,,,,,,,,,,,,,0,1,1,0,-1,1
0.7209302325581395,86.0,24.0,0.7674418604651163,43.0,10.0,0.5559440559440559,2574.0,1143.0,0.4606413994169096,343.0,185.0,0.13846153846153847,0.3684210526315789,0.48075380914194066,0.5469314079422383,0.011643702697457792,1.0,0.1274787535410765,3.0,13.960799534251894,1199.0,12.875354107648727,303.0,10.153308752183195,872.0,9.093484419263456,214.0,29.039394527459734,2494.0,23.541076487252127,554.0,3.190374539103435,274.0,2.294617563739377,54.0,7.801280807296721,670.0,6.543909348441927,154.0,2.9691441878517373,255.0,4.036827195467422,95.0,1.7232679992237534,148.0,3.7818696883852696,89.0,0.10479332427712014,9.0,0.2974504249291785,7.0,0.7568406753347565,65.0,0.8073654390934845,19.0,0.1403066175043664,12.05,0.19376770538243626,4.56,0.48146710653987973,41.35,0.9759206798866857,22.96666666666667,0.011643702697457792,1.0,0.21246458923512748,5.0,0.0,0.0,0.21246458923512748,5.0,85.88333333333333,23.53333333333333,,,61.0,62.0,60.0,63.0,, USA,Women's Strawweight,0.0,,,,3.0,,-2.0,-0.1158350508436187,896.0,1.085445426603167,658.0,1.0598243329197388,1940.0,5.498318040207607,220.0,0.895756975364058,516.0,1.2573714588547942,160.0,-1.0676830076156851,59.0,-2.058601689161516,2.0,-0.19265710065205838,46.0,-0.05052476375872794,18.383333333333333,-0.494453573346806,-4.0,-0.2008208865376697,-5.0,-0.21246458923512748,,-1.0,-3.0,0.09530265652714631,-0.06617759880029761,-0.22995951417004046,-0.04651162790697683,39.75555555555555,10.69047619047619,29.065079365079363,1,0,1,1644.426838831407,1647.5917216551175,0.48798265551486136,0.5120173444851386,-3.1648828237105135,0,2485.2633004457844,2225.0523563886763,0.06000203976968923,0.06000019228974711,0.6978783641406887,0.3021216358593113,260.210944057108,1,0,1,0,,,,2.0,0.0,3.0,0.0,0.6111111111111112,0.7142857142857143,18.0,7.0,11.0,5.0,7.0,2.0,11.0,-1.0,0.0,6.0,5.0,-0.10317460317460314,9,1,1,2,3,0,7,-2,1,7,0,0,2,0,0,5,0,0,1754.0261417937818,1568.4567626871485,3563.824852402375,2709.3193677190584,1.0,0.5625,1.0,1.0,0.5,0.0,0.0,0.0625,1.0,1,0.75,0.6,1.0076440926737324,1.3728420628397286,1.694876726700472,0.20484970952260673,0.15000000000000002,-0.3651979701659962,1.4900270171778653,0.0,0.0,0.0,0.0,0.0,0.0,0.0,0.0,,tecia pennington,denise gomes,Tecia Pennington,Denise Gomes,,,,,,,,,,,,,,,,,,,,,,,,,,,,,,,,,,,,,,,,,,,,,,,,,,,,,,,,,,,,,,,,,5,14,4,4,1,10
0.736842105263158,38.0,10.0,0.85,20.0,3.0,0.6215034965034965,1144.0,433.0,0.5619412515964239,783.0,343.0,0.22916666666666666,0.46153846153846156,0.4296028880866426,0.5518731988472623,0.04713275726630008,2.0,0.0776196636481242,2.0,11.217596229379417,476.0,14.864165588615784,383.0,10.086410054988216,428.0,11.914618369987064,307.0,26.11154752553024,1108.0,26.934023285899094,694.0,1.201885310290652,51.0,2.794307891332471,72.0,8.625294579732914,366.0,9.23673997412678,238.0,1.3904163393558522,59.0,2.833117723156533,73.0,0.5420267085624508,23.0,1.7464424320827945,45.0,0.2592301649646504,11.0,0.2328589909443726,6.0,1.1311861743912017,48.0,0.5045278137128073,13.0,0.21374705420267084,9.07,0.1979301423027167,5.1,0.5675569520816967,24.08333333333333,0.4592496765847348,11.833333333333334,0.0,0.0,0.0,0.0,0.07069913589945011,3.0,0.0,0.0,42.43333333333334,25.766666666666666,,,67.0,67.0,68.0,69.0,, USA,Bantamweight,0.0,,,,3.0,,0.0,-0.030486906381824122,93.0,-3.6465693592363664,121.0,-1.8282083149988484,414.0,-0.8224757603688531,-21.0,-1.5924225810418189,128.0,-0.6114453943938649,-14.0,-1.4427013838006808,-22.0,-1.2044157235203437,5.0,0.026371174020277804,35.0,0.6266583606783944,12.249999999999995,0.10830727549696184,0.0,0.0,3.0,0.07069913589945011,,0.0,-1.0,0.059562244907072515,-0.12227031076061967,-0.2323717948717949,-0.11315789473684201,16.51060606060606,9.483333333333333,7.027272727272729,3,0,3,1528.6463835889904,1661.4479501808614,0.28004262566760085,0.7199573743323991,-132.80156659187105,0,1976.898349440528,3417.7247775261585,0.060003461965578174,0.06000240472394925,0.04677105007346216,0.9532289499265378,-1440.8264280856306,0,1,0,1,,,,0.0,2.0,0.0,1.0,0.5454545454545454,0.6666666666666666,11.0,6.0,6.0,4.0,5.0,2.0,5.0,0.0,1.0,2.0,3.0,-0.12121212121212122,4,2,0,3,1,0,1,1,0,2,1,1,1,0,0,1,1,1,1621.7216950601605,1635.581313127317,2835.944383648854,3216.0774778989407,0.6666666666666666,0.6666666666666666,0.0,1.0,0.75,0.0,-0.33333333333333337,-0.08333333333333337,0.0,0,0.8285714285714286,0.12,0.9830748570135751,0.4717279362999135,1.1723194748358863,0.4905094905094905,0.7085714285714286,0.5113469207136616,0.6818099843263958,0.0,0.0,10.0,5.0,-10.0,-5.0,0.0,0.0,,miles johns,daniel marcos,Miles Johns,Daniel Marcos,,,,,,,,,,,,,,,,,,,,,,,,,,,,,,,,,,,,,,,,,,,,,,,,,,,,,,,,,,,,,,,,,6,6,5,2,1,4
,,,0.0,1.0,1.0,,,,0.2222222222222222,9.0,7.0,,0.0,,0.26666666666666666,,,0.0,0.0,,,1.1162790697674418,4.0,,,1.9534883720930232,7.0,,,4.186046511627906,15.0,,,0.0,0.0,,,0.8372093023255813,3.0,,,0.27906976744186046,1.0,,,0.0,0.0,,,0.0,0.0,,,0.27906976744186046,1.0,,,0.0,0.0,,,0.037209302325581395,0.13333333333333333,,,0.0,0.0,,,0.0,0.0,0.0,3.5833333333333335,,,76.0,76.0,77.0,77.0,, USA,Catch Weight,0.0,,,,3.0,,,,,,,,,,,,,,,,,,,,,,,,,,,,,0.0,0.0,,,,,,0.0,,,0,,1500.0,1467.2387551237819,0.5322633497840624,0.4677366502159376,32.76124487621814,1,1500.0,1398.661856928784,0.06,0.05999996902738033,0.5320732293855752,0.4679267706144248,101.33814307121611,1,1,0,0,,,,0.0,0.0,0.0,1.0,0.0,0.0,0.0,1.0,0.0,0.0,0.0,1.0,-1.0,0.0,-1.0,0.0,-1.0,0.0,0,0,0,0,0,0,0,0,0,0,0,0,0,0,1,0,0,-1,0.0,0.0,0.0,0.0,0.0,0.0,0.0,0.0,0.0,0.0,0.0,0.0,0.0,0,,0.0,,0.0,,0.0,,,,0.0,0.0,3.0,4.0,-3.0,-4.0,0.0,0.0,,zach reese,jackson mcvey,Zach Reese,Jackson McVey,,,,,,,,,,,,,,,,,,,,,,,,,,,,,,,,,,,,,,,,,,,,,,,,,,,,,,,,,,,,,,,,,0,1,2,0,-2,1
