date,target_pct_opening_ev,candidate_count,qualifying_unique_combinations,opening_ev_pct,held_ev_pct,zero_target_no_bet,minimum_stake_scaler,maximum_stake_scaler,scenario_realized_return_min_pct,scenario_realized_return_max_pct
2024-05-11,50,10000,6919,5.705265828780047,2.8526329143900235,False,0.5,0.9955670560055856,0.6588998823018651,19.400224855723085
2024-05-11,60,10000,6857,5.705265828780047,3.423159497268028,False,0.6,0.9997274021166747,0.7906798587622382,4.1210157992951935
2024-05-11,70,10000,6245,5.705265828780047,3.9936860801460328,False,0.7,0.9999605745336204,1.1245838924712073,4.807851765844393
2024-05-11,80,10000,4556,5.705265828780047,4.564212663024038,False,0.8,0.9999940948736474,2.633286209257545,5.494687732393593
2024-05-11,90,10000,2463,5.705265828780047,5.1347392459020424,False,0.9,0.9999845095547232,4.194473453389069,6.18152369894279
2024-05-11,100,10000,19,5.705265828780047,5.705265828780047,False,1.0,1.0,5.699643602189132,5.699643602189132
2024-05-18,50,10000,10000,13.626687598196103,6.813343799098051,False,0.441731979438199,0.6522073409031178,-13.037095862350837,0.5122197696968853
2024-05-18,60,10000,10000,13.626687598196103,8.17601255891766,False,0.5300783753258388,0.7826488090837413,-15.644515034821005,0.6146637236362624
2024-05-18,70,10000,10000,13.626687598196103,9.538681318737272,False,0.6184247712134786,0.9130902772643649,-18.251934207291175,0.7171076775756393
2024-05-18,80,10000,9988,13.626687598196103,10.90135007855688,False,0.7067711671011183,0.9990759185980755,-20.859353379761338,0.8195516315150164
2024-05-18,90,10000,7471,13.626687598196103,12.264018838376492,False,0.7951175629887581,0.9999694957129504,-23.232989446709894,0.9219955854543935
2024-05-18,100,10000,1142,13.626687598196103,13.626687598196103,False,0.883463958876398,1.0,-21.922517104719937,1.0244395393937706
2024-06-01,50,10000,10000,10.7761528215541,5.38807641077705,False,0.4776775156143249,0.7358980829242514,18.078036680546038,22.64450403949014
2024-06-01,60,10000,10000,10.7761528215541,6.4656916929324595,False,0.5732130187371899,0.8830776995091016,21.69364401665525,27.17340484738817
2024-06-01,70,10000,9921,10.7761528215541,7.543306975087869,False,0.6687485218600548,0.9999849693086543,25.309251352764456,31.562914878018873
2024-06-01,80,10000,6114,10.7761528215541,8.62092225724328,False,0.7642840249829198,0.9999920210203973,28.924858688873663,34.921814014039846
2024-06-01,90,10000,3033,10.7761528215541,9.69853753939869,False,0.8598195281057848,0.9999935387614131,32.54046602498287,36.969692210068345
2024-06-01,100,10000,93,10.7761528215541,10.7761528215541,False,0.9553550312286498,1.0,36.156073361092076,38.85661769653516
2024-06-08,50,10000,10000,11.071862001659133,5.535931000829566,False,0.4966403943416117,0.6105513850043132,10.039673916768972,13.898641029531177
2024-06-08,60,10000,10000,11.071862001659133,6.64311720099548,False,0.5959684732099341,0.7326616620051758,12.047608700122767,16.678369235437415
2024-06-08,70,10000,10000,11.071862001659133,7.750303401161393,False,0.6952965520782565,0.8547719390060384,14.055543483476562,19.45809744134365
2024-06-08,80,10000,10000,11.071862001659133,8.857489601327305,False,0.7946246309465786,0.9768822160069008,16.06347826683035,22.23782564724988
2024-06-08,90,10000,6470,11.071862001659133,9.96467580149322,False,0.8939527098149012,0.9999785952862796,18.07141305018415,24.35655299044409
2024-06-08,100,10000,217,11.071862001659133,11.071862001659133,False,0.9932807886832234,1.0,20.28476737885146,21.714513274557408
2024-06-15,50,10000,2571,9.191937076907623,4.595968538453811,False,0.5000000000000001,0.999930276218881,21.712771422068954,30.18693502994903
2024-06-15,60,10000,962,9.191937076907623,5.515162246144573,False,0.6,0.8571890158682929,27.49070380027688,36.22432203593883
2024-06-15,70,10000,961,9.191937076907623,6.434355953835335,False,0.7000000000000001,0.9907291283794188,32.07248776698969,42.26170904192863
2024-06-15,80,10000,925,9.191937076907623,7.353549661526097,False,0.7999999999999999,0.999592527281936,36.6542717337025,46.48070610564867
2024-06-15,90,10000,815,9.191937076907623,8.27274336921686,False,0.9,0.9996611148660132,41.23605570041532,49.336803500119615
2024-06-15,100,10000,16,9.191937076907623,9.191937076907623,False,1.0000000000000002,1.0000000000000002,52.14424160975517,52.14424160975517
2024-06-22,50,10000,5627,1.9315971099076057,0.9657985549538028,False,0.5,0.999827495309613,1.7570777656925682,6.47100802456513
2024-06-22,60,10000,4575,1.9315971099076057,1.1589582659445634,False,0.6,0.9999032821698373,2.5719913238433723,7.4257993114703424
2024-06-22,70,10000,3539,1.9315971099076057,1.352117976935324,False,0.7,0.9999044109461027,3.483744346244018,8.31790041180835
2024-06-22,80,10000,2490,1.9315971099076057,1.5452776879260846,False,0.8,0.9999948967455026,8.400075248053698,9.097293432524681
2024-06-22,90,10000,1364,1.9315971099076057,1.7384373989168451,False,0.8999999999999999,0.9999647530899457,9.559121528888916,10.172597897308354
2024-06-22,100,10000,34,1.9315971099076057,1.9315971099076057,False,1.0,1.0,10.91072072425864,10.91072072425864
2024-06-29,50,10000,10000,10.275852726663912,5.137926363331956,False,0.49611219564063364,0.9113023149116444,14.82823030749871,22.08741310998503
2024-06-29,60,10000,8777,10.275852726663912,6.165511635998347,False,0.5953346347687604,0.9999949852770226,17.793876368998454,26.504895731982035
2024-06-29,70,10000,6797,10.275852726663912,7.193096908664738,False,0.694557073896887,0.9997811623178366,20.759522430498194,29.070845086474122
2024-06-29,80,10000,5600,10.275852726663912,8.22068218133113,False,0.7937795130250138,0.9994583950270803,23.72516849199794,31.17584570139386
2024-06-29,90,10000,4751,10.275852726663912,9.24826745399752,False,0.8930019521531405,0.9999035684895545,26.753450280682017,33.458577124830036
2024-06-29,100,10000,390,10.275852726663912,10.275852726663912,False,0.9922243912812673,1.0,34.9242418640935,37.14164639445047
2024-07-13,50,10000,10000,5.625121343186828,2.812560671593414,False,0.4940794786409613,0.791213214464471,-0.9527289738256857,21.257139841442235
2024-07-13,60,10000,10000,5.625121343186828,3.3750728059120974,False,0.5928953743691536,0.9494558573573652,-1.1432747685908229,25.508567809730685
2024-07-13,70,10000,8463,5.625121343186828,3.93758494023078,False,0.6917112700973459,0.9999684645954344,-1.33382056335596,28.22582026543312
2024-07-13,80,10000,5606,5.625121343186828,4.500097074549463,False,0.7905271658255381,0.9999623267707449,-1.488607314414026,29.298174157878144
2024-07-13,90,10000,3243,5.625121343186828,5.062609208868146,False,0.8893430615537304,0.9998996693397765,0.1619089359746699,31.58869275378558
2024-07-13,100,10000,93,5.625121343186828,5.625121343186828,False,0.9881589572819226,1.0,2.628663398951097,5.675216197069041
2024-07-20,50,10000,10000,10.571194705012399,5.285597352506199,False,0.4734678211015527,0.6636478919623077,2.512013077529126,9.125777952446946
2024-07-20,60,10000,10000,10.571194705012399,6.342716823007439,False,0.5681613853218633,0.7963774703547692,3.0144156930349513,10.950933542936335
2024-07-20,70,10000,10000,10.571194705012399,7.399836293508679,False,0.6628549495421738,0.9291070487472308,3.5168183085407763,12.776089133425724
2024-07-20,80,10000,8953,10.571194705012399,8.456955764009919,False,0.7575485137624843,0.9999735380460896,5.187257941335047,14.601244723915114
2024-07-20,90,10000,6057,10.571194705012399,9.514075234511159,False,0.8522420779827948,0.9999773688241529,9.048533690232349,16.426400314404503
2024-07-20,100,10000,1237,10.571194705012399,10.571194705012399,False,0.9469356422031054,1.0,13.270843423349826,18.25155590489389
2024-07-27,50,10000,9476,10.536022782390198,5.268011391195099,False,0.4950304510045165,0.9999949726478303,-1.8879528656528537,11.776580859528117
2024-07-27,60,10000,8093,10.536022782390198,6.321613669434118,False,0.5940365412054197,0.9998539461065932,0.29525461189199875,14.131897031433734
2024-07-27,70,10000,7243,10.536022782390198,7.375215947673138,False,0.6930426314063229,0.9999205064736768,2.135618099503574,16.48721320333936
2024-07-27,80,10000,5619,10.536022782390198,8.428818225912158,False,0.7920487216072263,0.9999036258522838,4.826275176945482,18.842529375244983
2024-07-27,90,10000,2085,10.536022782390198,9.482420504151177,False,0.8910548118081296,0.9999904791644972,7.754557927981547,21.197845547150607
2024-07-27,100,10000,74,10.536022782390198,10.536022782390198,False,0.990060902009033,1.0,17.34575360301416,23.519942887152858
2024-08-03,50,10000,10000,13.211115852895784,6.605557926447892,False,0.46221574906903035,0.7470061594448548,-15.70460439110144,-2.125274205264393
2024-08-03,60,10000,10000,13.211115852895784,7.92666951173747,False,0.5546588988828364,0.8964073913338256,-18.845525269321726,-2.550329046317272
2024-08-03,70,10000,9977,13.211115852895784,9.247781097027048,False,0.6471020486966425,0.9990376196859904,-21.98644614754201,-2.9753838873701506
2024-08-03,80,10000,6873,13.211115852895784,10.568892682316626,False,0.7395451985104485,0.9999853651651954,-21.27008847039028,-3.4004387284230297
2024-08-03,90,10000,3366,13.211115852895784,11.890004267606205,False,0.8319883483242547,0.9999284240955748,-18.4116103314646,-3.825493569475908
2024-08-03,100,10000,151,13.211115852895784,13.211115852895784,False,0.9244314981380607,1.0,-15.635270401598866,-4.250548410528786
2024-08-10,50,10000,5695,4.381667461340961,2.1908337306704806,False,0.48798796715148324,0.9998930332194639,10.458545872095497,19.92568425532215
2024-08-10,60,10000,4575,4.381667461340961,2.6290004768045763,False,0.5855855605817797,0.9997429069471022,12.550255046514595,21.83950359520995
2024-08-10,70,10000,3468,4.381667461340961,3.0671672229386724,False,0.6831831540120764,0.999760949836614,14.641964220933692,23.56751472808205
2024-08-10,80,10000,2451,4.381667461340961,3.5053339690727685,False,0.7807807474423731,0.9999558457884796,16.814637340065943,25.27788577351986
2024-08-10,90,10000,1362,4.381667461340961,3.9435007152068646,False,0.8783783408726696,0.9999924088057615,19.023295187447214,27.173122613592632
2024-08-10,100,10000,26,4.381667461340961,4.381667461340961,False,0.9759759343029665,1.0000000000000002,22.979683221231536,28.718500320196465
2024-08-17,50,10000,10000,16.850838688982776,8.425419344491388,False,0.4997328141431845,0.791423121692294,3.40736359767961,11.975201419547068
2024-08-17,60,10000,10000,16.850838688982776,10.110503213389666,False,0.5996793769718215,0.949707746030753,4.088836317215533,14.370241703456482
2024-08-17,70,10000,8725,16.850838688982776,11.795587082287945,False,0.6996259398004584,0.9998916170256016,4.770309036751455,16.765281987365896
2024-08-17,80,10000,6782,16.850838688982776,13.480670951186223,False,0.7995725026290954,0.9999724888469165,7.167995870162872,19.160322271275312
2024-08-17,90,10000,3907,16.850838688982776,15.1657548200845,False,0.8995190654577321,0.9999932492829122,11.231442990191228,21.555362555184722
2024-08-17,100,10000,168,16.850838688982776,16.850838688982776,False,0.999465628286369,0.9999999999999999,16.584304053069697,17.038799081937338
2024-08-24,50,10000,5766,6.789274305739958,3.394637152869979,False,0.49904160625255317,0.9999125653783214,-8.199802025821887,11.30338854571648
2024-08-24,60,10000,4825,6.789274305739958,4.073564583443974,False,0.5988499275030638,0.9999185149817715,-5.522440802544387,13.236324019585394
2024-08-24,70,10000,3796,6.789274305739958,4.75249201401797,False,0.6986582487535744,0.999950390545559,-2.210452613416356,12.28776345917299
2024-08-24,80,10000,2750,6.789274305739958,5.431419444591966,False,0.798466570004085,0.9997965172966945,0.6905022931346569,11.09359443724967
2024-08-24,90,10000,1642,6.789274305739958,6.110346875165962,False,0.8982748912545957,0.9999476264025455,4.330138448746086,11.999506550980307
2024-08-24,100,10000,16,6.789274305739958,6.789274305739958,False,0.9980832125051063,1.0,12.461457662447303,13.332785056644786
2024-09-07,50,10000,10000,6.8628309932630485,3.4314154966315242,False,0.3851412588988266,0.748626843736631,2.330366136028964,11.72578372605603
2024-09-07,60,10000,10000,6.8628309932630485,4.117698595957829,False,0.46216951067859185,0.898352212483957,2.796439363234756,14.070940471267235
2024-09-07,70,10000,9992,6.8628309932630485,4.803981695284134,False,0.5391977624583573,0.983636686046575,3.2625125904405494,16.41609721647844
2024-09-07,80,10000,9921,6.8628309932630485,5.490264794610439,False,0.6162260142381225,0.9998106171413453,4.131195779861841,18.76125396168965
2024-09-07,90,10000,9405,6.8628309932630485,6.1765478939367435,False,0.6932542660178879,0.9999549086579327,5.279336073661597,21.106410706900856
2024-09-07,100,10000,4802,6.8628309932630485,6.8628309932630485,False,0.7702825177976532,1.0,6.195692554542568,22.298161704688887
2024-09-14,50,10000,9822,8.716906137673444,4.358453068836722,False,0.4649802373136083,0.999559603713817,23.023656333455204,38.27741206525566
2024-09-14,60,10000,8059,8.716906137673444,5.230143682604067,False,0.55797628477633,0.9999479003652051,27.628387600146244,41.879342692902725
2024-09-14,70,10000,6104,8.716906137673444,6.101834296371411,False,0.6509723322390517,0.999919203480789,32.23311886683729,44.239525209907136
2024-09-14,80,10000,4427,8.716906137673444,6.973524910138755,False,0.7439683797017733,0.9999618065259946,36.83785013352832,47.049134771470726
2024-09-14,90,10000,2582,8.716906137673444,7.845215523906099,False,0.8369644271644949,0.9999859106535111,41.44258140021936,49.63348154970085
2024-09-14,100,10000,324,8.716906137673444,8.716906137673444,False,0.9299604746272166,1.0,46.04731266691041,52.223639213437636
2024-09-28,50,10000,10000,3.5247046170542187,1.7623523085271093,False,0.49157132033401696,0.5914163183636627,7.453090667317613,11.839932697189012
2024-09-28,60,10000,10000,3.5247046170542187,2.1148227702325313,False,0.5898855844008204,0.7096995820363953,8.943708800781138,14.207919236626815
2024-09-28,70,10000,10000,3.5247046170542187,2.467293231937953,False,0.6881998484676237,0.8279828457091277,10.434326934244659,16.575905776064616
2024-09-28,80,10000,10000,3.5247046170542187,2.819763693643375,False,0.7865141125344272,0.9462661093818603,11.924945067708183,18.94389231550242
2024-09-28,90,10000,9544,3.5247046170542187,3.172234155348797,False,0.8848283766012306,0.9999820298229309,13.415563201171707,21.311878854940222
2024-09-28,100,10000,1034,3.5247046170542187,3.5247046170542187,False,0.9831426406680339,1.0,20.49748570113606,23.401044490630657
2024-10-05,50,10000,10000,15.939276820759895,7.969638410379948,False,0.43474993806453116,0.5832901319620869,-3.1893733728011053,6.217942682529235
2024-10-05,60,10000,10000,15.939276820759895,9.563566092455938,False,0.5216999256774375,0.6999481583545044,-3.8272480473613273,7.461531219035082
2024-10-05,70,10000,10000,15.939276820759895,11.157493774531927,False,0.6086499132903437,0.8166061847469218,-4.465122721921548,8.70511975554093
2024-10-05,80,10000,10000,15.939276820759895,12.751421456607916,False,0.69559990090325,0.9332642111393391,-5.102997396481769,9.948708292046776
2024-10-05,90,10000,9936,15.939276820759895,14.345349138683906,False,0.782549888516156,0.9999605117611766,-4.798495266331814,11.192296828552621
2024-10-05,100,10000,5743,15.939276820759895,15.939276820759895,False,0.8694998761290623,1.0,-1.6298394236074334,12.43588536505847
2024-10-12,50,10000,10000,14.365906884998536,7.182953442499268,False,0.4990822184077879,0.7309795527423076,-16.064021955399472,-7.066676562624165
2024-10-12,60,10000,10000,14.365906884998536,8.619544130999122,False,0.5988986620893455,0.8771754632907692,-19.276826346479364,-8.480011875149
2024-10-12,70,10000,9422,14.365906884998536,10.056134819498975,False,0.698715105770903,0.9999893755554273,-22.48963073755926,-9.893347187673832
2024-10-12,80,10000,6834,14.365906884998536,11.492725507998829,False,0.7985315494524605,0.9999633344218564,-21.20807467200327,-11.306682500198663
2024-10-12,90,10000,3746,14.365906884998536,12.929316196498682,False,0.8983479931340183,0.9999825489582262,-19.17350087815735,-12.720017812723498
2024-10-12,100,10000,62,14.365906884998536,14.365906884998536,False,0.9981644368155758,1.0,-16.76953987148765,-15.594884996967085
2024-10-19,50,10000,10000,9.876661039357653,4.938330519678827,False,0.49121525098513874,0.9463119657683478,2.3250427428477805,24.665878972349816
2024-10-19,60,10000,8446,9.876661039357653,5.9259966236145925,False,0.5894583011821665,0.9999797633776436,2.790051291417337,27.581251212713077
2024-10-19,70,10000,6712,9.876661039357653,6.913662727550357,False,0.6877013513791942,0.9996443757018844,3.255059839986892,31.674423309903382
2024-10-19,80,10000,5112,9.876661039357653,7.901328831486123,False,0.785944401576222,0.999972078969185,4.15618216484539,30.588665351990603
2024-10-19,90,10000,3247,9.876661039357653,8.888994935421888,False,0.8841874517732496,0.9999983925211766,6.217212455688101,16.09942156085682
2024-10-19,100,10000,243,9.876661039357653,9.876661039357653,False,0.9824305019702775,1.0,9.641855474527755,13.937212391601694
2024-10-26,50,10000,9724,17.751268498717696,8.875634249358848,False,0.49987797294480274,0.9998151389464075,23.976546702126132,40.94219905932136
2024-10-26,60,10000,8036,17.751268498717696,10.650761099230618,False,0.5998535675337633,0.9997910967947075,28.77185604255136,46.184673432532826
2024-10-26,70,10000,6327,17.751268498717696,12.425887949102387,False,0.6998291621227238,0.9999307379045792,33.56716538297659,51.18428028757398
2024-10-26,80,10000,4494,17.751268498717696,14.201014798974157,False,0.7998047567116844,0.9999816718655733,38.36247472340181,54.781903900370445
2024-10-26,90,10000,2524,17.751268498717696,15.976141648845926,False,0.8997803513006449,0.9999714754384911,43.21972897293234,60.67764000546231
2024-10-26,100,10000,12,17.751268498717696,17.751268498717696,False,0.9997559458896055,1.0,50.78536467221162,50.86170343366376
2024-11-02,50,10000,8806,8.413238258603887,4.206619129301943,False,0.49646999979468215,0.9997156717460998,23.638948639314574,40.28437695099921
2024-11-02,60,10000,7648,8.413238258603887,5.047942955162331,False,0.5957639997536186,0.9999984426880454,28.366738367177486,43.09041268454025
2024-11-02,70,10000,6290,8.413238258603887,5.88926678102272,False,0.695057999712555,0.999748129978855,33.094528095040395,46.572084506257546
2024-11-02,80,10000,4639,8.413238258603887,6.7305906068831085,False,0.7943519996714914,0.999960365583768,37.822317822903315,51.320793301188964
2024-11-02,90,10000,2592,8.413238258603887,7.5719144327434975,False,0.8936459996304278,0.9999406493874076,44.67832045891297,54.25338979671047
2024-11-02,100,10000,88,8.413238258603887,8.413238258603887,False,0.9929399995893643,1.0,56.19265630627104,57.43366503997821
2024-11-09,50,10000,10000,6.3495122275562625,3.1747561137781313,False,0.5,0.8545379450011418,-1.906117961557845,1.0853565352916188
2024-11-09,60,10000,9411,6.3495122275562625,3.8097073365337577,False,0.6,0.9999499799865521,-2.1948183016043825,1.3024278423499425
2024-11-09,70,10000,6725,6.3495122275562625,4.444658559289384,False,0.7000000000000001,0.9999627483250761,-1.9098441495431655,1.5194991494082664
2024-11-09,80,10000,4408,6.3495122275562625,5.079609782045011,False,0.8,0.9999761931846998,-0.6252006328816702,1.7365704564665903
2024-11-09,90,10000,2297,6.3495122275562625,5.714561004800637,False,0.9,0.9998204188932981,0.8296421425445889,1.953641763524914
2024-11-09,100,10000,55,6.3495122275562625,6.3495122275562625,False,1.0,1.0,2.121724962388156,2.121724962388156
2024-11-16,50,10000,6990,9.019808681022159,4.5099043405110795,False,0.4939544489702427,0.9999604971734831,-15.164047610998264,-0.49852187231286904
2024-11-16,60,10000,5773,9.019808681022159,5.4118852086132945,False,0.5927453387642911,0.9999481589480343,-14.580937144262474,-0.5982262467754427
2024-11-16,70,10000,4626,9.019808681022159,6.31386607671551,False,0.6915362285583396,0.9998185324620652,-12.395828837839968,-0.6979306212380165
2024-11-16,80,10000,3340,9.019808681022159,7.215846944817726,False,0.7903271183523882,0.9997963754701241,-11.024571192618254,-0.7976349957005903
2024-11-16,90,10000,1679,9.019808681022159,8.117827812919943,False,0.8891180081464369,0.9999825738113332,-9.835670543309353,-1.0042669458163735
2024-11-16,100,10000,97,9.019808681022159,9.019808681022159,False,0.9879088979404854,1.0000000000000002,-6.429190348033566,-1.1158521620181927
2024-11-23,50,10000,0,0.0,0.0,True,0.0,0.0,0.0,0.0
2024-11-23,60,10000,0,0.0,0.0,True,0.0,0.0,0.0,0.0
2024-11-23,70,10000,0,0.0,0.0,True,0.0,0.0,0.0,0.0
2024-11-23,80,10000,0,0.0,0.0,True,0.0,0.0,0.0,0.0
2024-11-23,90,10000,0,0.0,0.0,True,0.0,0.0,0.0,0.0
2024-11-23,100,10000,0,0.0,0.0,True,0.0,0.0,0.0,0.0
2024-12-07,50,10000,10000,8.864516765507224,4.432258382753612,False,0.405392546645373,0.5822305129757325,-3.357565420272586,5.149712030307988
2024-12-07,60,10000,10000,8.864516765507224,5.318710059304335,False,0.4864710559744476,0.698676615570879,-4.029078504327104,6.179654436369587
2024-12-07,70,10000,10000,8.864516765507224,6.205161735855057,False,0.5675495653035222,0.8151227181660254,-4.700591588381621,7.209596842431185
2024-12-07,80,10000,10000,8.864516765507224,7.0916134124057795,False,0.6486280746325968,0.9315688207611719,-5.372104672436138,8.239539248492783
2024-12-07,90,10000,9963,8.864516765507224,7.978065088956502,False,0.7297065839616713,0.999062186121851,-6.043617756490654,9.269481654554378
2024-12-07,100,10000,5529,8.864516765507224,8.864516765507224,False,0.810785093290746,1.0,-6.715130840545172,10.299424060615976
2024-12-14,50,10000,10000,10.94036407793595,5.470182038967975,False,0.43284298644275027,0.9868951903658116,-26.089109060759746,1.818008008083839
2024-12-14,60,10000,8280,10.94036407793595,6.56421844676157,False,0.5194115837313004,0.9997398423158118,-27.75844883030849,2.181609609700607
2024-12-14,70,10000,6870,10.94036407793595,7.658254854555166,False,0.6059801810198504,0.999809862546051,-26.174478351271485,2.545211211317375
2024-12-14,80,10000,5534,10.94036407793595,8.752291262348761,False,0.6925487783084004,0.9999203077088694,-22.60124021957773,2.9088128129341424
2024-12-14,90,10000,3641,10.94036407793595,9.846327670142355,False,0.7791173755969504,0.9999757808186782,-17.52290648608483,3.2724144145509095
2024-12-14,100,10000,455,10.94036407793595,10.94036407793595,False,0.8656859728855005,1.0,-13.75428656040272,3.636016016167678
2025-01-11,50,10000,3565,1.1242118300633523,0.5621059150316762,False,0.49690529051634247,0.9999980063075009,-0.17791284888787534,2.1459875925045497
2025-01-11,60,10000,2797,1.1242118300633523,0.6745270980380115,False,0.596286348619611,0.9999802875310798,1.108963486123407,2.57518511100546
2025-01-11,70,10000,2161,1.1242118300633523,0.7869482810443467,False,0.6956674067228794,0.9998053010511632,1.5905234569158357,2.9642868874639516
2025-01-11,80,10000,1545,1.1242118300633523,0.899369464050682,False,0.795048464826148,0.9998519452671403,1.9117004911877538,3.3609290173837563
2025-01-11,90,10000,893,1.1242118300633523,1.011790647057017,False,0.8944295229294164,0.9999690705869236,2.335914870592232,3.742488738522017
2025-01-11,100,10000,134,1.1242118300633523,1.1242118300633523,False,0.9938105810326849,1.0,3.5446349668850923,4.121128747424549
2025-01-18,50,10000,10000,7.727210327986464,3.863605163993232,False,0.485233320573613,0.9892140670521442,7.279384093701177,22.087873487831384
2025-01-18,60,10000,7768,7.727210327986464,4.636326196791878,False,0.5822799846883356,0.9999508941395466,8.735260912441413,25.786729589458446
2025-01-18,70,10000,5554,7.727210327986464,5.4090472295905245,False,0.6793266488030582,0.9998835151436576,10.981757348710191,29.501876201777655
2025-01-18,80,10000,3700,7.727210327986464,6.181768262389172,False,0.7763733129177809,0.9998711879677896,14.992947058683164,32.827409183843
2025-01-18,90,10000,2000,7.727210327986464,6.954489295187818,False,0.8734199770325035,0.9999874994407917,17.466363448268275,35.43357745712212
2025-01-18,100,10000,194,7.727210327986464,7.727210327986464,False,0.970466641147226,1.0,23.125382046538736,37.491066635750265
2025-02-01,50,10000,10000,13.87371948062521,6.936859740312605,False,0.4081706787114256,0.9609613976995824,17.034865879323384,30.86908846660515
2025-02-01,60,10000,9951,13.87371948062521,8.324231688375127,False,0.48980481445371077,0.9999079940209585,20.441839055188066,37.04290615992619
2025-02-01,70,10000,9646,13.87371948062521,9.711603636437648,False,0.5714389501959959,0.9999040676358825,25.16853954549316,43.15082315813465
2025-02-01,80,10000,8062,13.87371948062521,11.098975584500169,False,0.6530730859382811,0.9999982094163411,29.918558797436685,49.3152264664396
2025-02-01,90,10000,5675,13.87371948062521,12.48634753256269,False,0.7347072216805661,0.999973933899296,34.65001442745143,52.99070539739793
2025-02-01,100,10000,1187,13.87371948062521,13.87371948062521,False,0.8163413574228512,1.0,43.916719948373846,58.24090730940903
2025-02-08,50,10000,10000,10.178787145235054,5.089393572617527,False,0.5,0.7974877337397657,17.8780188354666,24.014848966751153
2025-02-08,60,10000,10000,10.178787145235054,6.107272287141032,False,0.6,0.9569852804877188,21.453622602559925,28.81781876010138
2025-02-08,70,10000,8207,10.178787145235054,7.125151001664538,False,0.7,0.9999342297589304,25.02922636965324,32.51094587065183
2025-02-08,80,10000,6405,10.178787145235054,8.143029716188042,False,0.7999999999999999,0.9998588998963703,28.60483013674656,34.75899409705106
2025-02-08,90,10000,3877,10.178787145235054,9.160908430711547,False,0.9,0.9999833734367064,32.180433903839884,37.890771654380586
2025-02-08,100,10000,34,10.178787145235054,10.178787145235054,False,1.0,1.0,40.20924557374765,40.20924557374765
2025-02-15,50,10000,9485,13.350269660846317,6.675134830423159,False,0.42672670280408354,0.9998982486212599,-29.390953294958965,0.3167992982585182
2025-02-15,60,10000,8456,13.350269660846317,8.01016179650779,False,0.5120720433649002,0.9999919620419884,-29.475780458024552,0.3801591579102218
2025-02-15,70,10000,7278,13.350269660846317,9.345188762592421,False,0.5974173839257169,0.9999955779506663,-27.36939058287709,0.44351901756192547
2025-02-15,80,10000,5734,13.350269660846317,10.680215728677053,False,0.6827627244865336,0.9999952609426149,-26.44439502395911,0.5068788772136291
2025-02-15,90,10000,3788,13.350269660846317,12.015242694761685,False,0.7681080650473503,0.9999763771580541,-24.436194777432416,0.5702387368653328
2025-02-15,100,10000,627,13.350269660846317,13.350269660846317,False,0.8534534056081671,1.0,-20.537838168771785,0.6335985965170364
2025-02-22,50,10000,8856,5.399103975356959,2.6995519876784795,False,0.5,0.999761322158288,7.04613810281316,17.874199323420033
2025-02-22,60,10000,7354,5.399103975356959,3.2394623852141753,False,0.6,0.9998845107017957,8.45536572337579,20.16460108640047
2025-02-22,70,10000,5810,5.399103975356959,3.779372782749871,False,0.7,0.9999762905187576,9.864593343938422,21.56044795358762
2025-02-22,80,10000,4283,5.399103975356959,4.3192831802855665,False,0.7999999999999999,0.9999820797091677,11.317450063298095,22.95044928113754
2025-02-22,90,10000,2362,5.399103975356959,4.859193577821263,False,0.9,0.9999732066776269,13.318403703575276,24.34084396615726
2025-02-22,100,10000,53,5.399103975356959,5.399103975356959,False,1.0,1.0,17.619014088020023,17.619014088020023
2025-03-01,50,10000,10000,7.72894515161289,3.864472575806445,False,0.5,0.7426026691557084,14.289339661913875,17.16624438467006
2025-03-01,60,10000,10000,7.72894515161289,4.637367090967734,False,0.6,0.89112320298685,17.147207594296653,20.599493261604067
2025-03-01,70,10000,9058,7.72894515161289,5.410261606129023,False,0.7,0.9999960148219633,20.005075526679423,24.03274213853808
2025-03-01,80,10000,6130,7.72894515161289,6.1831561212903114,False,0.7999999999999999,0.9999952168256221,22.862943459062198,26.79582612415817
2025-03-01,90,10000,3887,7.72894515161289,6.956050636451601,False,0.9,0.9998368057281247,25.744450473935327,28.007995740587948
2025-03-01,100,10000,150,7.72894515161289,7.72894515161289,False,1.0,1.0,30.56835578459493,30.56835578459493
2025-03-08,50,10000,10000,9.531184224374561,4.765592112187281,False,0.5,0.73464946764358,-10.494827604280873,-1.5799157782023578
2025-03-08,60,10000,10000,9.531184224374561,5.718710534624737,False,0.6000000000000001,0.881579361172296,-12.593793125137049,-1.8958989338428296
2025-03-08,70,10000,9627,9.531184224374561,6.671828957062193,False,0.7,0.9999634554446376,-14.692758645993223,-2.211882089483301
2025-03-08,80,10000,5360,9.531184224374561,7.624947379499649,False,0.8,0.9997432704411899,-14.08139498795975,-2.5278652451237726
2025-03-08,90,10000,5111,9.531184224374561,8.578065801937106,False,0.9,0.9999692380650866,-15.841569361454718,-2.92862926191475
2025-03-08,100,10000,40,9.531184224374561,9.531184224374561,False,1.0,1.0,-3.3198927341268156,-3.3198927341268156
2025-03-15,50,10000,10000,13.62939503067567,6.814697515337835,False,0.4777787795986604,0.5684293946982537,4.566482161404697,9.28439436262659
2025-03-15,60,10000,10000,13.62939503067567,8.177637018405402,False,0.5733345355183924,0.6821152736379045,5.479778593685636,11.141273235151912
2025-03-15,70,10000,10000,13.62939503067567,9.54057652147297,False,0.6688902914381246,0.7958011525775552,6.393075025966577,12.998152107677226
2025-03-15,80,10000,10000,13.62939503067567,10.903516024540536,False,0.7644460473578567,0.909487031517206,7.306371458247517,14.855030980202546
2025-03-15,90,10000,9965,13.62939503067567,12.266455527608104,False,0.8600018032775888,0.9999629749038542,8.219667890528456,16.711909852727867
2025-03-15,100,10000,1106,13.62939503067567,13.62939503067567,False,0.9555575591973208,1.0,11.531518357153498,18.56878872525318
2025-03-22,50,10000,7905,4.415844598037625,2.2079222990188123,False,0.4990536239462631,0.9997363635400648,-5.836812123548239,1.8833110256662593
2025-03-22,60,10000,6612,4.415844598037625,2.6495067588225747,False,0.5988643487355158,0.9999321190939897,-5.824503818080946,2.2599732307995115
2025-03-22,70,10000,5215,4.415844598037625,3.091091218626337,False,0.6986750735247684,0.9998948009295952,-5.611631364120197,2.526225876476335
2025-03-22,80,10000,3742,4.415844598037625,3.5326756784300994,False,0.798485798314021,0.9999048053433012,-4.280589048991863,2.8871152874015253
2025-03-22,90,10000,2215,4.415844598037625,3.974260138233862,False,0.8982965231032737,0.9998173999276686,-2.9052212299983378,3.248004698326716
2025-03-22,100,10000,160,4.415844598037625,4.415844598037625,False,0.9981072478925263,1.0,3.061372185969255,3.608894109251907
2025-03-29,50,10000,10000,12.170468627481402,6.085234313740701,False,0.49338585558396836,0.6628478200851234,20.12946132899772,24.1043570202801
2025-03-29,60,10000,10000,12.170468627481402,7.30228117648884,False,0.5920630267007619,0.7954173841021481,24.155353594797262,28.92522842433612
2025-03-29,70,10000,10000,12.170468627481402,8.519328039236981,False,0.6907401978175557,0.9279869481191729,28.181245860596814,33.74609982839215
2025-03-29,80,10000,8313,12.170468627481402,9.736374901985121,False,0.7894173689343493,0.9999661975388268,32.20713812639636,38.01212584287329
2025-03-29,90,10000,5428,12.170468627481402,10.95342176473326,False,0.888094540051143,0.999988088217348,36.2330303921959,40.154168185855134
2025-03-29,100,10000,392,12.170468627481402,12.170468627481402,False,0.9867717111679367,1.0,40.40053846703697,42.17405263966883
2025-04-05,50,10000,10000,2.6178622543436547,1.3089311271718274,False,0.5,0.7858624742780593,4.49029135897142,5.998596195234282
2025-04-05,60,10000,10000,2.6178622543436547,1.5707173526061928,False,0.6,0.9430349691336711,5.3883496307657035,7.198315434281138
2025-04-05,70,10000,7783,2.6178622543436547,1.8325035780405583,False,0.7000000000000001,0.9963835616040375,6.286407902559989,7.858212736929299
2025-04-05,80,10000,5464,2.6178622543436547,2.0942898034749238,False,0.7999999999999999,0.9992238830914466,7.18446617435427,8.24297965569878
2025-04-05,90,10000,2996,2.6178622543436547,2.3560760289092895,False,0.9000000000000001,0.9975477471811501,8.082524446148556,8.601760782952459
2025-04-05,100,10000,324,2.6178622543436547,2.6178622543436547,False,1.0,1.0,8.98058271794284,8.98058271794284
2025-04-12,50,10000,8769,10.587031156332266,5.293515578166133,False,0.47605137113721774,0.9999992842770024,-36.004321509475986,-5.2912897171399775
2025-04-12,60,10000,7815,10.587031156332266,6.35221869379936,False,0.5712616453646613,0.9996909911566239,-35.52365000329039,-6.349547660567972
2025-04-12,70,10000,6950,10.587031156332266,7.410921809432586,False,0.6664719195921048,0.9999778077036269,-33.43352608517146,-7.407805603995968
2025-04-12,80,10000,5657,10.587031156332266,8.469624925065812,False,0.7616821938195484,0.9999778186456614,-32.5908249254786,-8.466063547423964
2025-04-12,90,10000,4054,10.587031156332266,9.528328040699039,False,0.8568924680469918,0.9998845894957794,-30.566742886953463,-9.524321490851959
2025-04-12,100,10000,1213,10.587031156332266,10.587031156332266,False,0.9521027422744355,1.0,-26.05743681020869,-20.38368641463783
2025-04-26,50,10000,9082,2.474381517483831,1.2371907587419155,False,0.09135447608237704,0.9995075717121247,3.5964965145301835,18.020647485332564
2025-04-26,60,10000,8958,2.474381517483831,1.4846289104902988,False,0.10962537129885247,0.9980670945355617,4.3157958174362205,19.293693386530585
2025-04-26,70,10000,8854,2.474381517483831,1.732067062238682,False,0.12789626651532787,0.9994601421972665,5.035095120342257,20.254783108057342
2025-04-26,80,10000,8704,2.474381517483831,1.979505213987065,False,0.14616716173180327,0.9992551921898778,5.754394423248294,21.814417306577592
2025-04-26,90,10000,8529,2.474381517483831,2.226943365735448,False,0.1644380569482787,0.9996556500928906,6.473693726154331,23.004013309240158
2025-04-26,100,10000,8062,2.474381517483831,2.474381517483831,False,0.18270895216475408,0.9999999999999999,7.192993029060367,24.46050191909766
2025-05-03,50,10000,4421,10.64317696554157,5.321588482770785,False,0.4896932295169514,0.999992061366554,31.657409658823305,42.16214259847269
2025-05-03,60,10000,1202,10.64317696554157,6.385906179324942,False,0.5876318754203416,0.6758739835866747,37.98889159058797,41.427958167090964
2025-05-03,70,10000,1202,10.64317696554157,7.450223875879099,False,0.6855705213237319,0.7885196475177871,44.320373522352625,48.33261786160612
2025-05-03,80,10000,1202,10.64317696554157,8.514541572433256,False,0.7835091672271222,0.9011653114488996,50.65185545411729,55.23727755612128
2025-05-03,90,10000,1197,10.64317696554157,9.578859268987413,False,0.8814478131305125,0.9991008568174992,56.98333738588196,62.141937250636445
2025-05-03,100,10000,315,10.64317696554157,10.64317696554157,False,0.9793864590339028,1.0,63.769817492851764,66.42088797064109
2025-05-10,50,10000,10000,4.527022657787913,2.2635113288939563,False,0.47857407476899605,0.6138134385384253,14.440440047880495,16.83502401222765
2025-05-10,60,10000,10000,4.527022657787913,2.7162135946727473,False,0.5742888897227951,0.7365761262461101,17.32852805745659,20.202028814673177
2025-05-10,70,10000,10000,4.527022657787913,3.1689158604515386,False,0.6700037046765943,0.8593388139537952,20.21661606703269,23.569033617118706
2025-05-10,80,10000,10000,4.527022657787913,3.62161812623033,False,0.7657185196303935,0.9821015016614802,23.10470407660879,26.936038419564234
2025-05-10,90,10000,6846,4.527022657787913,4.074320392009121,False,0.8614333345841927,0.9999999869864761,25.992792086184892,29.568647031188792
2025-05-10,100,10000,628,4.527022657787913,4.527022657787913,False,0.9571481495379921,1.0000000000000002,28.88088009576099,31.28838724997811
2025-05-17,50,10000,10000,6.278892359837726,3.139446179918863,False,0.4991855797742379,0.8799195052842942,13.79313659114722,19.307888246735637
2025-05-17,60,10000,9189,6.278892359837726,3.7673354159026355,False,0.5990226957290854,0.9998472519353704,16.551763909376664,22.95916966236343
2025-05-17,70,10000,7200,6.278892359837726,4.395224651886409,False,0.6988598116839331,0.9999398591500626,19.310391227606107,24.868371132018748
2025-05-17,80,10000,5099,6.278892359837726,5.023113887870181,False,0.7986969276387808,0.9999933216299003,22.069018545835554,26.535898958641262
2025-05-17,90,10000,3860,6.278892359837726,5.651003123853953,False,0.8985340435936281,0.999954552259086,24.827645864064994,29.15458897421442
2025-05-17,100,10000,144,6.278892359837726,6.278892359837726,False,0.9983711595484758,1.0,28.178490101652503,28.58886524433751
2025-05-31,50,10000,9517,2.1814362391288107,1.0907181195644053,False,0.4967418232393745,0.9998980649945987,-8.85544483580868,1.7728728781449332
2025-05-31,60,10000,7602,2.1814362391288107,1.3088617434772865,False,0.5960901878872494,0.9999893863705966,-9.66682763538826,2.1274474537739194
2025-05-31,70,10000,5889,2.1814362391288107,1.5270053673901673,False,0.6954385525351242,0.9999793792885584,-9.039757549422053,2.482022029402906
2025-05-31,80,10000,4255,2.1814362391288107,1.7451489913030485,False,0.7947869171829992,0.9999955136011114,-8.329527914132232,2.8365966050318927
2025-05-31,90,10000,2392,2.1814362391288107,1.9632926152159296,False,0.894135281830874,0.9999608878576849,-7.815001613693721,3.191171180660879
2025-05-31,100,10000,77,2.1814362391288107,2.1814362391288107,False,0.993483646478749,1.0,-6.62475791023382,-6.47186108263704
2025-06-07,50,10000,10000,8.246611198326697,4.1233055991633485,False,0.5,0.9517307901360051,-0.2474578559895375,3.1722799558907333
2025-06-07,60,10000,8309,8.246611198326697,4.947966718996018,False,0.6,0.9999546025150926,-0.296949427187445,3.8067359470688795
2025-06-07,70,10000,6635,8.246611198326697,5.772627838828688,False,0.7,0.9999825765815675,1.123482849654479,4.4411919382470275
2025-06-07,80,10000,5098,8.246611198326697,6.597288958661358,False,0.8,0.9999915702070061,2.6508454104615624,5.075647929425174
2025-06-07,90,10000,2829,8.246611198326697,7.421950078494028,False,0.8999999999999999,0.9999631781389706,3.9137684036460043,5.71010392060332
2025-06-07,100,10000,71,8.246611198326697,8.246611198326697,False,1.0,1.0,5.3796985882047315,5.3796985882047315
2025-06-14,50,10000,8676,8.836258026391143,4.418129013195571,False,0.48910450594113436,0.9999542637848583,-1.9137951929104942,26.644300964843026
2025-06-14,60,10000,6367,8.836258026391143,5.301754815834686,False,0.5869254071293613,0.9998508451135325,-0.6242785440227364,31.97316115781163
2025-06-14,70,10000,4628,8.836258026391143,6.1853806184738005,False,0.6847463083175882,0.9998900079226748,0.8464973855141077,35.051145181800784
2025-06-14,80,10000,3642,8.836258026391143,7.069006421112914,False,0.7825672095058149,0.9999740751839379,2.1732062966383783,36.895235930441686
2025-06-14,90,10000,2752,8.836258026391143,7.952632223752029,False,0.8803881106940419,0.9998075913911201,15.740574518447668,38.55171102945387
2025-06-14,100,10000,136,8.836258026391143,8.836258026391143,False,0.9782090118822687,1.0,17.505988469477813,39.62050691265192
2025-06-21,50,10000,6635,8.84279767236655,4.421398836183275,False,0.40010990537289254,0.9999811302592009,-34.514084209209095,-0.8328085892155448
2025-06-21,60,10000,4048,8.84279767236655,5.3056786034199295,False,0.48013188644747107,0.99990029383136,-41.416901051050914,-0.9993703070586536
2025-06-21,70,10000,1126,8.84279767236655,6.189958370656584,False,0.5601538675220495,0.9998765586384891,-45.60661232766605,-1.1659320249017624
2025-06-21,80,10000,812,8.84279767236655,7.074238137893239,False,0.640175848596628,0.9998786222810561,-44.56973589853144,-1.3324937427448713
2025-06-21,90,10000,669,8.84279767236655,7.958517905129894,False,0.7201978296712066,0.9992268510764424,-37.79248653091788,-1.4990554605879804
2025-06-21,100,10000,29,8.84279767236655,8.84279767236655,False,0.8002198107457851,1.0,-20.27087200426329,-1.6656171784310896
2025-06-28,50,10000,8192,9.98132045742744,4.99066022871372,False,0.49209360683871367,0.9998696090437812,14.669964601378767,21.238101213600714
2025-06-28,60,10000,6749,9.98132045742744,5.988792274456464,False,0.5905123282064565,0.9997232256337418,17.60395752165452,23.517008605827513
2025-06-28,70,10000,5265,9.98132045742744,6.986924320199208,False,0.6889310495741992,0.9999078204091725,20.53795044193027,26.04804604293655
2025-06-28,80,10000,3648,9.98132045742744,7.985056365941952,False,0.7873497709419419,0.9999677208701412,23.471943362206027,27.628092055604895
2025-06-28,90,10000,2050,9.98132045742744,8.983188411684695,False,0.8857684923096846,0.9999874474652798,26.40593628248178,29.218704532114785
2025-06-28,100,10000,98,9.98132045742744,9.98132045742744,False,0.9841872136774273,1.0,29.99261640736392,30.92730570537062
2025-07-12,50,10000,10000,5.9069511387017375,2.9534755693508687,False,0.49725114940114823,0.7549475236395244,7.520369481817584,10.891086311848444
2025-07-12,60,10000,10000,5.9069511387017375,3.5441706832210427,False,0.5967013792813779,0.9059370283674294,9.024443378181102,13.069303574218132
2025-07-12,70,10000,8691,5.9069511387017375,4.134865797091217,False,0.6961516091616076,0.9999767323580548,10.528517274544619,15.247520836587825
2025-07-12,80,10000,5209,5.9069511387017375,4.72556091096139,False,0.7956018390418371,0.999973952042572,12.592279586743016,17.286786146649224
2025-07-12,90,10000,2585,5.9069511387017375,5.316256024831564,False,0.8950520689220668,0.9999994885255621,14.55468054293779,18.969781797991796
2025-07-12,100,10000,79,5.9069511387017375,5.9069511387017375,False,0.9945022988022965,1.0,19.665867416111436,19.86354492164171
2025-07-19,50,9659,6858,0.3159319693996758,0.1579659846998379,False,0.5,0.9895283239511594,-4.523611129108299,-2.437063725765201
2025-07-19,60,9659,5493,0.3159319693996758,0.1895591816398055,False,0.6000000000000001,0.9975555148491569,-4.625424049884983,-2.9244764709182416
2025-07-19,70,9659,4002,0.3159319693996758,0.22115237857977307,False,0.7,0.9911913350985831,-4.662347244730373,-3.4118892160712817
2025-07-19,80,9659,2632,0.3159319693996758,0.25274557551974064,False,0.7999999999999999,0.9932919255800404,-4.731949078199574,-3.899301961224322
2025-07-19,90,9659,1307,0.3159319693996758,0.28433877245970823,False,0.8999999999999999,0.9935964241394537,-4.791055509966385,-4.3867147063773615
2025-07-19,100,9659,99,0.3159319693996758,0.3159319693996758,False,1.0,1.0,-4.874127451530402,-4.874127451530402
2025-07-26,50,10000,10000,5.008060750950047,2.5040303754750237,False,0.3791493666117925,0.5934530405616335,-7.652123687022487,4.729540672355177
2025-07-26,60,10000,10000,5.008060750950047,3.0048364505700285,False,0.45497923993415096,0.7121436486739602,-9.182548424426985,5.675448806826213
2025-07-26,70,10000,10000,5.008060750950047,3.505642525665033,False,0.5308091132565095,0.830834256786287,-10.712973161831483,6.621356941297249
2025-07-26,80,10000,10000,5.008060750950047,4.006448600760038,False,0.606638986578868,0.9495248648986137,-12.243397899235982,7.567265075768284
2025-07-26,90,10000,9126,5.008060750950047,4.507254675855043,False,0.6824688599012265,0.9999920591834646,-12.950543003663853,8.51317321023932
2025-07-26,100,10000,2728,5.008060750950047,5.008060750950047,False,0.758298733223585,1.0,-12.241533084733597,9.459081344710354
2025-08-02,50,10000,10000,11.181854881783417,5.590927440891709,False,0.47624785400400865,0.8017948301665103,25.689652929396555,30.54480455804822
2025-08-02,60,10000,10000,11.181854881783417,6.7091129290700495,False,0.5714974248048103,0.9621537961998121,30.827583515275858,36.653765469657856
2025-08-02,70,10000,8384,11.181854881783417,7.827298417248391,False,0.6667469956056119,0.9999960162172892,35.965514101155165,42.51717572468977
2025-08-02,80,10000,5042,11.181854881783417,8.945483905426734,False,0.7619965664064138,0.9999925208311493,41.10344468703448,46.00349532809198
2025-08-02,90,10000,3551,11.181854881783417,10.063669393605075,False,0.8572461372072154,0.9999813778421985,46.24137527291379,50.24907451810863
2025-08-02,100,10000,345,11.181854881783417,11.181854881783417,False,0.9524957080080173,1.0000000000000002,51.531582669032574,52.95921284732271
2025-08-09,50,10000,10000,18.512255242645264,9.256127621322632,False,0.49821656331507125,0.6908191961846941,6.609579296437866,11.293622797728638
2025-08-09,60,10000,10000,18.512255242645264,11.107353145587158,False,0.5978598759780854,0.8289830354216329,7.9314951557254405,13.552347357274364
2025-08-09,70,10000,10000,18.512255242645264,12.958578669851684,False,0.6975031886410996,0.9671468746585716,9.253411015013011,15.81107191682009
2025-08-09,80,10000,7652,18.512255242645264,14.80980419411621,False,0.7971465013041139,0.9999566470085856,11.312396278048949,18.069796476365816
2025-08-09,90,10000,4103,18.512255242645264,16.66102971838074,False,0.8967898139671282,0.9999781497092385,14.074469877940054,20.32852103591155
2025-08-09,100,10000,115,18.512255242645264,18.512255242645264,False,0.9964331266301425,1.0,17.615016494150943,20.082384498674692
2025-08-16,50,10000,9998,4.464776095318652,2.232388047659326,False,0.4776250687263341,0.9969254208794923,-21.478211381288276,-5.59348414489733
2025-08-16,60,10000,8810,4.464776095318652,2.6788656571911913,False,0.5731500824716009,0.9999370020458753,-22.27753017595508,-6.712180973876797
2025-08-16,70,10000,7054,4.464776095318652,3.1253432667230565,False,0.6686750962168677,0.9999362186750965,-21.05986986840663,-7.8308778028562624
2025-08-16,80,10000,4718,4.464776095318652,3.5718208762549217,False,0.7642001099621345,0.999948600166718,-21.26905232190342,-8.949574631835729
2025-08-16,90,10000,2477,4.464776095318652,4.018298485786787,False,0.8597251237074014,0.9997972823292145,-21.289630184326143,-10.068271460815193
2025-08-16,100,10000,253,4.464776095318652,4.464776095318652,False,0.9552501374526682,1.0,-18.704493367156413,-11.18696828979466
2025-08-23,50,10000,10000,10.984672218910523,5.492336109455262,False,0.48354881307135106,0.6066088120208885,-0.49101155937888885,3.8843433383148307
2025-08-23,60,10000,10000,10.984672218910523,6.590803331346314,False,0.5802585756856212,0.727930574425066,-0.5892138712546665,4.661212005977797
2025-08-23,70,10000,10000,10.984672218910523,7.689270553237367,False,0.6769683382998914,0.8492523368292437,-0.6874161831304442,5.438080673640763
2025-08-23,80,10000,10000,10.984672218910523,8.78773777512842,False,0.7736781009141617,0.9705740992334215,-0.785618495006222,6.21494934130373
2025-08-23,90,10000,8068,10.984672218910523,9.88620499701947,False,0.8703878635284319,0.9999114293253661,0.9335737634088506,6.991818008966695
2025-08-23,100,10000,3790,10.984672218910523,10.984672218910523,False,0.9670976261427021,1.0,4.168777155761601,7.768686676629661
2025-09-06,50,10000,10000,3.4560892569779984,1.7280446284889992,False,0.4895641836052041,0.8719735413740856,-3.895423460155495,-0.39624777539362377
2025-09-06,60,10000,9534,3.4560892569779984,2.073653554186799,False,0.5874770203262448,0.9999844871645465,-4.3074384234333705,-0.47549733047234854
2025-09-06,70,10000,7563,3.4560892569779984,2.419262479884599,False,0.6853898570472857,0.9999666882913608,-4.348477997325452,-0.5547468855510733
2025-09-06,80,10000,5490,3.4560892569779984,2.7648714055823986,False,0.7833026937683265,0.999998922166386,-4.140665699462074,-0.6339964406297981
2025-09-06,90,10000,3038,3.4560892569779984,3.1104803312801983,False,0.8812155304893673,0.9999961470974799,-3.0893147544294943,-0.7132459957085227
2025-09-06,100,10000,215,3.4560892569779984,3.4560892569779984,False,0.9791283672104082,1.0,-1.939260710636594,-1.2702186722945157
2025-09-13,50,10000,10000,21.30413691935857,10.652068459679285,False,0.49480108217073987,0.6338921935810115,6.988937373125033,14.893592106525361
2025-09-13,60,10000,10000,21.30413691935857,12.782482151615142,False,0.5937612986048878,0.7606706322972137,8.386724847750038,17.872310527830432
2025-09-13,70,10000,10000,21.30413691935857,14.912895843550999,False,0.6927215150390359,0.8874490710134161,9.784512322375045,20.851028949135507
2025-09-13,80,10000,9388,21.30413691935857,17.043309535486856,False,0.7916817314731839,0.9999565551038092,11.182299797000052,23.82974737044058
2025-09-13,90,10000,5216,21.30413691935857,19.173723227422713,False,0.8906419479073318,0.9999087729314605,13.244027847274545,26.80846579174565
2025-09-13,100,10000,346,21.30413691935857,21.30413691935857,False,0.9896021643414797,1.0,16.79776247279743,25.336130169518796
2025-09-27,50,10000,9283,4.88870728045923,2.444353640229615,False,0.49999999999999994,0.9999742506277063,5.089184480881633,15.417839771430966
2025-09-27,60,10000,7367,4.88870728045923,2.9332243682755386,False,0.6,0.9999661474196319,6.405873488126737,17.159041427619005
2025-09-27,70,10000,5539,4.88870728045923,3.4220950963214616,False,0.7000000000000001,0.9998629105472842,8.057061789559777,18.94495826986431
2025-09-27,80,10000,3754,4.88870728045923,3.9109658243673846,False,0.7999999999999999,0.9998504342792915,9.893837402652931,20.673097751331866
2025-09-27,90,10000,2049,4.88870728045923,4.399836552413308,False,0.9,0.999912250533142,11.710962273386718,22.317152117750112
2025-09-27,100,10000,28,4.88870728045923,4.88870728045923,False,0.9999999999999999,0.9999999999999999,23.09896448995537,23.09896448995537
2025-10-04,50,10000,10000,8.599855442638422,4.299927721319211,False,0.42968059823957616,0.7182429541436381,7.7387842700029825,17.468981727388215
2025-10-04,60,10000,10000,8.599855442638422,5.159913265583054,False,0.5156167178874915,0.8618915449723659,9.286541124003579,20.962778072865863
2025-10-04,70,10000,9999,8.599855442638422,6.019898809846896,False,0.6015528375354068,0.9813351127311163,10.834297978004177,24.456574418343507
2025-10-04,80,10000,9765,8.599855442638422,6.879884354110738,False,0.687488957183322,0.9999502821076063,12.382054832004773,27.586100654472933
2025-10-04,90,10000,5587,8.599855442638422,7.739869898374581,False,0.7734250768312373,0.9999960466081822,14.133497055572079,29.89063919541129
2025-10-04,100,10000,445,8.599855442638422,8.599855442638422,False,0.8593611964791523,0.9999999999999999,17.799235889714303,32.349622769259405
2025-10-11,50,10000,8717,11.750863666919109,5.8754318334595546,False,0.4957996156643725,0.9995929382103879,-10.37830527450437,10.611514702579408
2025-10-11,60,10000,7398,11.750863666919109,7.0505182001514655,False,0.594959538797247,0.9999785016592472,-8.669240098882257,12.733817643095287
2025-10-11,70,10000,6301,11.750863666919109,8.225604566843376,False,0.6941194619301214,0.9999160905105932,-7.50756702454392,14.823863503606823
2025-10-11,80,10000,4845,11.750863666919109,9.400690933535287,False,0.7932793850629959,0.999984064716476,-5.511949567118235,16.941558289836365
2025-10-11,90,10000,2719,11.750863666919109,10.575777300227198,False,0.8924393081958705,0.9999999825376922,-2.5085310523331446,17.409430795375975
2025-10-11,100,10000,77,11.750863666919109,11.750863666919109,False,0.991599231328745,1.0,3.7331926145709433,10.835184189828572
2025-10-18,50,10000,10000,2.2157487868399333,1.1078743934199666,False,0.2028307842846437,0.7242612308158294,-12.163405830678935,-3.177999212622669
2025-10-18,60,10000,10000,2.2157487868399333,1.32944927210396,False,0.24339694114157245,0.8691134769789953,-14.596086996814725,-3.8135990551472037
2025-10-18,70,10000,9999,2.2157487868399333,1.5510241507879532,False,0.28396309799850117,0.9890841582211896,-17.02876816295051,-4.449198897671736
2025-10-18,80,10000,9982,2.2157487868399333,1.7725990294719465,False,0.3245292548554299,0.9961608131209002,-19.461449329086296,-5.084798740196271
2025-10-18,90,10000,9938,2.2157487868399333,1.9941739081559398,False,0.36509541171235865,0.9997194641747558,-21.894130495222086,-5.720398582720804
2025-10-18,100,10000,9378,2.2157487868399333,2.2157487868399333,False,0.4056615685692874,1.0,-24.22743655560037,-6.544706465762379
2025-10-25,50,10000,9999,12.029209624724539,6.014604812362269,False,0.4428476879035984,0.8939550972548685,-20.17162426422606,-2.788885049723431
2025-10-25,60,10000,9821,12.029209624724539,7.217525774834724,False,0.531417225484318,0.9997558360211161,-24.17991017218698,-3.346662059668118
2025-10-25,70,10000,8333,12.029209624724539,8.420446737307177,False,0.6199867630650377,0.9999687772929434,-23.858846274178163,-3.9044390696128044
2025-10-25,80,10000,6401,12.029209624724539,9.623367699779632,False,0.7085563006457575,0.9999974995441856,-20.545222844871127,-4.462216079557491
2025-10-25,90,10000,4220,12.029209624724539,10.826288662252086,False,0.7971258382264771,0.9998982333409309,-17.463389708329803,-5.019993089502177
2025-10-25,100,10000,1003,12.029209624724539,12.029209624724539,False,0.8856953758071968,1.0,-15.397595087112231,-5.577770099446862
2025-11-01,50,10000,10000,12.482408936102377,6.241204468051189,False,0.4972756452539053,0.9016095606957226,9.25948958565486,23.715613304170056
2025-11-01,60,10000,9220,12.482408936102377,7.489445361661427,False,0.5967307743046864,0.9999977909796091,11.111387502785831,27.863194075848323
2025-11-01,70,10000,7402,12.482408936102377,8.737686255271665,False,0.6961859033554674,0.9999796977707347,12.963285419916804,32.50705975515638
2025-11-01,80,10000,5196,12.482408936102377,9.985927148881903,False,0.7956410324062484,0.9999563895939282,15.980496530756511,37.15092543446443
2025-11-01,90,10000,2706,12.482408936102377,11.23416804249214,False,0.8950961614570295,0.9999555687493313,19.941767443798287,34.14963069370672
2025-11-01,100,10000,56,12.482408936102377,12.482408936102377,False,0.9945512905078105,1.0,24.860780178843083,29.813797391867368
2025-11-08,50,10000,10000,7.429032781887844,3.714516390943922,False,0.3293019371205941,0.5245402144780024,-4.801638784876532,9.72747530341827
2025-11-08,60,10000,10000,7.429032781887844,4.457419669132706,False,0.39516232454471284,0.6294482573736029,-5.761966541851839,11.672970364101921
2025-11-08,70,10000,10000,7.429032781887844,5.2003229473214905,False,0.46102271196883166,0.7343563002692033,-6.722294298827144,13.618465424785576
2025-11-08,80,10000,10000,7.429032781887844,5.9432262255102755,False,0.5268830993929505,0.8392643431648039,-7.682622055802453,15.563960485469233
2025-11-08,90,10000,10000,7.429032781887844,6.68612950369906,False,0.5927434868170692,0.9441723860604042,-8.642949812777758,17.509455546152886
2025-11-08,100,10000,9833,7.429032781887844,7.429032781887844,False,0.6586038742411882,1.0,-9.603277569753065,19.45495060683654
2025-11-15,50,10000,8818,4.939053155505739,2.4695265777528697,False,0.3712468979189035,0.9997449990907883,13.024300233872138,27.07268076014114
2025-11-15,60,10000,7681,4.939053155505739,2.963431893303444,False,0.4454962775026843,0.9999268899944453,15.62916028064657,29.63302000659481
2025-11-15,70,10000,6475,4.939053155505739,3.457337208854018,False,0.5197456570864649,0.9999984032044024,18.234020327420996,32.02351277545252
2025-11-15,80,10000,5229,4.939053155505739,3.951242524404592,False,0.5939950366702457,0.9998549124031739,20.838880374195426,34.5930719279567
2025-11-15,90,10000,3514,4.939053155505739,4.445147839955165,False,0.6682444162540262,0.9999058111172063,23.55425975717703,37.11354210838506
2025-11-15,100,10000,1489,4.939053155505739,4.939053155505739,False,0.742493795837807,0.9999999999999999,28.045106992204065,38.61117591448631
2025-11-22,50,10000,10000,9.382049131150385,4.6910245655751925,False,0.4825095502871664,0.9128334636261912,1.5315984863909824,13.646656212431429
2025-11-22,60,10000,8919,9.382049131150385,5.62922947869023,False,0.5790114603445995,0.9999941272748009,3.0781253265505955,16.375987454917713
2025-11-22,70,10000,6118,9.382049131150385,6.567434391805269,False,0.6755133704020329,0.9998356266468401,6.1186294638976735,19.105318697404
2025-11-22,80,10000,3882,9.382049131150385,7.505639304920307,False,0.7720152804594661,0.9998174056239287,11.10042562240223,21.751701366096814
2025-11-22,90,10000,1920,9.382049131150385,8.443844218035347,False,0.8685171905168996,0.9998711892263358,14.879560612168035,23.18558030209643
2025-11-22,100,10000,5,9.382049131150385,9.382049131150385,False,0.9650191005743328,1.0000000000000002,18.893184227601207,23.25902307248585
2025-12-06,50,10000,9752,12.958540623932388,6.479270311966194,False,0.4761293557814165,0.9998052273821427,-26.94478491455996,3.9370771600329286
2025-12-06,60,10000,8210,12.958540623932388,7.775124374359433,False,0.5713552269376999,0.9998345230498268,-28.08144786593994,4.724492592039515
2025-12-06,70,10000,6320,12.958540623932388,9.070978436752672,False,0.6665810980939831,0.9999918018637938,-27.966734430391988,5.5119080240461
2025-12-06,80,10000,4293,12.958540623932388,10.36683249914591,False,0.7618069692502665,0.9999334274349191,-28.48845076791714,5.997369283694097
2025-12-06,90,10000,2169,12.958540623932388,11.662686561539148,False,0.8570328404065497,0.9999952258006803,-26.145977552047277,-8.618671277987353
2025-12-06,100,10000,43,12.958540623932388,12.958540623932388,False,0.952258711562833,1.0,-22.142916510764337,-9.697452993731853
2025-12-13,50,10000,10000,3.6770514123552864,1.8385257061776432,False,0.4537729557253686,0.8602008124673115,-2.533410993907489,6.017359393470545
2025-12-13,60,10000,9998,3.6770514123552864,2.206230847413172,False,0.5445275468704424,0.9950308928697945,-3.040093192688987,7.220831272164655
2025-12-13,70,10000,9015,3.6770514123552864,2.5739359886487008,False,0.635282138015516,0.999591257805048,-2.687457837748137,8.424303150858764
2025-12-13,80,10000,7979,3.6770514123552864,2.9416411298842293,False,0.7260367291605897,0.9991809593196244,-1.8409689834446894,9.627775029552872
2025-12-13,90,10000,6907,3.6770514123552864,3.309346271119758,False,0.8167913203056634,0.9999914759169877,-0.7898661642657863,10.83124690824698
2025-12-13,100,10000,5146,3.6770514123552864,3.6770514123552864,False,0.9075459114507372,1.0,0.4158629648450287,12.03471878694109
2026-01-24,50,10000,7296,6.559098600334434,3.279549300167217,False,0.5,0.9997689507777762,-7.465878389775141,2.3368574769029156
2026-01-24,60,10000,6094,6.559098600334434,3.9354591602006606,False,0.6,0.9998159660272725,-5.690530443039082,2.8042289722834983
2026-01-24,70,10000,4838,6.559098600334434,4.591369020234104,False,0.7000000000000001,0.999959754181028,-3.764123089142789,3.271600467664082
2026-01-24,80,10000,3482,6.559098600334434,5.247278880267547,False,0.8,0.9999458074217938,-1.8052200707310402,3.7389719630446647
2026-01-24,90,10000,1832,6.559098600334434,5.90318874030099,False,0.8999999999999999,0.9999148804394542,0.21276521574363147,4.2063434584252475
2026-01-24,100,10000,49,6.559098600334434,6.559098600334434,False,1.0,1.0,4.261746311957417,4.261746311957417
2026-01-31,50,10000,7730,3.6479663114402268,1.8239831557201134,False,0.4478786002905891,0.9997173404268248,9.144591370145463,21.69029146638802
2026-01-31,60,10000,6199,3.6479663114402268,2.188779786864136,False,0.5374543203487069,0.9999345065211768,10.973509644174554,23.301407944237063
2026-01-31,70,10000,4629,3.6479663114402268,2.553576418008159,False,0.6270300404068248,0.9999892429060657,12.802427918203646,24.482050507946308
2026-01-31,80,10000,3100,3.6479663114402268,2.9183730491521813,False,0.7166057604649426,0.9999516265867682,14.631346192232739,26.214353913185263
2026-01-31,90,10000,1644,3.6479663114402268,3.2831696802962043,False,0.8061814805230605,0.9999216065835062,16.653171613763725,26.85712339034672
2026-01-31,100,10000,193,3.6479663114402268,3.6479663114402268,False,0.8957572005811782,1.0,19.373870787039117,28.003103473525464
2026-02-07,50,10000,10000,13.967505029608024,6.983752514804012,False,0.3813468111613112,0.57278760116959,-16.884241603161946,-8.399150473397238
2026-02-07,60,10000,10000,13.967505029608024,8.380503017764815,False,0.45761617339357347,0.687345121403508,-20.261089923794334,-10.078980568076688
2026-02-07,70,10000,10000,13.967505029608024,9.777253520725617,False,0.5338855356258357,0.8019026416374261,-23.637938244426728,-11.758810662756137
2026-02-07,80,10000,10000,13.967505029608024,11.174004023686418,False,0.6101548978580978,0.9164601618713439,-27.01478656505911,-13.43864075743558
2026-02-07,90,10000,9994,13.967505029608024,12.570754526647221,False,0.6864242600903602,0.9995342695804554,-30.3916348856915,-15.118470852115026
2026-02-07,100,10000,9366,13.967505029608024,13.967505029608024,False,0.7626936223226224,1.0,-32.90029960595289,-16.798300946794477
2026-02-21,50,10000,10000,22.565669920395113,11.282834960197556,False,0.46232773760748463,0.8994346622705258,-2.8774348012682447,10.90273419338465
2026-02-21,60,10000,9705,22.565669920395113,13.539401952237068,False,0.5547932851289816,0.9999254156951088,-3.1668432803790134,13.083281032061578
2026-02-21,70,10000,7981,22.565669920395113,15.795968944276579,False,0.6472588326504785,0.9999081282805595,0.13145286002864492,15.263827870738508
2026-02-21,80,10000,5603,22.565669920395113,18.05253593631609,False,0.7397243801719755,0.99996443990795,3.044639653303498,17.444374709415438
2026-02-21,90,10000,3063,22.565669920395113,20.3091029283556,False,0.8321899276934723,0.9997210651646685,7.764419934600858,19.624921548092367
2026-02-21,100,10000,125,22.565669920395113,22.565669920395113,False,0.9246554752149693,1.0,13.345629552977966,21.8054683867693
