date,fighter_red,fighter_blue,winner
2024-05-11,alex caceres,sean woodson,0.0
2024-05-11,derrick lewis,rodrigo nascimento,1.0
2024-05-11,jj aldrich,veronica hardy,0.0
2024-05-11,joaquin buckley,nursulton ruziboev,1.0
2024-05-18,abus magomedov,warlley alves,1.0
2024-05-18,adrian yanez,vinicius salvador,1.0
2024-05-18,edson barboza,lerone murphy,0.0
2024-05-18,khaos williams,carlston harris,1.0
2024-05-18,luana pinheiro,angela hill,0.0
2024-05-18,piera rodriguez,ariane carnelossi,0.0
2024-05-18,themba gorimbo,ramiz brahimaj,1.0
2024-05-18,vanessa demopoulos,emily ducote,1.0
2024-05-18,victor martinez,tom nolan,0.0
2024-06-01,ailin perez,joselyne edwards,1.0
2024-06-01,grant dawson,joe solecki,1.0
2024-06-01,islam makhachev,dustin poirier,1.0
2024-06-01,jailton almeida,alexandr romanov,1.0
2024-06-01,kevin holland,michal oleksiejczuk,1.0
2024-06-01,mickey gall,bassil hafez,0.0
2024-06-01,niko price,alex morono,1.0
2024-06-01,phil rowe,jake matthews,0.0
2024-06-01,randy brown,elizeu zaleski dos santos,1.0
2024-06-01,sean strickland,paulo costa,1.0
2024-06-08,andrea lee,montana de la rosa,0.0
2024-06-08,brad katona,jesse butler,1.0
2024-06-08,brunno ferreira,dustin stoltzfus,1.0
2024-06-08,charles radtke,carlos prates,0.0
2024-06-08,cody stamann,taylor lapilus,0.0
2024-06-08,dominick reyes,dustin jacoby,1.0
2024-06-08,eduarda moura,denise gomes,0.0
2024-06-08,jared cannonier,nassourdine imavov,0.0
2024-06-08,john castaneda,daniel marcos,0.0
2024-06-08,julian marquez,zachary reese,0.0
2024-06-08,miguel baeza,punahele soriano,0.0
2024-06-08,raul rosas jr,ricky turcios,1.0
2024-06-08,thiago moises,ludovit klein,0.0
2024-06-15,alex perez,tatsuro taira,0.0
2024-06-15,asu almabayev,jose johnson,1.0
2024-06-15,brady hiestand,garrett armfield,1.0
2024-06-15,douglas silva de andrade,miles johns,0.0
2024-06-15,jeka saragih,westin wilson,0.0
2024-06-15,jimmy flick,nate maness,0.0
2024-06-15,melquizael costa,shayilan nuerdanbieke,1.0
2024-06-22,johnny walker,volkan oezdemir,0.0
2024-06-22,kelvin gastelum,daniel rodriguez,1.0
2024-06-22,kyung ho kang,muin gafurov,0.0
2024-06-22,nasrat haqparast,jared gordon,1.0
2024-06-22,rinat fakhretdinov,nicolas dalby,1.0
2024-06-22,robert whittaker,ikram aliskerov,1.0
2024-06-22,sergei pavlovich,alexander volkov,0.0
2024-06-29,alex pereira,jiri prochazka,1.0
2024-06-29,andrei arlovski,martin buday,0.0
2024-06-29,anthony smith,roman dolidze,0.0
2024-06-29,charles jourdain,jean silva,0.0
2024-06-29,cub swanson,andre fili,0.0
2024-06-29,dan ige,diego lopes,0.0
2024-06-29,ian machado garry,michael page,1.0
2024-06-29,joe pyfer,marc andre barriault,1.0
2024-06-29,mayra bueno silva,macy chiasson,0.0
2024-06-29,michelle waterson gomez,gillian robertson,0.0
2024-06-29,payton talbott,yanis ghemmouri,1.0
2024-07-13,drew dober,jean silva,0.0
2024-07-13,evan elder,darrius flowers,1.0
2024-07-13,gabriel bonfim,ange loosa,1.0
2024-07-13,josh fremd,andre petroski,0.0
2024-07-13,joshua van,charles johnson,0.0
2024-07-13,julian erosa,christian rodriguez,1.0
2024-07-13,luana santos,mariya agapova,1.0
2024-07-13,montel jackson,damon blackshear,1.0
2024-07-13,rose namajunas,tracy cortez,1.0
2024-07-13,santiago ponzinibbio,muslim salikhov,0.0
2024-07-20,amanda lemos,virna jandiroba,0.0
2024-07-20,brian kelleher,cody gibson,0.0
2024-07-20,cody durden,bruno silva,0.0
2024-07-20,loik radzhabov,trey ogden,0.0
2024-07-20,luana carolina,lucie pudilova,1.0
2024-07-20,mohammed usman,thomas petersen,0.0
2024-07-20,steve garcia,seungwoo choi,1.0
2024-07-27,arnold allen,giga chikadze,1.0
2024-07-27,christian leroy duncan,gregory rodrigues,0.0
2024-07-27,jake hadley,caolan loughran,1.0
2024-07-27,leon edwards,belal muhammad,0.0
2024-07-27,mick parkin,lukasz brzeski,1.0
2024-07-27,modestas bukauskas,marcin prachnio,1.0
2024-07-27,molly mccann,bruna brasil,0.0
2024-07-27,muhammad mokaev,manel kape,1.0
2024-07-27,nathaniel wood,daniel pineda,1.0
2024-07-27,tom aspinall,curtis blaydes,1.0
2024-08-03,azamat murzakanov,alonzo menifield,1.0
2024-08-03,cory sandhagen,umar nurmagomedov,0.0
2024-08-03,jai herbert,rolando bedoya,1.0
2024-08-03,joel alvarez,elves brener,1.0
2024-08-03,mackenzie dern,loopy godinez,1.0
2024-08-03,marlon vera,deiveson figueiredo,0.0
2024-08-03,mohammad yahya,kaue fernandes,0.0
2024-08-03,sedriques dumas,denis tiuliulin,1.0
2024-08-03,shamil gaziev,dontale mayes,1.0
2024-08-03,tony ferguson,michael chiesa,0.0
2024-08-03,viktoriia dudakova,sam hughes,0.0
2024-08-10,damon jackson,chepe mariscal,0.0
2024-08-10,jhonata diniz,karl williams,1.0
2024-08-10,karol rosa,pannie kianzad,1.0
2024-08-10,yana santos,chelsea chandler,1.0
2024-08-10,youssef zalal,jarno errens,1.0
2024-08-17,casey oneill,luana santos,1.0
2024-08-17,dricus du plessis,israel adesanya,1.0
2024-08-17,jack jenkins,herbert burns,1.0
2024-08-17,josh culibao,ricardo ramos,0.0
2024-08-17,junior tafa,valter walker,0.0
2024-08-17,kai kara france,steve erceg,1.0
2024-08-17,li jingliang,carlos prates,0.0
2024-08-17,mateusz gamrot,dan hooker,0.0
2024-08-17,tai tuivasa,jairzinho rozenstruik,0.0
2024-08-17,tom nolan,alex reyes,1.0
2024-08-24,angela hill,tabatha ricci,0.0
2024-08-24,dennis buzukja,francis marshall,0.0
2024-08-24,edmen shahbazyan,gerald meerschaert,0.0
2024-08-24,jared cannonier,caio borralho,0.0
2024-08-24,neil magny,michael morales,0.0
2024-09-07,gilbert burns,sean brady,0.0
2024-09-07,isaac dulgarian,brendon marotte,1.0
2024-09-07,jaqueline amorim,vanessa demopoulos,1.0
2024-09-07,jessica andrade,natalia silva,0.0
2024-09-07,matt schnell,cody durden,0.0
2024-09-07,steve garcia,kyle nelson,1.0
2024-09-07,trevor peek,yanal ashmouz,0.0
2024-09-14,alexa grasso,valentina shevchenko,0.0
2024-09-14,brian ortega,diego lopes,0.0
2024-09-14,daniel zellhuber,esteban ribovics,0.0
2024-09-14,edgar chairez,joshua van,0.0
2024-09-14,irene aldana,norma dumont,0.0
2024-09-14,manuel torres,ignacio bahamondes,0.0
2024-09-14,raul rosas jr,aoriqileng,1.0
2024-09-14,ronaldo rodriguez,ode osbourne,1.0
2024-09-14,sean omalley,merab dvalishvili,0.0
2024-09-14,yazmin jauregui,ketlen souza,0.0
2024-09-28,daniel barez,victor altamirano,1.0
2024-09-28,fares ziam,matt frevola,1.0
2024-09-28,kevin jousset,bryan battle,0.0
2024-09-28,ludovit klein,roosevelt roberts,1.0
2024-09-28,morgan charriere,gabriel miranda,1.0
2024-09-28,nassourdine imavov,brendan allen,1.0
2024-09-28,nora cornolle,jacqueline cavalcanti,0.0
2024-09-28,renato moicano,benoit st denis,1.0
2024-09-28,taylor lapilus,vince morales,1.0
2024-09-28,william gomis,joanderson brito,1.0
2024-10-05,alex pereira,khalil rountree jr,1.0
2024-10-05,austin hubbard,alexander hernandez,0.0
2024-10-05,carla esparza,tecia pennington,0.0
2024-10-05,cesar almeida,ihor potieria,1.0
2024-10-05,court mcgee,tim means,1.0
2024-10-05,jose aldo,mario bautista,0.0
2024-10-05,ketlen vieira,kayla harrison,0.0
2024-10-05,marina rodriguez,iasmin lucindo,0.0
2024-10-05,raquel pennington,julianna pena,0.0
2024-10-05,roman dolidze,kevin holland,1.0
2024-10-05,ryan spann,ovince st preux,1.0
2024-10-05,stephen thompson,joaquin buckley,0.0
2024-10-12,brad tavares,junyong park,0.0
2024-10-12,brandon royval,tatsuro taira,1.0
2024-10-12,chidi njokuani,jared gooden,1.0
2024-10-12,daniel rodriguez,alex morono,1.0
2024-10-12,grant dawson,rafa garcia,1.0
2024-10-12,jonathan pearce,pat sabatini,0.0
2024-10-12,julia polastri,cory mckenna,1.0
2024-10-12,themba gorimbo,niko price,1.0
2024-10-19,anthony hernandez,michel pereira,1.0
2024-10-19,austen lane,robelis despaigne,1.0
2024-10-19,brad katona,jean matsumoto,0.0
2024-10-19,charles johnson,sumudaerji,1.0
2024-10-19,darren elkins,daniel pineda,1.0
2024-10-19,jessica penne,elise reed,0.0
2024-10-19,matheus nicolau,asu almabayev,0.0
2024-10-19,melissa martinez,alice ardelean,1.0
2024-10-19,rob font,kyler phillips,1.0
2024-10-26,abus magomedov,brunno ferreira,1.0
2024-10-26,geoff neal,rafael dos anjos,1.0
2024-10-26,ilia topuria,max holloway,1.0
2024-10-26,ismail naurdiev,bruno silva,1.0
2024-10-26,kennedy nzechukwu,chris barnett,1.0
2024-10-26,lerone murphy,dan ige,1.0
2024-10-26,mateusz rebecki,myktybek orolbai,1.0
2024-10-26,robert whittaker,khamzat chimaev,0.0
2024-10-26,shara magomedov,armen petrosyan,1.0
2024-11-02,aiemann zahabi,pedro munhoz,1.0
2024-11-02,alexandr romanov,rodrigo nascimento,1.0
2024-11-02,ariane da silva,jasmine jasudavicius,0.0
2024-11-02,brandon moreno,amir albazi,1.0
2024-11-02,chad anheliger,cody gibson,0.0
2024-11-02,charles jourdain,victor henry,1.0
2024-11-02,erin blanchfield,rose namajunas,1.0
2024-11-02,jack shore,youssef zalal,0.0
2024-11-02,marc andre barriault,dustin stoltzfus,0.0
2024-11-02,mike malott,trevin giles,1.0
2024-11-09,cody stamann,damon blackshear,0.0
2024-11-09,karolina kowalkiewicz,denise gomes,0.0
2024-11-09,luana pinheiro,gillian robertson,0.0
2024-11-09,matthew semelsberger,charles radtke,0.0
2024-11-09,neil magny,carlos prates,0.0
2024-11-09,tresean gore,antonio trocoli,1.0
2024-11-16,bassil hafez,oban elliott,0.0
2024-11-16,bo nickal,paul craig,1.0
2024-11-16,charles oliveira,michael chandler,1.0
2024-11-16,jim miller,damon jackson,1.0
2024-11-16,jon jones,stipe miocic,1.0
2024-11-16,jonathan martinez,marcus mcghee,0.0
2024-11-16,marcin tybura,jhonata diniz,1.0
2024-11-16,mauricio ruffy,james llontop,1.0
2024-11-16,mickey gall,ramiz brahimaj,0.0
2024-11-16,veronica hardy,eduarda moura,0.0
2024-11-16,viviane araujo,karine silva,1.0
2024-11-23,petr yan,deiveson figueiredo,1.0
2024-11-23,volkan oezdemir,carlos ulberg,0.0
2024-11-23,wang cong,gabriella fernandes,0.0
2024-12-07,bryce mitchell,kron gracie,1.0
2024-12-07,chris weidman,eryk anders,0.0
2024-12-07,ciryl gane,alexander volkov,1.0
2024-12-07,clay guida,chase hooper,0.0
2024-12-07,cody durden,joshua van,0.0
2024-12-07,dominick reyes,anthony smith,1.0
2024-12-07,kennedy nzechukwu,lukasz brzeski,1.0
2024-12-07,michael chiesa,max griffin,1.0
2024-12-07,movsar evloev,aljamain sterling,1.0
2024-12-07,nate landwehr,dooho choi,0.0
2024-12-07,randy brown,bryan battle,0.0
2024-12-07,shavkat rakhmonov,ian machado garry,1.0
2024-12-07,vicente luque,themba gorimbo,1.0
2024-12-14,adrian yanez,daniel marcos,0.0
2024-12-14,colby covington,joaquin buckley,0.0
2024-12-14,cub swanson,billy quarantillo,1.0
2024-12-14,joel alvarez,drakkar klose,1.0
2024-12-14,manel kape,bruno silva,1.0
2024-12-14,michael johnson,ottman azaitar,1.0
2024-12-14,miles johns,felipe lima,0.0
2024-12-14,miranda maverick,jamey lyn horth,1.0
2024-12-14,sean woodson,fernando padilla,1.0
2024-12-14,vitor petrino,dustin jacoby,0.0
2025-01-11,cesar almeida,abdul razak alhassan,1.0
2025-01-11,chris curtis,roman kopylov,0.0
2025-01-11,fatima kline,viktoriia dudakova,1.0
2025-01-11,jose johnson,felipe bunes,0.0
2025-01-11,mackenzie dern,amanda ribas,1.0
2025-01-11,nurullo aliev,joe solecki,1.0
2025-01-11,punahele soriano,uros medic,1.0
2025-01-11,santiago ponzinibbio,carlston harris,1.0
2025-01-11,thiago moises,trey ogden,1.0
2025-01-18,grant dawson,diego ferreira,1.0
2025-01-18,islam makhachev,renato moicano,1.0
2025-01-18,jailton almeida,serghei spivac,1.0
2025-01-18,jiri prochazka,jamahal hill,1.0
2025-01-18,karol rosa,ailin perez,0.0
2025-01-18,kevin holland,reinier de ridder,0.0
2025-01-18,merab dvalishvili,umar nurmagomedov,1.0
2025-01-18,payton talbott,raoni barcelos,0.0
2025-01-18,rinya nakamura,muin gafurov,0.0
2025-01-18,tagir ulanbekov,clayton carpenter,1.0
2025-02-01,fares ziam,mike davis,1.0
2025-02-01,hamdy abdelwahab,jamal pogues,1.0
2025-02-01,israel adesanya,nassourdine imavov,0.0
2025-02-01,jasmine jasudavicius,mayra bueno silva,1.0
2025-02-01,said nurmagomedov,vinicius oliveira,0.0
2025-02-01,sergei pavlovich,jairzinho rozenstruik,1.0
2025-02-01,shamil gaziev,thomas petersen,1.0
2025-02-01,shara magomedov,michael page,0.0
2025-02-01,terrance mckinney,damir hadzovic,1.0
2025-02-08,dricus du plessis,sean strickland,1.0
2025-02-08,jack jenkins,gabriel santos,0.0
2025-02-08,jake matthews,francisco prado,1.0
2025-02-08,tom nolan,viacheslav borshchev,1.0
2025-02-08,zhang weili,tatiana suarez,1.0
2025-02-15,angela hill,ketlen souza,1.0
2025-02-15,calvin kattar,youssef zalal,0.0
2025-02-15,dontale mayes,valter walker,0.0
2025-02-15,edmen shahbazyan,dylan budka,1.0
2025-02-15,gabriel bonfim,khaos williams,1.0
2025-02-15,ismael bonfim,nazim sadykhov,0.0
2025-02-15,jared cannonier,gregory rodrigues,1.0
2025-02-15,julia avila,jacqueline cavalcanti,0.0
2025-02-15,rafael estevam,jesus aguilar,1.0
2025-02-15,rodolfo vieira,andre petroski,0.0
2025-02-22,andre fili,melquizael costa,0.0
2025-02-22,brendan allen,anthony hernandez,0.0
2025-02-22,henry cejudo,song yadong,0.0
2025-02-22,ion cutelaba,ibo aslan,1.0
2025-02-22,jean silva,melsik baghdasaryan,1.0
2025-02-22,modestas bukauskas,rafael cerqueira,1.0
2025-02-22,ricky simon,javid basharat,1.0
2025-02-22,rob font,jean matsumoto,1.0
2025-03-01,andrea lee,jj aldrich,0.0
2025-03-01,cody brundage,julian marquez,1.0
2025-03-01,danny barlow,sam patterson,0.0
2025-03-01,danny silva,lucas almeida,1.0
2025-03-01,hyder amil,william gomis,1.0
2025-03-01,nasrat haqparast,esteban ribovics,1.0
2025-03-01,ricardo ramos,chepe mariscal,0.0
2025-03-08,alex morono,carlos leal,0.0
2025-03-08,alex pereira,magomed ankalaev,0.0
2025-03-08,amanda lemos,iasmin lucindo,1.0
2025-03-08,brunno ferreira,armen petrosyan,1.0
2025-03-08,jalin turner,ignacio bahamondes,0.0
2025-03-08,joshua van,rei tsuruya,1.0
2025-03-08,justin gaethje,rafael fiziev,1.0
2025-03-08,king green,mauricio ruffy,0.0
2025-03-15,alexander hernandez,kurt holobaugh,1.0
2025-03-15,chidi njokuani,elizeu zaleski dos santos,1.0
2025-03-15,damon blackshear,cody gibson,1.0
2025-03-15,daniel barez,andre lima,0.0
2025-03-15,josiane nunes,priscila cachoeira,0.0
2025-03-15,marvin vettori,roman dolidze,0.0
2025-03-15,stephanie luciano,sam hughes,0.0
2025-03-15,waldo cortes acosta,ryan spann,1.0
2025-03-22,gunnar nelson,kevin holland,0.0
2025-03-22,jai herbert,chris padilla,0.0
2025-03-22,jan blachowicz,carlos ulberg,0.0
2025-03-22,jordan vucenic,chris duncan,0.0
2025-03-22,leon edwards,sean brady,0.0
2025-03-22,marcin tybura,mick parkin,1.0
2025-03-22,nathaniel wood,morgan charriere,1.0
2025-03-22,shauna bannon,puja tomar,1.0
2025-03-29,brandon moreno,steve erceg,1.0
2025-03-29,christian rodriguez,melquizael costa,0.0
2025-03-29,edgar chairez,cj vergara,1.0
2025-03-29,jamall emmers,gabriel miranda,1.0
2025-03-29,loopy godinez,julia polastri,1.0
2025-03-29,manuel torres,drew dober,1.0
2025-03-29,marquel mederos,austin hubbard,1.0
2025-03-29,rafa garcia,vinc pichel,1.0
2025-03-29,raul rosas jr,vince morales,1.0
2025-03-29,ronaldo rodriguez,kevin borjas,0.0
2025-04-05,brad tavares,gerald meerschaert,1.0
2025-04-05,diana belbita,dione barbosa,0.0
2025-04-05,josh emmett,lerone murphy,0.0
2025-04-05,loma lookboonmee,istela nunes,1.0
2025-04-05,pat sabatini,joanderson brito,1.0
2025-04-12,alexander volkanovski,diego lopes,1.0
2025-04-12,bryce mitchell,jean silva,0.0
2025-04-12,dan ige,sean woodson,1.0
2025-04-12,darren elkins,julian erosa,0.0
2025-04-12,jim miller,chase hooper,0.0
2025-04-12,michael chandler,paddy pimblett,0.0
2025-04-12,nikita krylov,dominick reyes,0.0
2025-04-12,sedriques dumas,michal oleksiejczuk,0.0
2025-04-12,sumudaerji,mitch raposo,1.0
2025-04-12,tresean gore,marco tulio,0.0
2025-04-12,yan xiaonan,virna jandiroba,0.0
2025-04-26,chelsea chandler,joselyne edwards,0.0
2025-04-26,chris gutierrez,john castaneda,1.0
2025-04-26,damon blackshear,alatengheili,1.0
2025-04-26,giga chikadze,david onama,0.0
2025-04-26,ian machado garry,carlos prates,1.0
2025-04-26,ikram aliskerov,andre muniz,1.0
2025-04-26,jaqueline amorim,polyana viana,1.0
2025-04-26,matt schnell,jimmy flick,1.0
2025-04-26,michel pereira,abus magomedov,0.0
2025-04-26,randy brown,nicolas dalby,1.0
2025-05-03,cameron smotherman,serhiy sidey,0.0
2025-05-03,cory sandhagen,deiveson figueiredo,1.0
2025-05-03,gaston bolanos,quang le,0.0
2025-05-03,jeremy stephens,mason jones,0.0
2025-05-03,juliana miller,ivana petrovic,1.0
2025-05-03,marina rodriguez,gillian robertson,0.0
2025-05-03,montel jackson,daniel marcos,1.0
2025-05-03,reinier de ridder,bo nickal,1.0
2025-05-03,santiago ponzinibbio,daniel rodriguez,0.0
2025-05-03,thomas petersen,dontale mayes,1.0
2025-05-03,yana santos,miesha tate,1.0
2025-05-10,alexa grasso,natalia silva,0.0
2025-05-10,belal muhammad,jack della maddalena,0.0
2025-05-10,benoit st denis,kyle prepolec,1.0
2025-05-10,brad katona,bekzat almakhan,0.0
2025-05-10,daniel santos,jeongyeong lee,1.0
2025-05-10,jessica andrade,jasmine jasudavicius,0.0
2025-05-10,jose aldo,aiemann zahabi,0.0
2025-05-10,marc andre barriault,bruno silva,1.0
2025-05-10,mike malott,charles radtke,1.0
2025-05-10,modestas bukauskas,ion cutelaba,1.0
2025-05-10,navajo stirling,ivan erslan,1.0
2025-05-10,valentina shevchenko,manon fiorot,1.0
2025-05-17,dustin stoltzfus,nursulton ruziboev,0.0
2025-05-17,elise reed,denise gomes,0.0
2025-05-17,gilbert burns,michael morales,0.0
2025-05-17,jared gordon,thiago moises,1.0
2025-05-17,julian erosa,melquizael costa,0.0
2025-05-17,luana santos,tainara lisboa,1.0
2025-05-17,sodiq yusuff,mairon santos,0.0
2025-05-17,tecia pennington,luana pinheiro,1.0
2025-05-31,billy ray goff,ramiz brahimaj,0.0
2025-05-31,dustin jacoby,bruno lopes,1.0
2025-05-31,jafel filho,allan nascimento,0.0
2025-05-31,ketlen vieira,macy chiasson,1.0
2025-05-31,kurt holobaugh,jordan leavitt,0.0
2025-05-31,mateusz gamrot,ludovit klein,1.0
2025-06-07,ariane da silva,wang cong,0.0
2025-06-07,bruno silva,joshua van,0.0
2025-06-07,julianna pena,kayla harrison,0.0
2025-06-07,kelvin gastelum,joe pyfer,0.0
2025-06-07,merab dvalishvili,sean omalley,1.0
2025-06-07,quillan salkilld,yanal ashmouz,1.0
2025-06-07,serghei spivac,waldo cortes acosta,0.0
2025-06-07,vicente luque,kevin holland,0.0
2025-06-14,alonzo menifield,oumar sy,1.0
2025-06-14,cody garbrandt,raoni barcelos,0.0
2025-06-14,edmen shahbazyan,andre petroski,1.0
2025-06-14,jamey lyn horth,vanessa demopoulos,1.0
2025-06-14,kamaru usman,joaquin buckley,1.0
2025-06-14,malcolm wellmaker,kris moutinho,1.0
2025-06-14,michael chiesa,court mcgee,1.0
2025-06-14,phil rowe,ange loosa,1.0
2025-06-14,ricky simon,cameron smotherman,1.0
2025-06-14,rose namajunas,miranda maverick,1.0
2025-06-21,daria zhelezniakova,melissa mullins,1.0
2025-06-21,hamdy abdelwahab,mohammed usman,0.0
2025-06-21,irina alekseeva,klaudia sygula,0.0
2025-06-21,ismail naurdiev,junyong park,0.0
2025-06-21,muhammad naimov,bogdan grad,1.0
2025-06-21,nazim sadykhov,nikolas motta,1.0
2025-06-21,rafael fiziev,ignacio bahamondes,1.0
2025-06-21,tagir ulanbekov,azat maksum,1.0
2025-06-28,alexandre pantoja,kai kara france,1.0
2025-06-28,beneil dariush,renato moicano,1.0
2025-06-28,brandon royval,joshua van,0.0
2025-06-28,hyder amil,jose delgado,0.0
2025-06-28,ilia topuria,charles oliveira,1.0
2025-06-28,jack hermansson,gregory rodrigues,0.0
2025-06-28,niko price,jacobe smith,0.0
2025-06-28,payton talbott,felipe lima,1.0
2025-06-28,terrance mckinney,viacheslav borshchev,1.0
2025-06-28,viviane araujo,tracy cortez,0.0
2025-07-12,calvin kattar,steve garcia,0.0
2025-07-12,derrick lewis,tallison teixeira,1.0
2025-07-12,fatima kline,melissa martinez,1.0
2025-07-12,jake matthews,chidi njokuani,1.0
2025-07-12,kennedy nzechukwu,valter walker,0.0
2025-07-12,lauren murphy,eduarda moura,0.0
2025-07-12,max griffin,chris curtis,0.0
2025-07-12,mitch ramirez,mike davis,0.0
2025-07-12,nate landwehr,morgan charriere,0.0
2025-07-12,stephen thompson,gabriel bonfim,0.0
2025-07-12,vitor petrino,austen lane,1.0
2025-07-19,marvin vettori,brendan allen,0.0
2025-07-19,max holloway,dustin poirier,1.0
2025-07-26,amanda ribas,tabatha ricci,0.0
2025-07-26,asu almabayev,jose ochoa,1.0
2025-07-26,bryce mitchell,said nurmagomedov,1.0
2025-07-26,davey grant,damon blackshear,1.0
2025-07-26,ibo aslan,billy elekana,0.0
2025-07-26,mohammad yahya,steven nguyen,0.0
2025-07-26,muslim salikhov,carlos leal,1.0
2025-07-26,nikita krylov,bogdan guskov,0.0
2025-07-26,petr yan,marcus mcghee,1.0
2025-07-26,robert whittaker,reinier de ridder,0.0
2025-08-02,danny silva,kevin vallejos,0.0
2025-08-02,elves brener,esteban ribovics,0.0
2025-08-02,karol rosa,nora cornolle,1.0
2025-08-02,mateusz rebecki,chris duncan,0.0
2025-08-02,neil magny,elizeu zaleski dos santos,1.0
2025-08-02,nick klein,andrey pulyaev,0.0
2025-08-02,piera rodriguez,ketlen souza,1.0
2025-08-02,rafael estevam,felipe bunes,1.0
2025-08-02,rinya nakamura,nathan fletcher,1.0
2025-08-02,rodolfo vieira,tresean gore,1.0
2025-08-02,tatsuro taira,hyunsung park,1.0
2025-08-09,andre fili,christian rodriguez,1.0
2025-08-09,cody brundage,eric mcconico,0.0
2025-08-09,elijah smith,toshiomi kazama,1.0
2025-08-09,eryk anders,christian leroy duncan,0.0
2025-08-09,gabriella fernandes,julija stoliarenko,1.0
2025-08-09,iasmin lucindo,angela hill,1.0
2025-08-09,joselyne edwards,priscila cachoeira,1.0
2025-08-09,julius walker,rafael cerqueira,1.0
2025-08-09,miles johns,jean matsumoto,0.0
2025-08-09,steve erceg,ode osbourne,1.0
2025-08-09,uros medic,gilbert urbina,1.0
2025-08-16,chase hooper,alexander hernandez,0.0
2025-08-16,dricus du plessis,khamzat chimaev,0.0
2025-08-16,edson barboza,drakkar klose,0.0
2025-08-16,geoff neal,carlos prates,0.0
2025-08-16,gerald meerschaert,michal oleksiejczuk,0.0
2025-08-16,jared cannonier,michael page,0.0
2025-08-16,jessica andrade,loopy godinez,0.0
2025-08-16,karine silva,dione barbosa,1.0
2025-08-16,tim elliott,kai asakura,1.0
2025-08-23,charles johnson,loneer kavanagh,1.0
2025-08-23,johnny walker,zhang mingyang,1.0
2025-08-23,maheshate,gauge young,0.0
2025-08-23,michel pereira,kyle daukaus,0.0
2025-08-23,rongzhu,austin hubbard,1.0
2025-08-23,sergei pavlovich,waldo cortes acosta,1.0
2025-08-23,sumudaerji,kevin borjas,1.0
2025-08-23,uran satybaldiev,diyar nurgozhay,1.0
2025-08-23,yizha,westin wilson,1.0
2025-09-06,andreas gustafsson,rinat fakhretdinov,0.0
2025-09-06,benoit st denis,mauricio ruffy,1.0
2025-09-06,bolaji oki,mason jones,0.0
2025-09-06,modestas bukauskas,paul craig,1.0
2025-09-06,nassourdine imavov,caio borralho,1.0
2025-09-06,oumar sy,brendson ribeiro,1.0
2025-09-06,sam patterson,trey waters,1.0
2025-09-06,shauna bannon,sam hughes,0.0
2025-09-13,alexander hernandez,diego ferreira,1.0
2025-09-13,claudio puelles,joaquim silva,0.0
2025-09-13,diego lopes,jean silva,1.0
2025-09-13,jesus aguilar,luis gurule,1.0
2025-09-13,jose daniel medina,dusko todorovic,0.0
2025-09-13,kelvin gastelum,dustin stoltzfus,1.0
2025-09-13,rafa garcia,jared gordon,1.0
2025-09-13,rob font,david martinez,0.0
2025-09-13,tatiana suarez,amanda lemos,1.0
2025-09-27,carlos ulberg,dominick reyes,1.0
2025-09-27,jack jenkins,ramon taveras,1.0
2025-09-27,jake matthews,neil magny,0.0
2025-09-27,jamie mullarkey,rolando bedoya,1.0
2025-09-27,jimmy crute,ivan erslan,1.0
2025-09-27,loma lookboonmee,alexia thainara,0.0
2025-09-27,navajo stirling,rodolfo bellato,1.0
2025-09-27,tom nolan,charlie campbell,1.0
2025-10-04,chris gutierrez,farid basharat,0.0
2025-10-04,daniel santos,joosang yoo,1.0
2025-10-04,edmen shahbazyan,andre muniz,1.0
2025-10-04,jiri prochazka,khalil rountree jr,1.0
2025-10-04,josh emmett,youssef zalal,0.0
2025-10-04,macy chiasson,yana santos,0.0
2025-10-04,magomed ankalaev,alex pereira,0.0
2025-10-04,merab dvalishvili,cory sandhagen,1.0
2025-10-04,punahele soriano,nikolay veretennikov,1.0
2025-10-11,charles oliveira,mateusz gamrot,1.0
2025-10-11,deiveson figueiredo,montel jackson,1.0
2025-10-11,jafel filho,clayton carpenter,1.0
2025-10-11,jhonata diniz,mario pinto,0.0
2025-10-11,julia polastri,karolina kowalkiewicz,1.0
2025-10-11,luan lacerda,saimon oliveira,1.0
2025-10-11,lucas almeida,michael aswell jr,0.0
2025-10-11,lucas rocha,stewart nicoll,1.0
2025-10-11,ricardo ramos,kaan ofli,0.0
2025-10-11,vicente luque,joel alvarez,0.0
2025-10-11,vitor petrino,thomas petersen,1.0
2025-10-18,bruno silva,hyunsung park,1.0
2025-10-18,charles jourdain,davey grant,1.0
2025-10-18,cody gibson,aoriqileng,0.0
2025-10-18,kevin holland,mike malott,0.0
2025-10-18,kyle nelson,matt frevola,1.0
2025-10-18,kyle prepolec,drew dober,0.0
2025-10-18,manon fiorot,jasmine jasudavicius,1.0
2025-10-18,marlon vera,aiemann zahabi,0.0
2025-10-18,reinier de ridder,brendan allen,0.0
2025-10-18,stephanie luciano,ravena oliveira,1.0
2025-10-25,aleksandar rakic,azamat murzakanov,0.0
2025-10-25,alexander volkov,jailton almeida,1.0
2025-10-25,azat maksum,mitch raposo,0.0
2025-10-25,hamdy abdelwahab,chris barnett,1.0
2025-10-25,ikram aliskerov,junyong park,1.0
2025-10-25,jaqueline amorim,mizuki,0.0
2025-10-25,ludovit klein,mateusz rebecki,1.0
2025-10-25,nasrat haqparast,quillan salkilld,0.0
2025-10-25,nathaniel wood,jose delgado,1.0
2025-10-25,umar nurmagomedov,mario bautista,1.0
2025-10-25,virna jandiroba,mackenzie dern,0.0
2025-11-01,alice ardelean,montserrat conejo ruiz,1.0
2025-11-01,allan nascimento,cody durden,1.0
2025-11-01,charles radtke,daniel frunza,1.0
2025-11-01,isaac dulgarian,yadier del valle,0.0
2025-11-01,jeremiah wells,themba gorimbo,1.0
2025-11-01,ketlen vieira,norma dumont,0.0
2025-11-01,phil rowe,seokhyeon ko,0.0
2025-11-01,steve garcia,david onama,1.0
2025-11-01,talita alencar,ariane carnelossi,1.0
2025-11-01,timmy cuamba,changho lee,1.0
2025-11-01,waldo cortes acosta,ante delija,1.0
2025-11-08,chris padilla,ismael bonfim,1.0
2025-11-08,christian leroy duncan,marco tulio,1.0
2025-11-08,gabriel bonfim,randy brown,1.0
2025-11-08,hyder amil,jamall emmers,0.0
2025-11-08,matt schnell,joseph morales,0.0
2025-11-08,mayra bueno silva,jacqueline cavalcanti,0.0
2025-11-08,miles johns,daniel marcos,0.0
2025-11-08,muslim salikhov,uros medic,0.0
2025-11-08,ricky simon,raoni barcelos,0.0
2025-11-08,tecia pennington,denise gomes,0.0
2025-11-15,angela hill,fatima kline,0.0
2025-11-15,beneil dariush,benoit st denis,0.0
2025-11-15,bo nickal,rodolfo vieira,1.0
2025-11-15,erin blanchfield,tracy cortez,1.0
2025-11-15,jack della maddalena,islam makhachev,0.0
2025-11-15,kyle daukaus,gerald meerschaert,1.0
2025-11-15,leon edwards,carlos prates,0.0
2025-11-15,roman kopylov,gregory rodrigues,0.0
2025-11-15,sean brady,michael morales,0.0
2025-11-15,valentina shevchenko,zhang weili,1.0
2025-11-22,alex perez,asu almabayev,0.0
2025-11-22,arman tsarukyan,dan hooker,1.0
2025-11-22,belal muhammad,ian machado garry,0.0
2025-11-22,ismail naurdiev,ryan loder,1.0
2025-11-22,jack hermansson,myktybek orolbai,0.0
2025-11-22,tagir ulanbekov,kyoji horiguchi,0.0
2025-11-22,volkan oezdemir,alonzo menifield,1.0
2025-11-22,waldo cortes acosta,shamil gaziev,1.0
2025-12-06,alexandre pantoja,joshua van,0.0
2025-12-06,brandon moreno,tatsuro taira,0.0
2025-12-06,edson barboza,jalin turner,0.0
2025-12-06,grant dawson,manuel torres,0.0
2025-12-06,henry cejudo,payton talbott,0.0
2025-12-06,mansur abdul malik,antonio trocoli,1.0
2025-12-06,marvin vettori,brunno ferreira,0.0
2025-12-06,maycee barber,karine silva,1.0
2025-12-06,merab dvalishvili,petr yan,0.0
2025-12-06,muhammad naimov,mairon santos,0.0
2025-12-06,nazim sadykhov,fares ziam,0.0
2025-12-06,terrance mckinney,chris duncan,0.0
2025-12-13,brandon royval,manel kape,0.0
2025-12-13,giga chikadze,kevin vallejos,0.0
2025-12-13,jamey lyn horth,tereza bleda,1.0
2025-12-13,melissa croden,luana santos,0.0
2025-12-13,melquizael costa,morgan charriere,1.0
2026-01-24,arnold allen,jean silva,0.0
2026-01-24,ateba gautier,andrey pulyaev,1.0
2026-01-24,justin gaethje,paddy pimblett,1.0
2026-01-24,natalia silva,rose namajunas,1.0
2026-01-24,nikita krylov,modestas bukauskas,1.0
2026-01-24,umar nurmagomedov,deiveson figueiredo,1.0
2026-01-24,waldo cortes acosta,derrick lewis,1.0
2026-01-31,alexander volkanovski,diego lopes,1.0
2026-01-31,cam rowston,cody brundage,1.0
2026-01-31,dan hooker,benoit st denis,0.0
2026-01-31,jacob malkoun,torrez finney,1.0
2026-01-31,jonathan micallef,oban elliott,1.0
2026-01-31,junior tafa,billy elekana,0.0
2026-01-31,kaan ofli,yizha,1.0
2026-01-31,quillan salkilld,jamie mullarkey,1.0
2026-01-31,rafael fiziev,mauricio ruffy,0.0
2026-01-31,tai tuivasa,tallison teixeira,0.0
2026-02-07,amir albazi,kyoji horiguchi,0.0
2026-02-07,bruna brasil,ketlen souza,0.0
2026-02-07,dustin jacoby,julius walker,1.0
2026-02-07,jailton almeida,rizvan kuniev,0.0
2026-02-07,jean matsumoto,farid basharat,0.0
2026-02-07,klaudia sygula,priscila cachoeira,1.0
2026-02-07,mario bautista,vinicius oliveira,1.0
2026-02-07,muin gafurov,jakub wiklacz,0.0
2026-02-07,nikolay veretennikov,niko price,1.0
2026-02-07,wang cong,eduarda moura,1.0
2026-02-21,alden coria,luis gurule,1.0
2026-02-21,chidi njokuani,carlos leal,0.0
2026-02-21,dan ige,melquizael costa,0.0
2026-02-21,geoff neal,uros medic,0.0
2026-02-21,jordan leavitt,yadier del valle,1.0
2026-02-21,juliana miller,carli judice,0.0
2026-02-21,nora cornolle,joselyne edwards,0.0
2026-02-21,ode osbourne,alibi idiris,0.0
2026-02-21,ramiz brahimaj,punahele soriano,0.0
2026-02-21,sean strickland,anthony hernandez,1.0
2026-02-21,serghei spivac,ante delija,1.0
