,choice_fighter_name,parlay_fstar_sum,parlay_net_odds,choice_fstar,choice_ev,choice_real_odds,date,winner,pred_winner,choice_proba,parlay_prob,parlay_ev,parlay_avg_edge
0,bill algeo,0.0,0.0,0.0,-0.1238916857813594,1.3125,2024-03-30,0.0,1,0.6675110965475357,0.6675110965475357,-0.12389168578135934,-0.09439366535722615
0,norma dumont,0.20317624166447956,1.52,0.07724033327206509,0.15985113137385176,1.8,2024-04-06,1.0,1,0.6443617396521398,0.508965359056233,0.2825927048217072,0.08219783574048695
4,brendan allen,0.20317624166447956,1.52,0.12593590839241448,0.10582528233814548,1.4,2024-04-06,1.0,1,0.7898752016701039,0.508965359056233,0.2825927048217072,0.08219783574048695
0,arman tsarukyan,0.17698142345931955,1.3360881542699725,0.09558445891921731,0.04738529908793221,1.4545454545454546,2024-04-13,0.0,0,0.7200773931229534,0.46392222465557703,0.08376321352046645,0.027101527127294578
1,jessica andrade,0.17698142345931955,1.3360881542699725,0.08139696454010226,0.034732122423536294,1.606060606060606,2024-04-13,1.0,1,0.6442671705655981,0.46392222465557703,0.08376321352046645,0.027101527127294578
4,maheshate,0.19521892777254246,-1.0,0.10400181064927458,0.03390183930662377,1.3773584905660377,2024-04-27,0.0,0,0.7506410614143981,0.47459347539789526,0.02721984028169766,0.010250456396111607
2,jonathan pearce,0.19521892777254246,-1.0,0.09121711712326788,-0.006462894997272928,1.5714285714285714,2024-04-27,0.0,1,0.6322508850017354,0.47459347539789526,0.02721984028169766,0.010250456396111607
10,jonathan martinez,0.22268766622712438,-1.0,0.08494666832655912,0.05600788397128981,1.5555555555555556,2024-05-04,1.0,0,0.6788622111244006,0.5722016545777333,0.09471018972853695,0.032902152968115994
6,iasmin lucindo,0.22268766622712438,-1.0,0.13774099790056527,0.03664963713310623,1.2298850574712643,2024-05-04,0.0,0,0.842883349818507,0.5722016545777333,0.09471018972853695,0.032902152968115994
10,chase hooper,0.1682128637393469,2.1022727272727266,0.07678351231375762,0.1741796612041806,1.9090909090909087,2024-05-11,1.0,1,0.61504648920219,0.4331468747618177,0.3437397364770023,0.09005148777808558
7,tabatha ricci,0.1682128637393469,2.1022727272727266,0.0914293514255893,0.1444072665156959,1.625,2024-05-11,1.0,1,0.7042506255481206,0.4331468747618177,0.3437397364770023,0.09005148777808558
1,luana pinheiro,0.16392619360450528,-1.0,0.07238500090066011,0.2786044481766965,2.1,2024-05-18,0.0,1,0.6088592610365221,0.38912876770198424,0.38073621367359256,0.0899716207645947
4,themba gorimbo,0.16392619360450528,-1.0,0.09154119270384516,0.07987753025772515,1.6896551724137931,2024-05-18,1.0,1,0.639111191377021,0.38912876770198424,0.38073621367359256,0.0899716207645947
9,randy brown,0.25152394557502544,0.8153846153846152,0.09361496171276038,0.10104071789258817,1.5128205128205128,2024-06-01,1.0,1,0.7278065762340837,0.6425868070550702,0.16654220357689664,0.0581825305236931
4,islam makhachev,0.25152394557502544,0.8153846153846152,0.1579089838622651,0.059490520759013815,1.2,2024-06-01,1.0,1,0.8829087672991782,0.6425868070550702,0.16654220357689664,0.0581825305236931
9,nassourdine imavov,0.19435226227110186,1.3221153846153846,0.07366242716027188,0.10491073648140609,1.7692307692307692,2024-06-08,0.0,0,0.6245147640981861,0.5089491388791737,0.18183862537808126,0.05617197146350583
7,raul rosas jr,0.19435226227110186,1.3221153846153846,0.12068983511082998,0.06962362329979016,1.3125,2024-06-08,1.0,1,0.8149513320379353,0.5089491388791737,0.18183862537808126,0.05617197146350583
6,melquizael costa,0.20222473391858453,0.9560805454257175,0.10014876732777703,0.054441554167066086,1.4201680672268908,2024-06-15,1.0,1,0.7424765973129045,0.5460657240246924,0.06814853928850972,0.02388621086836229
1,tatsuro taira,0.20222473391858453,0.9560805454257175,0.10207596659080749,0.012999283902720482,1.3773584905660377,2024-06-15,0.0,0,0.7354652335184135,0.5460657240246924,0.06814853928850972,0.02388621086836229
2,kelvin gastelum,0.17447251121457394,-1.0,0.09873155565048726,0.08260289228251694,1.4545454545454546,2024-06-22,1.0,1,0.7442894884442304,0.4691943040152799,0.15312957475855615,0.04767248759549908
5,johnny walker,0.17447251121457394,-1.0,0.07574095556408668,0.06514547760660766,1.6896551724137931,2024-06-22,0.0,1,0.6303922214406453,0.4691943040152799,0.15312957475855615,0.04767248759549908
11,joe pyfer,0.21652408000391563,0.8837209302325579,0.12333802112342929,0.03975189021251119,1.2857142857142856,2024-06-29,1.0,1,0.808695914609731,0.5707693070418198,0.07517009000900932,0.027084114291242023
10,ian machado garry,0.21652408000391563,0.8837209302325579,0.09318605888048634,0.034064087913568575,1.4651162790697674,2024-06-29,1.0,1,0.7057897742902135,0.5707693070418198,0.07517009000900932,0.027084114291242023
2,josh fremd,0.1540801338838041,-1.0,0.06672710483526942,0.08216038755322663,1.8928571428571428,2024-07-13,0.0,1,0.5717073745564216,0.3816304689746803,0.10256772709414186,0.027880352145925436
0,santiago ponzinibbio,0.1540801338838041,-1.0,0.08735302904853467,0.01885796206887269,1.526315789473684,2024-07-13,0.0,1,0.6675276303209856,0.3816304689746803,0.10256772709414186,0.027880352145925436
3,cody durden,0.17002340436227786,-1.0,0.06330838107359635,0.20864525734287032,2.1,2024-07-20,0.0,1,0.575545360639462,0.4320253307493614,0.31047683660639613,0.07884182491481456
5,jeongyeong lee,0.17002340436227786,-1.0,0.1067150232886815,0.08425266110537355,1.4444444444444444,2024-07-20,0.0,1,0.7506364576883355,0.4320253307493614,0.31047683660639613,0.07884182491481456
10,muhammad mokaev,0.18580707716989814,-1.0,0.11173500120318361,0.1334942575820829,1.4545454545454546,2024-07-27,1.0,1,0.779277302087682,0.4739147763025611,0.188845499446741,0.060045942682988296
0,christian leroy duncan,0.18580707716989814,-1.0,0.07407207596671452,0.048832397248073256,1.7246376811594204,2024-07-27,0.0,1,0.6081465160514038,0.4739147763025611,0.188845499446741,0.060045942682988296
3,viktoriia dudakova,0.13501199874690867,0.0,0.09325796329425973,0.007383699919577491,1.434782608695652,2024-08-03,0.0,1,0.7021159120651601,0.5508056660986428,-0.009641105589286991,-0.004169830054739865
2,umar nurmagomedov,0.13501199874690867,0.0,0.04175403545264894,-0.016900020826447315,1.2531645569620251,2024-08-03,0.0,0,0.7844939227748553,0.5508056660986428,-0.009641105589286991,-0.004169830054739865
0,yana santos,0.19569914105795433,-1.0,0.07948155461049929,0.015820963040062808,1.6369426751592355,2024-08-10,1.0,1,0.620559887927198,0.41241016678688497,0.004404875674692388,0.001055671829860938
2,karl williams,0.19569914105795433,-1.0,0.11621758644745504,-0.011238286844568901,1.4878048780487805,2024-08-10,1.0,0,0.6645775449077488,0.41241016678688497,0.004404875674692388,0.001055671829860938
5,dricus du plessis,0.21929712222314718,-1.0,0.07506936294256432,0.16143947400048198,1.8333333333333333,2024-08-17,1.0,1,0.6335124403638993,0.5436321047563765,0.21813860510225114,0.06399994000859255
3,mateusz gamrot,0.21929712222314718,-1.0,0.14422775928058285,0.0488179817984605,1.2222222222222223,2024-08-17,0.0,1,0.8581238032896494,0.5436321047563765,0.21813860510225114,0.06399994000859255
6,tabatha ricci,0.20361820419279975,0.9553571428571432,0.08632095355357208,0.03773934888357222,1.5208333333333337,2024-08-24,0.0,0,0.682349160909746,0.5387171684345182,0.05338446327820989,0.018270404505582816
4,caio borralho,0.20361820419279975,0.9553571428571432,0.11729725063922765,0.015076150298694052,1.2857142857142856,2024-08-24,0.0,0,0.7895036724545399,0.5387171684345182,0.05338446327820989,0.018270404505582816
1,jaqueline amorim,0.22119289408153486,0.7704918032786883,0.13837236882452117,0.12104356789377196,1.3278688524590163,2024-09-07,1.0,1,0.8442426869323468,0.629058562736578,0.11374302910738376,0.04313603220900403
3,natalia silva,0.22119289408153486,0.7704918032786883,0.08282052525701368,-0.006512270348336513,1.3333333333333333,2024-09-07,0.0,0,0.7451157972387477,0.629058562736578,0.11374302910738376,0.04313603220900403
2,merab dvalishvili,0.19668868509890874,-1.0,0.10261372515065117,0.30555467687465776,1.8333333333333333,2024-09-14,0.0,0,0.7121207328407224,0.5044935147344272,0.3653356232098388,0.09884250544555923
0,daniel zellhuber,0.19668868509890874,-1.0,0.09407495994825758,0.04578969184062798,1.4761904761904765,2024-09-14,0.0,1,0.7084381783436511,0.5044935147344272,0.3653356232098388,0.09884250544555923
9,fares ziam,0.14330304381437303,2.515151515151515,0.08063026143172312,0.1303547282307237,1.7575757575757576,2024-09-28,1.0,1,0.6431328626140325,0.3267095973790611,0.148433736241548,0.04108219800747115
2,daniel barez,0.14330304381437303,2.515151515151515,0.0626727823826499,0.015994101284578344,2.0,2024-09-28,1.0,1,0.5079970506422892,0.3267095973790611,0.148433736241548,0.04108219800747115
4,carla esparza,0.18066337085807885,-1.0,0.07052478852314588,0.2639785737727036,2.35,2024-10-05,0.0,1,0.5378632228820015,0.3599350997836309,0.4587804442680059,0.10084692764109024
7,mario bautista,0.18066337085807885,-1.0,0.11013858233493297,0.15411801634727135,1.7246376811594204,2024-10-05,0.0,0,0.6691944800669052,0.3599350997836309,0.4587804442680059,0.10084692764109024
2,julia polastri,0.15993603705521292,-1.0,0.07067063433767762,0.09887830752468246,1.8,2024-10-12,1.0,1,0.6104879486248236,0.4266913441531399,0.17657868515419017,0.05054476651557105
4,jonathan pearce,0.15993603705521292,-1.0,0.08926540271753529,0.07070881015436031,1.5319148936170213,2024-10-12,0.0,1,0.6989349177396519,0.4266913441531399,0.17657868515419017,0.05054476651557105
0,anthony hernandez,0.1777162866870456,1.6280864197530867,0.08893295084620884,0.11403099497798042,1.617283950617284,2024-10-19,1.0,1,0.6888283251390566,0.46145174315752613,0.21273505956368366,0.06251564935558496
8,melissa martinez,0.1777162866870456,1.6280864197530867,0.08878333584083674,0.08860082442109635,1.625,2024-10-19,1.0,1,0.6699081996437516,0.46145174315752613,0.21273505956368366,0.06251564935558496
2,ilia topuria,0.23007168521433868,1.0574671230408934,0.13648784434655378,0.11361475334262505,1.3278688524590163,2024-10-26,1.0,1,0.838648147579014,0.5824843860848579,0.19844247405425341,0.06736161256140794
6,ismail naurdiev,0.23007168521433868,1.0574671230408934,0.0935838408677849,0.0761733089984753,1.5494505494505495,2024-10-26,1.0,1,0.6945515682188741,0.5824843860848579,0.19844247405425341,0.06736161256140794
9,serhiy sidey,0.1840931462639787,1.6433566433566433,0.08506333927191845,0.15383629754132233,1.6993006993006992,2024-11-02,1.0,1,0.6790065454667041,0.47890160141654214,0.2659077296185519,0.07648475522831971
10,charles jourdain,0.1840931462639787,1.6433566433566433,0.09902980699206025,0.09712940415901233,1.5555555555555556,2024-11-02,1.0,1,0.7052974741022222,0.47890160141654214,0.2659077296185519,0.07648475522831971
4,denise gomes,0.17278356380664536,0.0,0.10502846661560282,-0.007545284683806844,1.1428571428571428,2024-11-09,0.0,0,0.8683978759016691,0.6400758893429438,-0.02051340904421195,-0.008180405535880175
1,damon blackshear,0.17278356380664536,0.0,0.06775509719104254,-0.013066716455947897,1.3389830508474576,2024-11-09,0.0,0,0.7370767560645453,0.6400758893429438,-0.02051340904421195,-0.008180405535880175
1,jon jones,0.2352187343545203,0.9701492537313434,0.16152142108155707,0.007364835501305761,1.1492537313432836,2024-11-16,1.0,1,0.8765382334881492,0.5149657750743775,0.014559437459967572,0.005287265679418451
9,eduarda moura,0.2352187343545203,0.9701492537313434,0.07369731327296322,0.007142002286670446,1.7142857142857144,2024-11-16,0.0,0,0.5874995013338911,0.5149657750743775,0.014559437459967572,0.005287265679418451
0,xiao long,0.07869416236456059,0.0,0.07869416236456059,0.0335054079173398,1.6666666666666663,2024-11-23,1.0,1,0.620103244750404,0.4560230147301338,-0.013084520360158503,-0.0073065838146166295
1,petr yan,0.07869416236456059,0.0,0.0,-0.04507952055266315,1.2985074626865671,2024-11-23,1.0,1,0.7353985301490985,0.4560230147301338,-0.013084520360158503,-0.0073065838146166295
8,michael chiesa,0.15506263788471986,-1.0,0.08583764929194883,0.13297281275550615,1.6756756756756757,2024-12-07,1.0,1,0.676128936644415,0.4047274475635782,0.2679240601697994,0.07153304564207125
6,chris weidman,0.15506263788471986,-1.0,0.06922498859277103,0.1191125205256055,1.869565217391304,2024-12-07,0.0,1,0.5985950691183473,0.4047274475635782,0.2679240601697994,0.07153304564207125
2,vitor petrino,0.18091128970270576,-1.0,0.13242710188200268,0.08403729584181382,1.2857142857142856,2024-12-14,0.0,1,0.8431401189880775,0.43302099824744206,0.0628697229709938,0.027567058614631323
5,davey grant,0.18091128970270576,-1.0,0.04848418782070306,-0.01952660941834322,1.9090909090909087,2024-12-14,1.0,1,0.513581299828487,0.43302099824744206,0.0628697229709938,0.027567058614631323
4,cesar almeida,0.19566486989886084,-1.0,0.11114912244455837,0.06146048986772057,1.3636363636363638,2025-01-11,1.0,1,0.7784043592363283,0.5174345899211896,0.09758852407525098,0.03347570576573616
2,jose johnson,0.19566486989886084,-1.0,0.08451574745430249,0.034036155422075665,1.5555555555555556,2025-01-11,0.0,1,0.6647375284856201,0.5174345899211896,0.09758852407525098,0.03347570576573616
5,grant dawson,0.20666111564044268,1.2124582869855391,0.13031991383542624,0.1094173451580655,1.3448275862068966,2025-01-18,1.0,1,0.8249513592201,0.5243064289734038,0.1600061037020024,0.054539447143913455
0,reinier de ridder,0.20666111564044268,1.2124582869855391,0.07634120180501644,0.045599393920354836,1.6451612903225803,2025-01-18,0.0,0,0.6355604159123727,0.5243064289734038,0.1600061037020024,0.054539447143913455
8,fares ziam,0.17145049448894745,1.75625,0.057922373238411526,0.0685674031379142,2.1,2025-02-01,1.0,1,0.5088416205418639,0.39714958022198255,0.09464353048683938,0.025621909281261068
5,sergei pavlovich,0.17145049448894745,1.75625,0.11352812125053592,0.02440288490211387,1.3125,2025-02-01,1.0,1,0.7804974361158963,0.39714958022198255,0.09464353048683938,0.025621909281261068
0,tom nolan,0.18650172925462388,1.807127882599581,0.0671452340441278,0.12083517542205968,1.9433962264150944,2025-02-08,1.0,1,0.5767404300715453,0.44370074083674754,0.24552472113292456,0.06959723700138348
1,dricus du plessis,0.18650172925462388,1.807127882599581,0.11935649521049607,0.11124699549504397,1.4444444444444444,2025-02-08,1.0,1,0.7693248430350305,0.44370074083674754,0.24552472113292456,0.06959723700138348
8,ketlen souza,0.21774153240788308,-1.0,0.06664528035183152,0.07406056100052127,1.8928571428571428,2025-02-15,1.0,0,0.5674282209059358,0.4918091366523954,0.11710932468186952,0.03626332859187831
1,youssef zalal,0.21774153240788308,-1.0,0.15109625205605157,0.04008038768432837,1.2,2025-02-15,0.0,0,0.866733656403607,0.4918091366523954,0.11710932468186952,0.03626332859187831
3,ion cutelaba,0.2118001809642315,2.1688888888888886,0.05743377031897434,0.25213748010925185,2.48,2025-02-22,1.0,1,0.5048941452053435,0.42004596038896924,0.3310789766992668,0.07550410485142348
4,anthony hernandez,0.2118001809642315,2.1688888888888886,0.15436641064525716,0.06304539065720424,1.2777777777777777,2025-02-22,0.0,0,0.8319485666012904,0.42004596038896924,0.3310789766992668,0.07550410485142348
2,cody brundage,0.19753738207589738,1.454545454545455,0.07821212110948983,0.1350912315694056,1.8,2025-03-01,1.0,1,0.6306062397607809,0.4907379331257273,0.2045385631267853,0.05995880019199634
5,danny silva,0.19753738207589738,1.454545454545455,0.11932526096640757,0.06118215842559188,1.3636363636363638,2025-03-01,1.0,1,0.7782002495121007,0.4907379331257273,0.2045385631267853,0.05995880019199634
5,iasmin lucindo,0.14901058061750805,-1.0,0.08736632793930485,0.19391667478073826,1.704225352112676,2025-03-08,1.0,0,0.700562676937458,0.3563204814793732,0.3359508756311147,0.08393039037273878
7,rei tsuruya,0.14901058061750805,-1.0,0.061644252678203185,0.11896491928673414,2.2,2025-03-08,1.0,0,0.5086204178576064,0.3563204814793732,0.3359508756311147,0.08393039037273878
5,josiane nunes,0.19128796110172608,-1.0,0.09474843614901336,0.11201659131630803,1.5714285714285714,2025-03-15,0.0,1,0.7076469217467415,0.5139872121920562,0.16666938640419104,0.05265422629008948
0,alexander hernandez,0.19128796110172608,-1.0,0.09653952495271272,0.04914746372910661,1.4444444444444444,2025-03-15,1.0,1,0.7263328595047661,0.5139872121920562,0.16666938640419104,0.05265422629008948
8,shauna bannon,0.18783663552401056,-1.0,0.10703516094717132,0.11503629780557995,1.4587155963302751,2025-03-22,1.0,1,0.7643959525836995,0.5071998502082073,0.19656424056934552,0.062035508652413585
5,nathan fletcher,0.18783663552401056,-1.0,0.08080147457683924,0.07311685092603215,1.617283950617284,2025-03-22,0.0,1,0.6635302666031191,0.5071998502082073,0.19656424056934552,0.062035508652413585
2,manuel torres,0.20505833928717054,1.4056447149972326,0.08012972671176281,0.14802286613300286,1.7692307692307692,2025-03-29,1.0,1,0.6488824895534364,0.5209851238564559,0.2533051097974619,0.07555565714563939
3,edgar chairez,0.20505833928717054,1.4056447149972326,0.12492861257540773,0.09170744483434501,1.359712230215827,2025-03-29,1.0,1,0.8028959514919258,0.5209851238564559,0.2533051097974619,0.07555565714563939
5,lerone murphy,0.15316518341862548,0.0,0.11905599965092807,0.0198743170458556,1.2816901408450705,2025-04-05,0.0,0,0.7957261154973159,0.41404355174601065,-0.007867472148108123,0.0004784323202480789
1,talita alencar,0.15316518341862548,0.0,0.03410918376769741,-0.027201184234465214,1.869565217391304,2025-04-05,0.0,0,0.5203342502931931,0.41404355174601065,-0.007867472148108123,0.0004784323202480789
6,nikita krylov,0.17133963705183397,-1.0,0.0960527977193327,0.09505970890954984,1.5319148936170213,2025-04-12,0.0,1,0.7148306433159561,0.4340648517694463,0.13322534870105374,0.041251772116166874
0,virna jandiroba,0.17133963705183397,-1.0,0.07528683933250127,0.03485256509849022,1.704225352112676,2025-04-12,0.0,0,0.6072275381982877,0.4340648517694463,0.13322534870105374,0.041251772116166874
8,randy brown,0.2107736578196806,0.8913458913458912,0.11672507915078717,0.019828840306212375,1.3003003003003002,2025-04-26,1.0,1,0.784302549242422,0.5462459629932089,0.03314005777148532,0.012111479412879322
0,david onama,0.2107736578196806,0.8913458913458912,0.09404857866889342,0.013052403441813243,1.4545454545454546,2025-04-26,0.0,0,0.6964735273662466,0.5462459629932089,0.03314005777148532,0.012111479412879322
10,yana santos,0.16738463432311312,2.0000000000000004,0.05660373359045941,0.10729731439489865,2.2,2025-05-03,1.0,1,0.5033169610885903,0.3946464403929667,0.18393932117890022,0.04976472673136603
5,montel jackson,0.16738463432311312,2.0000000000000004,0.11078090073265372,0.06921538216308593,1.3636363636363638,2025-05-03,1.0,1,0.7840912802529296,0.3946464403929667,0.18393932117890022,0.04976472673136603
7,bekzat almakhan,0.16439321024477327,1.5354951796669587,0.08073477635172421,0.02450185346098155,1.6134969325153374,2025-05-10,0.0,0,0.6349574224872243,0.4102915191960147,0.040292169179728665,0.012496813140627283
10,marc andre barriault,0.16439321024477327,1.5354951796669587,0.08365843389304906,0.01541267657584433,1.5714285714285714,2025-05-10,1.0,1,0.6461717032755373,0.4102915191960147,0.040292169179728665,0.012496813140627283
1,luana santos,0.17159861519197264,1.4492292011721237,0.08854645190416217,0.052769154229086124,1.5319148936170213,2025-05-17,1.0,1,0.6872243090106535,0.44647903975782033,0.09352950188614306,0.02933147554214277
6,melquizael costa,0.17159861519197264,1.4492292011721237,0.08305216328781047,0.03871727006183495,1.598802395209581,2025-05-17,0.0,0,0.6496845846454173,0.44647903975782033,0.09352950188614306,0.02933147554214277
4,rayanne dos santos,0.1820826154087985,-1.0,0.09956176825809049,0.06595332476700638,1.4444444444444444,2025-05-31,0.0,1,0.7379676863771583,0.4748164588046258,0.10151023608211163,0.03321469607251015
0,mateusz gamrot,0.1820826154087985,-1.0,0.08252084715070802,0.033356912060738875,1.606060606060606,2025-05-31,1.0,1,0.6434109075095167,0.4748164588046258,0.10151023608211163,0.03321469607251015
7,merab dvalishvili,0.2438126313705397,-1.0,0.15748870710614243,0.18327519548497123,1.3636363636363638,2025-06-07,1.0,1,0.8677351433556455,0.5915503167963332,0.2548037022952525,0.08663113210302414
0,serghei spivac,0.2438126313705397,-1.0,0.08632392426439729,0.060449595396922684,1.5555555555555556,2025-06-07,0.0,1,0.6817175970408789,0.5915503167963332,0.2548037022952525,0.08663113210302414
0,michael chiesa,0.21017874656404764,1.020408163265306,0.12651837686167813,0.056164763351007174,1.2857142857142856,2025-06-14,1.0,1,0.821461482606339,0.5426613765816364,0.0963974751343264,0.03396242093711738
2,edmen shahbazyan,0.21017874656404764,1.020408163265306,0.08366036970236951,0.03809321535748711,1.5714285714285714,2025-06-14,1.0,1,0.66060477340931,0.5426613765816364,0.0963974751343264,0.03396242093711738
6,hamdy abdelwahab,0.16120771440909987,-1.0,0.0848660224969611,0.031283121161363,1.5555555555555556,2025-06-21,0.0,1,0.6629677207465905,0.40519842347871815,0.05051443124112098,0.015649672199469944
1,ignacio bahamondes,0.16120771440909987,-1.0,0.07634169191213877,0.018647944182486886,1.6666666666666663,2025-06-21,1.0,0,0.6111887665094923,0.40519842347871815,0.05051443124112098,0.015649672199469944
7,terrance mckinney,0.19368220297938932,1.1212121212121215,0.08833815129483678,0.10043364856672243,1.5555555555555556,2025-06-28,1.0,1,0.7074216312214644,0.5276883211886338,0.11933886312740527,0.038581499039200384
8,alexandre pantoja,0.19368220297938932,1.1212121212121215,0.10534405168455252,0.01717978597374431,1.3636363636363638,2025-06-28,1.0,1,0.7459318430474124,0.5276883211886338,0.11933886312740527,0.038581499039200384
10,tallison teixeira,0.1772361232950696,-1.0,0.11166855580953716,0.0768882759702183,1.3636363636363638,2025-07-12,1.0,0,0.7897180690448267,0.4372784157948971,0.1484079606734674,0.04543427759339025
7,jake matthews,0.1772361232950696,-1.0,0.06556756748553243,0.0664132819524047,1.925925925925926,2025-07-12,1.0,1,0.5537145887060563,0.4372784157948971,0.1484079606734674,0.04543427759339025
0,dustin poirier,0.06574633842497193,0.0,0.06574633842497193,0.0408582996377137,1.9090909090909087,2025-07-19,1.0,0,0.5452114902864216,0.3760472885590921,-0.021033918213933966,-0.011101997263478991
1,brendan allen,0.06574633842497193,0.0,0.0,-0.059462674096166734,1.3636363636363638,2025-07-19,0.0,0,0.6897273723294777,0.3760472885590921,-0.021033918213933966,-0.011101997263478991
3,reinier de ridder,0.13587178461050559,2.619354838709677,0.05640194279915693,0.12608127358328536,2.2,2025-07-26,0.0,0,0.5118551243560387,0.33442300913019357,0.21039553627121643,0.051410672849601685
8,bryce mitchell,0.13587178461050559,2.619354838709677,0.07946984181134865,0.0748740474296638,1.6451612903225803,2025-07-26,1.0,1,0.6533548131435213,0.33442300913019357,0.21039553627121643,0.051410672849601685
3,neil magny,0.14241232809152546,-1.0,0.06749236424466634,0.2102549791271079,2.15,2025-08-02,1.0,1,0.5629092926172595,0.29910670733906075,0.28615884155796123,0.06457581893108968
6,nick klein,0.14241232809152546,-1.0,0.07491996384685912,0.06271724862937456,2.0,2025-08-02,0.0,1,0.5313586243146873,0.29910670733906075,0.28615884155796123,0.06457581893108968
8,joselyne edwards,0.31765988286924535,0.3851851851851853,0.14554626942817322,0.05173272626262687,1.2222222222222223,2025-08-09,1.0,1,0.8605085942148765,0.7665477351567718,0.06181056647641725,0.02539079852268661
2,julius walker,0.31765988286924535,0.3851851851851853,0.17211361344107212,0.009582130480623466,1.1333333333333333,2025-08-09,1.0,1,0.8908077621887854,0.7665477351567718,0.06181056647641725,0.02539079852268661
8,loopy godinez,0.20823925963323897,-1.0,0.07655400943480233,0.054809623461139656,1.6896551724137931,2025-08-16,0.0,0,0.6242750832729194,0.5193139006830894,0.09682677299445608,0.03215272233412286
7,chase hooper,0.20823925963323897,-1.0,0.13168525019843666,0.03983387011150494,1.25,2025-08-16,0.0,1,0.831867096089204,0.5193139006830894,0.09682677299445608,0.03215272233412286
3,sergei pavlovich,0.09143825893443881,0.0,0.09143825893443881,-0.0004931644807015245,1.359712230215827,2025-08-23,1.0,1,0.7350870377628704,0.5195956784096057,-0.03659009268068525,-0.013423419702425221
2,loneer kavanagh,0.09143825893443881,0.0,0.0,-0.036114738706343574,1.3636363636363638,2025-08-23,1.0,0,0.706849191615348,0.5195956784096057,-0.03659009268068525,-0.013423419702425221
0,sam patterson,0.11707187433446399,-1.0,0.09282534086675466,0.0897751594388777,1.5154639175257731,2025-09-06,1.0,1,0.719103336500484,0.4008415452616802,0.04764995536569128,0.01841300833641979
2,andreas gustafsson,0.11707187433446399,-1.0,0.024246533467709334,-0.038654949792465976,1.7246376811594204,2025-09-06,0.0,1,0.5574185585236962,0.4008415452616802,0.04764995536569128,0.01841300833641979
3,rafa garcia,0.18354300404659687,-1.0,0.06573342666449475,0.2773763330610357,2.43,2025-09-13,1.0,1,0.5256692728646237,0.3790908480738646,0.5791841614048421,0.12598588744502678
6,claudio puelles,0.18354300404659687,-1.0,0.11780957738210213,0.23627166132048982,1.7142857142857144,2025-09-13,0.0,1,0.721158469103619,0.3790908480738646,0.5791841614048421,0.12598588744502678
7,tom nolan,0.18322105692225515,1.2234736218138709,0.08333500377997399,0.03921383454342092,1.5714285714285714,2025-09-27,1.0,1,0.6613178947094497,0.483151150326177,0.07427383809928267,0.024398870763888914
5,jimmy crute,0.18322105692225515,1.2234736218138709,0.09988605314228118,0.03373704466825678,1.4149377593360997,2025-09-27,1.0,1,0.730588351217155,0.483151150326177,0.07427383809928267,0.024398870763888914
4,daniel santos,0.28117426063646167,0.9779723991507427,0.096712695473254,0.16310345325571401,1.6369426751592355,2025-10-04,1.0,1,0.7105340161912339,0.6435003391259259,0.27282590963522413,0.08885509823066867
1,merab dvalishvili,0.28117426063646167,0.9779723991507427,0.18446156516320766,0.09433593896774994,1.2083333333333333,2025-10-04,1.0,1,0.9056573288008966,0.6435003391259259,0.27282590963522413,0.08885509823066867
7,julia polastri,0.24303635337315554,1.0438596491228074,0.17192866280106955,0.048165155151741745,1.1666666666666667,2025-10-11,1.0,1,0.89842727584435,0.5299937272086549,0.08323279332997036,0.03019087140621257
9,jafel filho,0.24303635337315554,1.0438596491228074,0.07110769057208599,0.03345621441990393,1.7518796992481205,2025-10-11,1.0,1,0.589912774754709,0.5299937272086549,0.08323279332997036,0.03019087140621257
8,charles jourdain,0.18223056334076482,-1.0,0.0916098631296371,0.0998600512403982,1.526315789473684,2025-10-18,1.0,1,0.7205979646057782,0.4956638072004268,0.13480924280097706,0.04330478709641977
9,cody gibson,0.18223056334076482,-1.0,0.09062070021112771,0.03177603507024729,1.5,2025-10-18,0.0,1,0.6878506900468315,0.4956638072004268,0.13480924280097706,0.04330478709641977
0,virna jandiroba,0.13143583832600347,-1.0,0.0601542536152432,0.10497863162047039,2.05,2025-10-25,0.0,1,0.5390139666441319,0.3298168502605421,0.20850607298223034,0.05181348506009095
8,aleksandar rakic,0.13143583832600347,-1.0,0.07128158471076028,0.09369180398532695,1.7874015748031495,2025-10-25,0.0,1,0.611889247163597,0.3298168502605421,0.20850607298223034,0.05181348506009095
15,timmy cuamba,0.16329521663390162,2.4952741020793936,0.07955379086409423,0.16735546983167926,1.869565217391304,2025-11-01,1.0,1,0.6243994373518286,0.36881727570339684,0.2891174721655585,0.07265360828838657
21,timmy cuamba,0.16329521663390162,2.4952741020793936,0.0837414257698074,0.1043058481162008,1.869565217391304,2025-11-01,1.0,1,0.5906752210854098,0.36881727570339684,0.2891174721655585,0.07265360828838657
4,christian leroy duncan,0.18053462311507545,-1.0,0.06665073212138341,0.22044470169817043,2.33,2025-11-08,1.0,1,0.5237960093125195,0.4018860504123842,0.3931723011002968,0.09486855664149918
3,ricky simon,0.18053462311507545,-1.0,0.11388389099369203,0.1415284110470445,1.4878048780487805,2025-11-08,0.0,1,0.7672568008676857,0.4018860504123842,0.3931723011002968,0.09486855664149918
9,matheus camilo,0.20713669634902127,1.0130718954248366,0.08811489357121882,0.09634131866199541,1.5555555555555556,2025-11-15,0.0,0,0.7047908477112828,0.5606040671504458,0.12853629204142014,0.04231274149990538
8,islam makhachev,0.20713669634902127,1.0130718954248366,0.11902180277780243,0.02936583054145636,1.2941176470588236,2025-11-15,0.0,0,0.7954190508729435,0.5606040671504458,0.12853629204142014,0.04231274149990538
7,tagir ulanbekov,0.1771939653955112,-1.0,0.10229540147345846,0.08396212766465155,1.425531914893617,2025-11-22,0.0,1,0.7603913432871436,0.46388262497059457,0.1404675204719552,0.04456230697463143
5,ismail naurdiev,0.1771939653955112,-1.0,0.07489856392205271,0.05212856737812599,1.7246376811594204,2025-11-22,1.0,1,0.6100577407486613,0.46388262497059457,0.1404675204719552,0.04456230697463143
5,merab dvalishvili,0.3137110430458956,-1.0,0.16363200552863355,0.05170446609028606,1.2272727272727273,2025-12-06,0.0,1,0.8569443797772701,0.6594187254522735,0.1035726603643421,0.03914813052593835
6,grant dawson,0.3137110430458956,-1.0,0.150079037517262,0.04931822194012003,1.3636363636363638,2025-12-06,0.0,1,0.7695000294227546,0.6594187254522735,0.1035726603643421,0.03914813052593835
7,sean sharaf,0.20787133099419353,-1.0,0.05807511998844472,0.3633554498567273,2.7,2025-12-13,0.0,1,0.504946462909899,0.4031184312519963,0.4842087696096231,0.09979085682738659
13,tereza bleda,0.20787133099419353,-1.0,0.1497962110057488,0.0886440287935153,1.3636363636363638,2025-12-13,1.0,0,0.7983389544485778,0.4031184312519963,0.4842087696096231,0.09979085682738659
1,paddy pimblett,0.24471602506404388,-1.0,0.11675517904294755,0.099911676530817,1.4,2026-01-24,1.0,0,0.7856511975220122,0.6244757272220486,0.13524094889023153,0.048050825862179736
6,waldo cortes acosta,0.24471602506404388,-1.0,0.12796084602109634,0.032120099380020334,1.2985074626865671,2026-01-24,1.0,1,0.7948511110167973,0.6244757272220486,0.13524094889023153,0.048050825862179736
2,tallison teixeira,0.2524550593271305,0.5714285714285714,0.12140800879414806,0.03127607951681832,1.2857142857142856,2026-01-31,0.0,0,0.8021036174019699,0.6599870066348392,0.03712243899760437,0.014482078146484612
0,benoit st denis,0.2524550593271305,0.5714285714285714,0.1310470505329825,0.005669053706283289,1.2222222222222223,2026-01-31,0.0,0,0.8228201348505954,0.6599870066348392,0.03712243899760437,0.014482078146484612
5,klaudia sygula,0.1871851581209299,-1.0,0.12942777331981742,0.2104332987489873,1.5128205128205128,2026-02-07,1.0,1,0.8001169262917035,0.42485262838673626,0.43970572737412983,0.11182979154792999
4,julius walker,0.1871851581209299,-1.0,0.05775738480111247,0.1894135173430055,2.24,2026-02-07,1.0,0,0.5309881773852703,0.42485262838673626,0.43970572737412983,0.11182979154792999
6,anthony hernandez,0.2352637609096903,-1.0,0.15906616844561552,0.16641086379631814,1.3496503496503496,2026-02-21,1.0,0,0.8642318835382047,0.47103437867882314,0.2589981000392565,0.08169057360105597
8,serghei spivac,0.2352637609096903,-1.0,0.07619759246407477,0.07937789257345784,1.9803921568627447,2026-02-21,1.0,1,0.545032401200459,0.47103437867882314,0.2589981000392565,0.08169057360105597
