,td_defense_pct_red,td_total_attempted_against_red,td_total_landed_against_red,td_defense_pct_blue,td_total_attempted_against_blue,td_total_landed_against_blue,sig_str_defense_pct_red,sig_str_total_attempted_against_red,sig_str_total_landed_against_red,sig_str_defense_pct_blue,sig_str_total_attempted_against_blue,sig_str_total_landed_against_blue,td_accuracy_pct_red,td_accuracy_pct_blue,sig_str_accuracy_pct_red,sig_str_accuracy_pct_blue,kd_pm_red,kd_total_red,kd_pm_blue,kd_total_blue,sig_str_landed_pm_red,sig_str_landed_total_red,sig_str_landed_pm_blue,sig_str_landed_total_blue,sig_str_absorbed_pm_red,sig_str_absorbed_total_red,sig_str_absorbed_pm_blue,sig_str_absorbed_total_blue,sig_str_attempted_pm_red,sig_str_attempted_total_red,sig_str_attempted_pm_blue,sig_str_attempted_total_blue,leg_str_pm_red,leg_str_total_red,leg_str_pm_blue,leg_str_total_blue,head_str_pm_red,head_str_total_red,head_str_pm_blue,head_str_total_blue,body_str_pm_red,body_str_total_red,body_str_pm_blue,body_str_total_blue,clinch_str_pm_red,clinch_str_total_red,clinch_str_pm_blue,clinch_str_total_blue,td_landed_pm_red,td_landed_total_red,td_landed_pm_blue,td_landed_total_blue,td_attempted_pm_red,td_attempted_total_red,td_attempted_pm_blue,td_attempted_total_blue,td_defended_pm_red,td_defended_total_red,td_defended_pm_blue,td_defended_total_blue,control_pm_red,control_total_red,control_pm_blue,control_total_blue,sub_att_pm_red,sub_att_total_red,sub_att_pm_blue,sub_att_total_blue,reverse_pm_red,reverse_total_red,reverse_pm_blue,reverse_total_blue,total_fight_time_red,total_fight_time_blue,age_red,age_blue,height_red,height_blue,reach_red,reach_blue,date,event_location,weight_class,title_fight,performance_bonus_winner,fight_otn_bonus,method,winner,winner_name,ratio_td_red,ratio_td_blue,ratio_control_red,ratio_control_blue,ratio_sig_str_red,ratio_sig_str_blue,adjusted_sig_str_red,adjusted_sig_str_blue,adjusted_td_red,adjusted_td_blue,ratio_td_diff,ratio_control_diff,ratio_sigstrike_diff,kd_total_diff,kd_pm_diff,sig_str_landed_total_diff,sig_str_landed_pm_diff,sig_str_absorbed_total_diff,sig_str_absorbed_pm_diff,sig_str_attempted_total_diff,sig_str_attempted_pm_diff,leg_str_total_diff,leg_str_pm_diff,head_str_total_diff,head_str_pm_diff,body_str_total_diff,body_str_pm_diff,clinch_str_total_diff,clinch_str_pm_diff,td_landed_total_diff,td_landed_pm_diff,td_attempted_total_diff,td_attempted_pm_diff,control_total_diff,control_pm_diff,sub_att_total_diff,sub_att_pm_diff,reverse_total_diff,reverse_pm_diff,age_diff,height_diff,reach_diff,sig_str_defense_pct_diff,sig_str_accuracy_pct_diff,td_accuracy_pct_diff,td_defense_pct_diff,opp_age_red,opp_age_blue,opp_reach_red,opp_reach_blue,avg_fight_min_red,avg_fight_min_blue,avg_fight_min_diff,total_bonus_red,total_bonus_blue,total_bonus_diff,elo_red,elo_blue,elo_red_proba,elo_blue_proba,elo_diff,elo_pred,glicko_red,glicko_blue,glicko_rd_red,glicko_rd_blue,glicko_proba_red,glicko_proba_blue,glicko_diff,glicko_pred,rating_agree,math_red,math_blue,months_since_red,months_since_blue,months_since_diff,win_streak_red,lose_streak_red,win_streak_blue,lose_streak_blue,win_pct_red,win_pct_blue,num_fights_red,num_fights_blue,num_wins_red,num_wins_blue,num_losses_red,num_losses_blue,num_fights_diff,win_streak_diff,lose_streak_diff,wins_diff,losses_diff,win_pct_diff,decision_wins_red,ko_wins_red,sub_wins_red,decision_wins_blue,ko_wins_blue,sub_wins_blue,decision_wins_diff,ko_wins_diff,sub_wins_diff,decision_losses_red,ko_losses_red,sub_losses_red,decision_losses_blue,ko_losses_blue,sub_losses_blue,decision_losses_diff,ko_losses_diff,sub_losses_diff,ko_pct_red,dec_pct_red,sub_pct_red,ko_pct_blue,dec_pct_blue,sub_pct_blue,ko_pct_diff,dec_pct_diff,sub_pct_diff,womens_fight,red_title_fights,blue_title_fights,red_title_wins,blue_title_wins,red_title_losses,blue_title_losses,red_title_win_pct,blue_title_win_pct,event_age,fighter_red,fighter_blue,red_fighter_stats,blue_fighter_stats,open_blue,close1_blue,close2_blue,open_red,close1_red,close2_red,event_date,og_blue_name,og_red_fighter,dec_open_red,dec_close1_red,dec_close2_red,dec_open_blue,dec_close1_blue,dec_close2_blue,dec_fair_open_red,dec_fair_open_blue,proba_fair_open_red,proba_fair_open_blue,pimp_open_red,pimp_open_blue,dec_fair_close1_red,dec_fair_close1_blue,proba_fair_close1_red,proba_fair_close1_blue,pimp_close1_red,pimp_close1_blue,dec_fair_close2_red,dec_fair_close2_blue,proba_fair_close2_red,proba_fair_close2_blue,pimp_close2_red,pimp_close2_blue,juice_open_red,juice_close1_red,juice_close2_red,juice_open_blue,juice_close1_blue,juice_close2_blue,vegas_acc_open,vegas_acc_close1,vegas_acc_close2,proba_fair_open_diff,proba_fair_close1_diff,proba_fair_close2_diff,line_movement_close1_red,line_movement_close1_blue,line_movement_close2_red,line_movement_close2_blue,red_ud_to_fav_close1,red_ud_to_fav_close2,red_stayed_fav_close1,red_stayed_fav_close2,red_fav_to_ud_close1,red_fav_to_ud_close2,red_stayed_dog_close1,red_stayed_dog_close2,blue_ud_to_fav_close1,blue_ud_to_fav_close2,blue_stayed_fav_close1,blue_stayed_fav_close2,blue_fav_to_ud_close1,blue_fav_to_ud_close2,blue_stayed_dog_close1,blue_stayed_dog_close2,red_fighter_odds,blue_fighter_odds,fav_counts_red,dog_counts_red,fav_counts_blue,dog_counts_blue,fav_counts_diff,dog_counts_diff
0,0.5768054301855239,4.0,2.0,0.5662125818521984,8.0,4.0,0.5420226961347334,182.0,85.0,0.5794843613758622,77.0,24.0,0.4231945698144762,0.4377906375942957,0.45797730386526664,0.5668575584037814,0.11010747169964441,1.0,0.0,0.0,10.724824147207972,85.0,111.27272727272728,102.0,8.613271454062746,64.0,26.181818181818183,24.0,23.461760871289048,182.0,150.54545454545456,138.0,0.7140084640698443,5.0,13.090909090909092,12.0,9.236802147309264,74.0,79.63636363636364,73.0,0.7740135358288629,6.0,18.545454545454547,17.0,1.7249371112513,14.0,4.363636363636364,4.0,0.288020134951019,2.0,1.090909090909091,1.0,0.5388071629263542,4.0,1.090909090909091,1.0,0.41332688889486285,2.99,0.5454545454545455,0.5,0.3633008826265995,2.8499999999999996,0.7272727272727273,0.6666666666666666,0.16262662096335143,1.0,0.0,0.0,0.0,0.0,0.0,0.0,7.883333333333333,0.9166666666666666,28.0,33.0,74.0,78.0,80.0,79.0,2026-03-28, USA,Middleweight,0.0,,,,3.0,,0.6536158522460875,1.8236443096906054,0.7549976693741846,1.1659976566349992,0.46104277270185023,3.7095391865058156,-0.32065849777064626,5.493005922737455,-1.6547353748375848,1.5591060341030236,-1.1700284574445179,-0.41099998726081466,-3.2484964138039656,1.0,0.11010747169964441,-17.0,-100.54790312551931,40.0,-17.56854672775544,44.0,-127.08369367416552,-7.0,-12.376900626839248,1.0,-70.39956148905438,-11.0,-17.771441009625683,10.0,-2.6386992523850643,1.0,-0.8028889559580721,3.0,-0.5521019279827368,2.183333333333333,-0.3639718446461278,1.0,0.16262662096335143,0.0,0.0,-5.0,-4.0,1.0,-0.037461665241128816,-0.10888025453851474,-0.014596067779819533,0.010592848333325522,31.53539711098116,29.0,75.97130546112135,72.0,3.9,0.0,3.9,1.0,0.0,1.0,1633.0656383467415,1530.3748845839361,0.6436256390005971,0.3563743609994029,102.69075376280534,1,2149.1283588759297,2317.238517580388,0.05999970086890007,0.060000080770536694,0.42528285090208084,0.5747171490979192,-168.11015870445817,0,0,0,0,3.0,5.0,-2.0,1.0,0.0,1.0,0.0,0.75,1.0,4.0,1.0,3.0,1.0,1.0,0.0,3.0,0.0,0.0,2.0,1.0,-0.25,0,2,1,0,1,0,0,1,1,0,0,0,0,0,0,0,0,0,1.0,0.0,1.0,1.0,0.0,0.0,0.0,0.0,1.0,0,0.0,0.0,6.0,3.0,-6.0,-3.0,0.0,0.0,-1,mansur abdul malik,yousri belgaroui,Mansur Abdul-Malik,Yousri Belgaroui,-110.0,-105.0,124.0,-110.0,-158.0,-120.0,2026-03-29,Yousri Belgaroui,Mansur Abdul-Malik,1.9090909090909092,1.6329113924050633,1.8333333333333335,1.9090909090909092,1.9523809523809523,2.24,2.0,2.0,0.5,0.5,0.5238095238095238,0.5238095238095238,1.8061899516838162,2.240402460873384,0.5536516239987673,0.4463483760012326,0.6124031007751938,0.5121951219512195,1.8203736686228844,2.2189567245358375,0.5493377635793324,0.45066223642066766,0.5454545454545454,0.4464285714285714,0.023809523809523836,0.05875147677642645,-0.00388321812478698,0.023809523809523836,0.0658467459499869,-0.004233664992096264,0.6403434514451566,0.6156729955254565,0.6163985971701536,0.0,0.10730324799753471,0.09867552715866473,48.0,-5.0,10.0,-234.0,False,False,True,True,False,False,False,False,0.0,0.0,1.0,0.0,0.0,1.0,0.0,0.0,Mansur Abdul-Malik,Yousri Belgaroui,5,0,0,2,5,-2
1,0.6116749602476362,21.0,5.0,0.6266206732484834,0.0,0.0,0.5494659370312159,1112.0,498.0,0.5705689924355857,6.0,2.0,0.20242311501995625,0.37337932675151664,0.44465914737750184,0.4294310075644143,0.11499351385673133,4.0,0.0,0.0,14.326525455799207,616.0,0.4363636363636364,2.0,10.450995426502656,431.0,0.4363636363636364,2.0,32.012665523646334,1362.0,1.309090909090909,6.0,3.195269102022985,135.0,0.0,0.0,7.909292536562891,340.0,0.0,0.0,3.2219638172133296,141.0,0.4363636363636364,2.0,0.8947028825599807,38.0,0.0,0.0,0.0,0.0,0.0,0.0,0.2143310327479355,8.0,0.0,0.0,0.144073720562225,5.8,0.08727272727272728,0.4,0.16035483032891434,6.433333333333334,0.04363636363636364,0.2,0.07872905119815603,3.0,0.0,0.0,0.0,0.0,0.0,0.0,36.66666666666667,4.583333333333333,28.0,36.0,75.0,69.0,75.0,69.0,2026-03-28, USA,Lightweight,0.0,,,,3.0,,0.3156323767334101,0.6650729772543952,0.6630129492842274,0.7770263799321709,1.8237752836733074,0.6996146606079453,0.8775691011389366,-2.2741389660088545,-3.760038338721588,-3.024264941224391,-0.3494406005209851,-0.11401343064794356,1.1241606230653622,4.0,0.11499351385673133,614.0,13.890161819435571,429.0,10.01463179013902,1356.0,30.703574614555425,135.0,3.195269102022985,340.0,7.909292536562891,139.0,2.785600180849693,38.0,0.8947028825599807,0.0,0.0,8.0,0.2143310327479355,6.233333333333333,0.1167184666925507,3.0,0.07872905119815603,0.0,0.0,-8.0,6.0,6.0,-0.02110305540436974,0.015228139813087516,-0.1709562117315604,-0.014945713000847127,29.97705973313688,27.0,72.35614567805631,74.0,16.740740740740744,0.0,16.740740740740744,1.0,0.0,1.0,1572.0529217875087,1476.4000619833148,0.6342799161880905,0.36572008381190946,95.6528598041939,1,2560.3783120025664,1395.437689277396,0.060000463453270314,0.05999994104086611,0.8217869695949892,0.1782130304050108,1164.9406227251704,1,1,0,0,9.0,9.0,0.0,0.0,1.0,0.0,1.0,0.6666666666666666,0.0,9.0,1.0,6.0,0.0,3.0,1.0,8.0,0.0,0.0,6.0,2.0,0.6666666666666666,1,3,2,0,0,0,1,3,2,3,0,0,0,0,1,3,0,-1,1.0,0.25,1.0,0.0,0.0,0.0,1.0,0.25,1.0,0,2.0,0.0,2.0,5.0,0.0,-5.0,1.0,0.0,-1,ignacio bahamondes,tofiq musayev,Ignacio Bahamondes,Tofiq Musayev,175.0,220.0,270.0,-200.0,-335.0,-295.0,2026-03-28,Tofiq Musayev,Ignacio Bahamondes,1.5,1.2985074626865671,1.3389830508474576,2.75,3.2,3.7,1.5296995026106162,2.8878628261335244,0.653723164774114,0.34627683522588604,0.6666666666666666,0.36363636363636365,1.3525191655566273,3.836725198815788,0.7393610571044673,0.2606389428955328,0.7701149425287357,0.3125,1.3508961619315967,3.8498459330396972,0.7402493457159112,0.2597506542840889,0.7468354430379747,0.27027027027027023,0.012943501892552667,0.03075388542426838,0.0065860973220635,0.01735952841047761,0.0518610571044672,0.010519615986181341,0.6403827519379846,0.6155523255813954,0.6162790697674418,0.3074463295482279,0.4787221142089345,0.4804986914318223,135.0,-45.0,95.0,-95.0,False,False,True,True,False,False,False,False,0.0,0.0,0.0,0.0,0.0,0.0,1.0,1.0,Ignacio Bahamondes,Tofiq Musayev,7,3,0,2,7,1
2,0.5941263916301639,43.0,18.0,0.5182649136314086,39.0,19.0,0.5873291176372446,2060.0,859.0,0.5354295726154632,1152.0,543.0,0.3248174289229745,0.5201194113980518,0.4009271052210249,0.5128165318224788,0.02342851775438154,1.0,0.0,0.0,12.921945044560982,909.0,12.435520997400339,630.0,13.31651492923764,826.0,7.595450571710774,392.0,32.64824804215551,2202.0,23.229176056880537,1215.0,2.531645527092618,173.0,1.2232392689382614,61.0,8.048463397186358,562.0,9.103421738939588,456.0,2.3418361202820033,174.0,2.1088599895224895,113.0,1.9445656298146468,142.0,3.6527696741339453,207.0,0.0996718688451238,6.0,0.3484715033568372,15.0,0.33363600296085233,17.0,0.6325445868722366,32.0,0.10665537541213511,7.629999999999999,0.09681597953760837,5.42,0.30631971096285704,21.216666666666665,0.7117947935380331,33.96666666666667,0.15370962361759608,9.0,0.011965313016622743,1.0,0.05536846373623704,4.0,0.11034098935215753,6.0,66.25,51.800000000000004,32.0,27.0,65.0,65.0,66.0,65.0,2026-03-28, USA,Women's Flyweight,0.0,,,,3.0,,0.33712786490177293,0.9185345044920689,0.5152400144461612,1.038091453401915,1.1098935067001812,1.2133837991212928,0.652880516498576,0.3223316480458118,-0.9434194347757057,2.989260866697479,-0.5814066395902959,-0.5228514389557538,-0.10349029242111163,1.0,0.02342851775438154,279.0,0.4864240471606429,434.0,5.721064357526865,987.0,9.419071985274972,112.0,1.3084062581543567,106.0,-1.0549583417532293,61.0,0.23297613075951373,-65.0,-1.7082040443192985,-9.0,-0.24879963451171339,-15.0,-0.29890858391138425,-12.750000000000004,-0.40547508257517606,8.0,0.14174431060097334,-2.0,-0.05497252561592048,5.0,0.0,1.0,0.0518995450217814,-0.11188942660145385,-0.19530198247507735,0.07586147799875531,32.1098787994863,30.669931309954137,65.8029587518696,66.74353088567281,30.41309523809524,21.445833333333336,8.967261904761905,1.0,0.0,1.0,1643.9882806126827,1675.13469025976,0.45529640289949375,0.5447035971005063,-31.146409647077235,0,2436.824238547395,795.0122650233831,0.05999971961929168,0.060004111419470825,0.9843250533530926,0.015674946646907384,1641.811973524012,1,0,0,0,10.0,3.0,7.0,0.0,2.0,7.0,0.0,0.5714285714285714,0.8333333333333334,14.0,12.0,8.0,10.0,6.0,2.0,2.0,-7.0,2.0,-2.0,4.0,-0.261904761904762,6,0,2,6,4,0,0,-4,2,4,0,1,2,0,0,2,0,1,0.0,0.5454545454545454,0.6666666666666666,1.0,0.75,0.0,-1.0,-0.20454545454545459,0.6666666666666666,1,1.0,0.0,7.0,5.0,-6.0,-5.0,7.0,0.0,-1,alexa grasso,maycee barber,Alexa Grasso,Maycee Barber,-200.0,-190.0,-158.0,170.0,124.0,160.0,2026-03-29,Maycee Barber,Alexa Grasso,2.7,2.24,2.6,1.5,1.526315789473684,1.6329113924050633,2.863871855756443,1.5365175706213747,0.34917763446362965,0.6508223655363703,0.37037037037037035,0.6666666666666666,2.565393965203581,1.638816823258897,0.38980367677002914,0.6101963232299709,0.4464285714285714,0.6551724137931035,2.5889503308626685,1.6293462926919073,0.3862569274037746,0.6137430725962254,0.3846153846153846,0.6124031007751938,0.0211927359067407,0.05662489465854226,-0.0016415427883900158,0.015844301130296334,0.044976090563132676,-0.001339971821031627,0.6402476028644253,0.6151231945624469,0.6158514382813448,-0.30164473107274065,-0.22039264645994172,-0.2274861451924508,46.0,-10.0,10.0,-42.0,False,False,False,False,False,False,True,True,0.0,0.0,1.0,1.0,0.0,0.0,0.0,0.0,Alexa Grasso,Maycee Barber,8,7,12,1,-4,6
3,0.6812999880815563,73.0,26.0,0.48106590286057327,40.0,19.0,0.5626859581455489,898.0,373.0,0.49822365879697417,1961.0,985.0,0.43993429850868054,0.3274087463648445,0.42306094500931557,0.4524666847132773,0.003504374940640389,1.0,0.03503412319504403,5.0,6.264151678751933,409.0,13.757596267106832,869.0,4.576451834740117,349.0,15.153848950396094,949.0,14.9821456075779,1005.0,30.355087603028508,2007.0,0.1505492427094804,22.0,2.941385897226571,194.0,4.535301184613692,299.0,8.552624480311444,533.0,1.578301251428762,88.0,2.2635858895688177,142.0,1.2491329243104627,65.0,1.4388856429803984,93.0,0.49210917447510016,41.0,0.17687665942133676,11.0,1.1019400423357262,86.0,0.5589044204038971,39.0,0.18788279491754445,12.860000000000003,0.11590180855915698,9.520000000000001,1.010199450506316,80.66666666666667,0.3516796501247373,25.05,0.14811073853990125,13.0,0.06680486571135347,7.0,0.016849472939992977,2.0,0.0460826679929619,4.0,71.6,69.23333333333333,38.0,36.0,73.0,72.0,75.0,76.0,2026-03-28, USA,Welterweight,0.0,,,,3.0,,1.517406317766216,0.8245460500364494,1.4341395597088107,0.8367695909388565,0.5466329338535448,0.9498908985118386,-0.6868006523287689,0.3679431004684328,2.4690887623301645,-1.433581484937797,0.6928602677297666,0.5973699687699542,-0.4032579646582938,-4.0,-0.03152974825440364,-460.0,-7.493444588354899,-600.0,-10.577397115655977,-1002.0,-15.372941995450608,-172.0,-2.790836654517091,-234.0,-4.017323295697752,-54.0,-0.6852846381400557,-28.0,-0.1897527186699357,30.0,0.3152325150537634,47.0,0.5430356219318291,55.616666666666674,0.6585198003815789,6.0,0.08130587282854779,-2.0,-0.029233195052968924,2.0,1.0,-1.0,0.06446229934857473,-0.02940573970396171,0.11252555214383603,0.20023408522098307,33.737751079329335,32.751504710607904,74.83848173509267,74.51946129198068,32.68095238095238,32.6275,0.05345238095237903,6.0,1.0,5.0,1644.20415220455,1401.8794474305903,0.801378621918074,0.19862137808192604,242.32470477395964,1,2499.3556623504674,2102.516809432711,0.060002532676637264,0.05999953402672252,0.6781986597804353,0.32180134021956475,396.8388529177564,1,1,0,0,9.0,1.0,8.0,3.0,0.0,0.0,3.0,0.6666666666666666,0.4,21.0,20.0,14.0,8.0,7.0,12.0,1.0,3.0,-3.0,6.0,-5.0,0.2666666666666666,6,0,8,2,4,2,4,-4,6,1,1,5,2,6,2,-1,-5,3,0.0,0.8571428571428571,0.6153846153846154,0.4,0.5,0.5,-0.4,0.3571428571428571,0.11538461538461542,0,0.0,0.0,4.0,0.0,-4.0,0.0,0.0,0.0,-1,michael chiesa,niko price,Michael Chiesa,Niko Price,375.0,525.0,600.0,-500.0,-901.0,-770.0,2026-03-29,Niko Price,Michael Chiesa,1.2,1.1109877913429522,1.12987012987013,4.75,6.25,7.0,1.221266717560877,5.519432524798365,0.8188219539767755,0.18117804602322443,0.8333333333333334,0.21052631578947367,1.131552855660148,8.601507355973995,0.8837413073528942,0.11625869264710575,0.9000999000999002,0.16,1.1404442214208386,8.12026447142683,0.876851301639405,0.12314869836059511,0.8850574712643677,0.14285714285714285,0.014511379356557885,0.016358592747005907,0.008206169624962789,0.02934826976624924,0.04374130735289425,0.01970844449654774,0.6404738878143134,0.6156914893617021,0.6164168278529981,0.6376439079535511,0.7674826147057885,0.7537026032788099,401.0,-150.0,270.0,-225.0,False,False,True,True,False,False,False,False,0.0,0.0,0.0,0.0,0.0,0.0,1.0,1.0,Michael Chiesa,Niko Price,12,10,8,13,4,-3
4,0.6304885901616073,48.0,22.0,,,,0.5384395365395497,1727.0,833.0,,,,0.38572269372522316,,0.4770806221926226,,0.010705817000080551,1.0,,,14.207962908004406,838.0,,,14.053344005585055,849.0,,,29.425763799631664,1737.0,,,1.282634020626562,79.0,,,9.851163040235521,553.0,,,3.074165847142321,206.0,,,2.2408202180381616,138.0,,,0.30296508183092213,17.0,,,0.7797176345588711,38.0,,,0.1575537462674061,9.25,,,0.3793178171934289,21.633333333333333,,,0.09723487591710622,7.0,,,0.0,0.0,,,52.43333333333334,0.0,36.0,30.0,73.0,69.0,74.0,72.0,2026-03-28, USA,Featherweight,0.0,,,,3.0,,1.5961636760590372,,1.0476109569882162,,1.2365494723357102,,0.34348649579446866,,1.0458248443758462,,,,,,,,,,,,,,,,,,,,,,,,,,,,,,,6.0,4.0,2.0,,,,,29.663949061848157,,72.08768568073509,,21.83235294117647,,,3.0,,,1564.6595713355437,1500.0,0.59199298389465,0.40800701610534995,64.65957133554366,1,2220.3828320341768,1088.357855745938,0.05999981241545658,0.0600002960477235,0.9035983573291925,0.09640164267080753,1132.0249762882388,1,1,0,0,10.0,,,0.0,1.0,0.0,0.0,0.5294117647058824,0.0,17.0,0.0,9.0,0.0,8.0,0.0,17.0,0.0,1.0,9.0,8.0,0.5294117647058824,3,2,4,0,0,0,3,2,4,2,6,0,0,0,0,2,6,0,0.25,0.6,1.0,0.0,0.0,0.0,0.25,0.6,1.0,0,0.0,0.0,3.0,1.0,-3.0,-1.0,0.0,0.0,-1,julian erosa,lerryan douglas,Julian Erosa,Lerryan Douglas,-350.0,-350.0,-320.0,285.0,235.0,285.0,2026-03-29,Lerryan Douglas,Julian Erosa,3.85,3.35,3.85,1.2857142857142856,1.2857142857142856,1.3125,4.2373238278676295,1.3088971178575866,0.23599801209982935,0.7640019879001706,0.2597402597402597,0.7777777777777779,3.996337729172326,1.333740749670508,0.25022910168483387,0.7497708983151662,0.29850746268656714,0.7777777777777779,4.0609297946850536,1.3266981169370116,0.24624902437584623,0.7537509756241537,0.2597402597402597,0.7619047619047619,0.02374224764043037,0.04827836100173327,0.01349123536441349,0.013775789877607303,0.02800687946261171,0.008153786280608144,0.6401693889897156,0.6154869933454326,0.6162129461584998,-0.5280039758003412,-0.4995417966303323,-0.5075019512483074,50.0,0.0,0.0,-30.0,False,False,False,False,False,False,True,True,0.0,0.0,1.0,1.0,0.0,0.0,0.0,0.0,Julian Erosa,Lerryan Douglas,7,11,1,0,6,11
5,0.6192746143693388,9.0,3.0,0.6810173325171791,28.0,8.0,0.45873500589836635,356.0,215.0,0.5401082043474333,1061.0,497.0,0.4102237009745953,0.28357122490520464,0.5230916281164012,0.4581005131628963,0.11334113889862947,3.0,0.040248809281843864,1.0,12.736884339839648,216.0,10.009302234870296,412.0,7.273308687494446,120.0,11.08735765035844,512.0,21.95162903557118,384.0,21.51177577475846,899.0,0.0,0.0,1.8578131687109054,73.0,11.149113105561517,187.0,5.62215940358962,231.0,1.587771234278129,29.0,2.529329662569769,108.0,1.705783409716101,30.0,1.1513506524030457,54.0,0.2742994937349301,6.0,0.21054002274268607,9.0,0.6244402130565241,14.0,0.8090191244751961,39.0,0.40506975514412896,8.05,0.1624119344216227,7.26,0.5804696268637101,13.133333333333333,0.5468555108233506,23.51666666666667,0.3123507063247369,5.0,0.049967599305534974,4.0,0.07637837700572207,1.0,0.0,0.0,19.066666666666666,39.35,31.0,34.0,70.0,71.0,73.0,71.0,2026-03-28, USA,Lightweight,0.0,,,,3.0,,0.4805910216726697,1.4893561494422465,1.0426712347199965,1.430731155413557,0.5220357409694267,0.9107117758703123,-1.0567276527134377,0.19137159538745221,-0.04341831487210894,-0.3010109264762585,-1.0087651277695768,-0.38805992069356066,-0.38867603490088554,2.0,0.0730923296167856,-196.0,2.7275821049693523,-392.0,-3.8140489628639935,-515.0,0.4398532608127219,-73.0,-1.8578131687109054,-44.0,5.526953701971896,-79.0,-0.94155842829164,-24.0,0.5544327573130554,-3.0,0.06375947099224405,-25.0,-0.184578911418672,-10.383333333333336,0.033614116040359465,1.0,0.2623831070192019,1.0,0.07637837700572207,-3.0,-1.0,2.0,-0.08137319844906699,0.0649911149535049,0.12665247606939067,-0.06174271814784027,31.176419232113904,31.88443633648375,70.42569112025365,72.34110512887234,9.069444444444443,14.43939393939394,-5.369949494949497,0.0,0.0,0.0,1528.5531603488876,1492.0406480561921,0.5523531377316105,0.44764686226838946,36.51251229269542,1,2728.6508171710125,1500.0,0.059998437354258936,0.06,0.798130920666653,0.20186907933334697,1228.6508171710125,1,1,0,0,3.0,5.0,-2.0,0.0,1.0,1.0,0.0,0.5833333333333334,0.45454545454545453,12.0,11.0,7.0,5.0,5.0,6.0,1.0,-1.0,1.0,2.0,-1.0,0.12878787878787884,0,4,3,3,2,0,-3,2,3,0,3,2,1,3,1,-1,0,1,0.5714285714285714,0.0,0.6,0.4,0.6,0.0,0.17142857142857137,-0.6,0.6,0,7.0,0.0,7.0,3.0,0.0,-3.0,1.0,0.0,-1,terrance mckinney,kyle nelson,Terrance McKinney,Kyle Nelson,150.0,118.0,160.0,-175.0,-190.0,-150.0,2026-03-29,Kyle Nelson,Terrance McKinney,1.5714285714285714,1.526315789473684,1.6666666666666665,2.5,2.1799999999999997,2.6,1.6122342839525095,2.6333616496353693,0.6202572479406823,0.37974275205931773,0.6363636363636364,0.4,1.6542225009142375,2.5285319575565786,0.6045136004662801,0.39548639953371995,0.6551724137931035,0.4587155963302753,1.6475095019501071,2.5443788809095405,0.6069767724048513,0.3930232275951487,0.6000000000000001,0.3846153846153846,0.016106388422954088,0.050658813326823426,-0.0069767724048511726,0.020257247940682288,0.06322919679655536,-0.008407842979764102,0.6405362966541853,0.6157748520352699,0.6164995772436285,0.24051449588136453,0.20902720093256016,0.21395354480970258,15.0,32.0,-25.0,-10.0,False,False,True,True,False,False,False,False,0.0,0.0,0.0,0.0,0.0,0.0,1.0,1.0,Terrance McKinney,Kyle Nelson,7,6,2,10,5,-4
6,0.690711956837625,63.0,13.0,0.5081336890992172,8.0,5.0,0.541040089845953,2579.0,1156.0,0.5374892685462164,484.0,223.0,0.22810295237627817,0.266027184035037,0.4650768213349563,0.43890557335621155,0.11870332724453014,13.0,0.25939099316353104,5.0,18.790757284513372,1271.0,10.002529272852822,217.0,17.080859672093016,1013.0,9.027009263042629,197.0,40.35942435282189,2639.0,23.240206518935743,515.0,5.467312959710256,382.0,0.7996092821753935,18.0,8.828619580846615,623.0,6.715509593964854,143.0,4.494824743956499,266.0,2.487410396712576,56.0,0.6056069378809187,64.0,0.24882693462785985,5.0,0.020998631310056946,1.0,0.1732239757750963,4.0,0.16479226839124922,9.0,0.7937709332065507,16.0,0.17109933391660506,12.31,0.163154601179157,3.7,0.16998203097288686,10.25,0.26835785916118887,5.066666666666666,0.019869288929935402,3.0,0.20754678834199922,4.0,0.05944911050982973,3.0,0.0,0.0,76.50000000000001,22.43333333333333,36.0,29.0,76.0,74.0,80.0,75.0,2026-03-28, USA,Middleweight,0.0,,,,3.0,,0.2131046970758411,0.8300789459132452,0.41293786152639417,0.6113561135008252,1.0120520350085955,0.7297930595222043,1.2267162737241284,-0.6617569086483934,-2.892464347063852,-0.8261303763328224,-0.616974248837404,-0.19841825197443103,0.28225897548639123,8.0,-0.1406876659190009,1054.0,8.78822801166055,816.0,8.053850409050387,2124.0,17.119217833886147,364.0,4.667703677534862,480.0,2.113109986881761,210.0,2.0074143472439228,59.0,0.3567800032530588,-3.0,-0.15222534446503935,-7.0,-0.6289786648153015,5.183333333333334,-0.09837582818830201,-1.0,-0.18767749941206383,3.0,0.05944911050982973,7.0,2.0,5.0,0.003550821299736606,0.02617124797874476,-0.03792423165875883,0.1825782677384078,32.12527942183976,34.75473503516283,75.76887605410319,74.8913168820067,38.83518518518519,10.13095238095238,28.70423280423281,6.0,3.0,3.0,1646.0771921369146,1619.5125815610224,0.5381552249276093,0.46184477507239075,26.564610575892175,1,3098.927429017782,3286.1739884758135,0.06001046802954331,0.06000245778600029,0.3708827065631938,0.6291172934368062,-187.2465594580317,0,0,0,0,13.0,5.0,8.0,0.0,3.0,3.0,0.0,0.7222222222222222,0.8571428571428571,18.0,7.0,13.0,6.0,5.0,1.0,11.0,-3.0,3.0,7.0,4.0,-0.13492063492063489,8,5,0,1,3,2,7,2,-2,2,2,1,1,0,0,1,2,1,0.7142857142857143,0.8,0.0,1.0,0.5,1.0,-0.2857142857142857,0.30000000000000004,-1.0,0,0.0,0.0,6.0,0.0,-6.0,0.0,0.0,0.0,-1,israel adesanya,joe pyfer,Israel Adesanya,Joe Pyfer,-110.0,102.0,130.0,-110.0,-163.0,-130.0,2026-03-29,Joe Pyfer,Israel Adesanya,1.9090909090909092,1.6134969325153374,1.7692307692307692,1.9090909090909092,2.02,2.3,2.0,2.0,0.5,0.5,0.5238095238095238,0.5238095238095238,1.7656574937934273,2.3060670183550744,0.5663612583500267,0.4336387416499732,0.6197718631178707,0.49504950495049505,1.7692307692309528,2.29999999999969,0.5652173913042892,0.4347826086957108,0.5652173913043479,0.4347826086956522,0.023809523809523836,0.05341060476784398,5.873079800267078e-14,0.023809523809523836,0.061410763300521864,-5.856426454897701e-14,0.640469847420683,0.6156454347299588,0.6163720029062727,0.0,0.13272251670005353,0.13043478260857838,53.0,-212.0,20.0,-240.0,False,False,True,True,False,False,False,False,0.0,0.0,0.0,0.0,1.0,1.0,0.0,0.0,Israel Adesanya,Joe Pyfer,17,2,6,2,11,0
7,0.6031237643785214,47.0,17.0,,,,0.5325936505120776,1920.0,906.0,,,,0.29632560059274926,,0.47061853625906847,,0.002219188294657809,1.0,,,8.4788937585795,895.0,,,8.15461153124792,831.0,,,18.085210029370664,1844.0,,,0.8677547671057947,118.0,,,5.357830992290956,589.0,,,2.253307999182748,188.0,,,0.4966226381758532,81.0,,,0.1924242957439675,23.0,,,0.670369360030604,68.0,,,0.12691998861555334,13.910000000000004,,,0.7423773940396219,74.81666666666666,,,0.02396222718835791,2.0,,,0.0530068904029784,3.0,,,89.43333333333334,0.0,40.0,35.0,75.0,72.0,78.0,75.0,2026-03-28, USA,Heavyweight,0.0,,,,3.0,,0.8028138333905054,,1.254157418675063,,1.0793979988777052,,0.18671566025651498,,-0.11702556198993949,,,,,,,,,,,,,,,,,,,,,,,,,,,,,,,5.0,3.0,3.0,,,,,32.240330461027334,,77.63029938582045,,42.99492753623188,,,2.0,,,1603.5436547428233,1500.0,0.6447509876354709,0.3552490123645291,103.54365474282326,1,2843.2935995953812,1500.0,0.06000851611195845,0.06,0.8180094669119855,0.1819905330880145,1343.2935995953812,1,1,0,0,6.0,,,0.0,1.0,0.0,0.0,0.6086956521739131,0.0,23.0,0.0,14.0,0.0,9.0,0.0,23.0,0.0,1.0,14.0,9.0,0.6086956521739131,8,5,1,0,0,0,8,5,1,3,5,1,0,0,0,3,5,1,0.5,0.7272727272727273,0.5,0.0,0.0,0.0,0.5,0.7272727272727273,0.5,0,0.0,0.0,2.0,2.0,-2.0,-2.0,0.0,0.0,-1,marcin tybura,tyrell fortune,Marcin Tybura,Tyrell Fortune,140.0,-143.0,-122.0,-160.0,-104.0,118.0,2026-03-28,Tyrell Fortune,Marcin Tybura,1.625,1.9615384615384617,2.1799999999999997,2.4,1.6993006993006992,1.819672131147541,1.6642328697074138,2.505496107773901,0.6008774482238225,0.3991225517761775,0.6153846153846154,0.4166666666666667,2.180655076166132,1.8469874226494987,0.45857779661244125,0.5414222033875589,0.5098039215686274,0.5884773662551441,2.2006377714690086,1.8328906717439652,0.4544137217696042,0.5455862782303957,0.4587155963302753,0.5495495495495495,0.014507167160792922,0.05122612495618617,0.004301874560671104,0.017544114890489182,0.047055162867585265,0.003963271319153749,0.6403869407496977,0.6155985489721887,0.6163240628778718,0.201754896447645,-0.08284440677511762,-0.09117255646079153,-56.0,283.0,-278.0,262.0,False,False,True,False,False,True,False,False,1.0,1.0,0.0,0.0,0.0,0.0,0.0,0.0,Marcin Tybura,Tyrell Fortune,17,7,0,1,17,6
8,0.7541094684961044,15.0,3.0,0.6128750968796535,23.0,9.0,0.5782582043676945,1194.0,506.0,0.5192255654423209,701.0,355.0,0.3179201707616928,0.27409288774661766,0.4988883775882203,0.46098264082092544,0.0,0.0,0.047299599549118325,1.0,23.746000505950434,652.0,10.643445575603437,245.0,17.642689694244517,467.0,15.328190352470298,357.0,45.888474305292064,1231.0,22.15775169328027,510.0,2.255252839818468,58.0,1.3503867887694552,33.0,18.207120746169046,503.0,7.0797145747348305,161.0,3.283626919962923,91.0,2.213344212099151,51.0,1.1312747558349328,31.0,1.1191665707252596,27.0,0.2130521898787513,8.0,0.08306712449690609,2.0,0.7428382537087282,23.0,0.4588922161216019,11.0,0.15798907014608468,4.45,0.16347406854579463,3.7,0.6386294686375641,21.5,0.1410426855945496,3.3666666666666667,0.1288071446948497,4.0,0.047299599549118325,1.0,0.0,0.0,0.0,0.0,27.666666666666668,23.816666666666666,28.0,32.0,66.0,66.0,69.0,66.0,2026-03-28, USA,Women's Flyweight,0.0,,,,3.0,,1.8719408330805134,0.5620232105793425,1.6809128525352828,0.3517574871486625,1.6036433885311863,0.8271523333765557,1.7980063433883708,-0.6929120642407676,0.22845492533232659,-3.1078485059688643,1.309917622501171,1.3291553653866202,0.7764910551546306,-1.0,-0.047299599549118325,407.0,13.102554930346997,110.0,2.3144993417742192,721.0,23.730722612011792,25.0,0.904866051049013,342.0,11.127406171434217,40.0,1.0702827078637722,4.0,0.012108185109673153,6.0,0.1299850653818452,12.0,0.28394603758712633,18.133333333333333,0.4975867830430145,3.0,0.08150754514573136,0.0,0.0,-4.0,0.0,3.0,0.05903263892537358,0.03790573676729486,0.04382728301507516,0.14123437161645092,30.757965644540032,28.875458512290223,66.99138390789356,67.56002512670797,11.719047619047618,9.763333333333332,1.9557142857142864,1.0,1.0,0.0,1553.458410091579,1530.4723889314043,0.5330313645671017,0.46696863543289835,22.986021160174687,1,2782.3761758421124,1723.720904694975,0.06000215083927948,0.06001350886473868,0.9640070936176879,0.03599290638231212,1058.6552711471375,1,1,0,0,19.0,7.0,12.0,1.0,0.0,3.0,0.0,0.7142857142857143,0.6,7.0,5.0,5.0,3.0,2.0,2.0,2.0,-2.0,0.0,2.0,0.0,0.11428571428571432,2,2,1,2,0,1,0,2,0,1,0,1,2,0,0,-1,0,1,1.0,0.6666666666666666,0.5,0.0,0.5,1.0,1.0,0.16666666666666663,-0.5,1,0.0,0.0,3.0,1.0,-3.0,-1.0,0.0,0.0,-1,casey oneill,gabriella fernandes,Casey O'Neill,Gabriella Fernandes,-130.0,-125.0,-101.0,110.0,-119.0,100.0,2026-03-28,Gabriella Fernandes,Casey O'Neill,2.1,1.8403361344537816,2.0,1.7692307692307692,1.8,1.99009900990099,2.199749268129985,1.8335074890761731,0.45459726455556626,0.5454027354444337,0.47619047619047616,0.5652173913043479,2.025985396451552,1.9746727423787662,0.4935869734063571,0.506413026593643,0.5433789954337899,0.5555555555555556,2.0049930657357917,1.9950317411074516,0.4987548421435664,0.5012451578564335,0.5,0.5024875621890548,0.021593211634909903,0.04979202202743277,0.0012451578564335875,0.019814655859914154,0.049142528961912624,0.0012424043326212386,0.6402764306498545,0.6151794374393792,0.6159068865179438,-0.09080547088886748,-0.012826053187285857,-0.0024903157128671194,229.0,-5.0,10.0,-29.0,True,False,False,False,False,False,False,True,0.0,0.0,1.0,1.0,0.0,0.0,0.0,0.0,Casey Oneill,Gabriella Fernandes,4,4,3,3,1,1
9,0.5930847883012822,9.0,4.0,0.7332379483109377,3.0,0.0,0.5086298783420692,538.0,269.0,0.5209197779030309,96.0,48.0,0.40691521169871786,0.36234066004994336,0.4913701216579308,0.464403728999628,0.06629269160051324,1.0,0.0,0.0,17.947854127621376,269.0,5.137873218080966,36.0,7.495626753220206,111.0,7.1051261030927355,48.0,35.86697640844088,538.0,11.32211212102741,79.0,2.6054632224013896,40.0,0.44284620606356145,3.0,8.822602510428931,131.0,3.123489072653019,22.0,6.519788394791054,98.0,1.5715379393643858,11.0,1.4195285396007344,21.0,3.264575539315622,23.0,0.27437407360318994,4.0,0.7054323333130152,5.0,0.6334474532091671,9.0,1.9752105332764425,14.0,0.15587658822816938,2.34,0.2294567666686985,1.55,0.5455492603126761,7.8,1.3144555810732514,9.316666666666666,0.0,0.0,0.0,0.0,0.0,0.0,0.0,0.0,15.0,6.833333333333334,28.0,32.0,76.0,74.0,79.0,74.0,2026-03-28, USA,Light Heavyweight,0.0,,,,3.0,,0.8633214922803242,1.4076877116153512,0.7810515318398751,1.3034600505360692,1.7196221950000474,0.7466595179923675,2.7010595668370847,-0.7138039649550811,1.826411745420018,1.3378995846576756,-0.544366219335027,-0.5224085186961941,0.9729626770076799,1.0,0.06629269160051324,233.0,12.80998090954041,63.0,0.3905006501274704,459.0,24.544864287413468,37.0,2.162617016337828,109.0,5.699113437775912,87.0,4.948250455426669,-2.0,-1.8450469997148877,-1.0,-0.4310582597098253,-5.0,-1.3417630800672753,-1.5166666666666666,-0.7689063207605753,0.0,0.0,0.0,0.0,-4.0,2.0,5.0,-0.012289899560961715,0.026966392658302807,0.044574551648774496,-0.1401531600096555,31.78113657195618,34.19472583832391,74.29666617398148,75.53245430638732,5.0,2.5,2.5,0.0,0.0,0.0,1559.8654089066213,1500.6088918023302,0.5844596278248637,0.4155403721751363,59.256517104291106,1,2894.3714281436096,3209.267562685874,0.06000701588647654,0.06000157411851558,0.2955308119127177,0.7044691880872823,-314.89613454226446,0,0,0,0,6.0,10.0,-4.0,3.0,0.0,0.0,1.0,1.0,0.5,3.0,2.0,3.0,1.0,0.0,1.0,1.0,3.0,-1.0,2.0,-1.0,0.5,3,0,0,1,0,0,2,0,0,0,0,0,0,1,0,0,-1,0,0.0,1.0,0.0,0.0,1.0,0.0,0.0,0.0,0.0,0,0.0,0.0,7.0,1.0,-7.0,-1.0,0.0,0.0,-1,navajo stirling,bruno lopes,Navajo Stirling,Bruno Lopes,355.0,310.0,480.0,-425.0,-670.0,-440.0,2026-03-28,Bruno Lopes,Navajo Stirling,1.2352941176470589,1.1492537313432836,1.2272727272727273,4.55,4.1,5.8,1.251059346751136,4.983121970723739,0.7993225921671026,0.20067740783289756,0.8095238095238095,0.21978021978021978,1.1954704995143401,6.115861485413751,0.8364907376687672,0.16350926233123278,0.8701298701298701,0.24390243902439027,1.220570694420079,5.533693846452195,0.8192888823003593,0.18071111769964068,0.8148148148148148,0.1724137931034483,0.010201217356706982,0.03363913246110284,-0.004474067485544575,0.019102811947322218,0.08039317669315749,-0.008297324596192396,0.6405607928450568,0.6157843848199178,0.6165095479816292,0.598645184334205,0.6729814753375345,0.6385777646007187,245.0,45.0,15.0,-125.0,False,False,True,True,False,False,False,False,0.0,0.0,0.0,0.0,0.0,0.0,1.0,1.0,Navajo Stirling,Bruno Lopes,4,0,0,3,4,-3
10,0.7091618296079961,133.0,44.0,0.7413261847321577,3.0,0.0,0.5763880665859431,1711.0,699.0,0.5613407759250277,1033.0,439.0,0.3088739367439385,0.30176767590341813,0.4287722958081417,0.42506975619495657,0.06652953796024541,5.0,0.16830438365140044,6.0,9.435993573228572,607.0,14.58981459973853,417.0,12.973427258244328,793.0,14.00507996681388,388.0,22.086733516710648,1416.0,34.59371045754637,1008.0,1.182627830291591,85.0,2.3132241696601095,64.0,6.821264582545959,423.0,10.379798749139292,297.0,1.43210116039102,99.0,1.8967916809391272,56.0,0.6738828384011653,53.0,0.17765269779934934,5.0,0.6153543712643941,53.0,0.0,0.0,2.012051812826891,142.0,0.05447581006860533,1.0,0.14595979685371463,9.46,0.21470126242042548,6.7,0.8610199126237315,60.43333333333333,0.0951734988387404,1.9666666666666666,0.042041897491295624,4.0,0.0,0.0,0.0379780977695253,2.0,0.0,0.0,65.6,27.383333333333333,33.0,32.0,66.0,67.0,69.0,70.0,2026-03-28, USA,Bantamweight,0.0,,,,3.0,,1.7388415529772085,0.35068010172616004,1.3607504823562744,0.4094617154418811,0.7978408784869122,1.1018623960470917,-0.07368315945184692,0.37729966399541554,4.480426826234315,-3.0934931521649554,1.3881614512510485,0.9512887669143932,-0.3040215175601795,-1.0,-0.10177484569115502,190.0,-5.1538210265099575,405.0,-1.0316527085695526,408.0,-12.506976940835724,21.0,-1.1305963393685186,126.0,-3.5585341665933328,43.0,-0.4646905205481071,48.0,0.4962301406018159,53.0,0.6153543712643941,141.0,1.9575760027582858,58.46666666666666,0.7658464137849911,4.0,0.042041897491295624,2.0,0.0379780977695253,1.0,-1.0,-1.0,0.015047290660915369,0.0037025396131851185,0.007106260840520351,-0.0321643551241616,30.672010969521345,30.863185616933166,68.15361361339696,69.69283013362835,30.650000000000002,10.572222222222223,20.07777777777778,4.0,5.0,-1.0,1578.00761030735,1556.883232113738,0.530363018412548,0.46963698158745204,21.124378193612074,1,2566.3808911839315,412.8934691366071,0.060006716471737546,0.060000019090416794,0.9338811093381985,0.06611889066180154,2153.4874220473243,1,1,0,0,4.0,15.0,-11.0,0.0,1.0,0.0,1.0,0.625,0.6666666666666666,16.0,9.0,10.0,6.0,6.0,3.0,7.0,0.0,0.0,4.0,3.0,-0.04166666666666663,5,2,3,1,5,0,4,-3,3,4,2,0,1,2,0,3,0,0,0.5,0.5555555555555556,1.0,0.7142857142857143,0.5,0.0,-0.2142857142857143,0.05555555555555558,1.0,0,0.0,0.0,0.0,2.0,0.0,-2.0,0.0,0.0,-1,ricky simon,adrian yanez,Ricky Simon,Adrian Yanez,-110.0,120.0,145.0,-110.0,-175.0,-150.0,2026-03-28,Adrian Yanez,Ricky Simon,1.9090909090909092,1.5714285714285714,1.6666666666666665,1.9090909090909092,2.2,2.45,2.0,2.0,0.5,0.5,0.5238095238095238,0.5238095238095238,1.679715642223781,2.4712034531504465,0.5953388626399269,0.40466113736007314,0.6363636363636364,0.45454545454545453,1.6770830572166804,2.4769236792170677,0.5962733900965045,0.4037266099034955,0.6000000000000001,0.4081632653061224,0.023809523809523836,0.041024773723709496,0.0037266099034956035,0.023809523809523836,0.04988431718538139,0.004436655402626888,0.6405268245529241,0.6157564040599324,0.6164813919768004,0.0,0.19067772527985372,0.19254678019300897,65.0,-230.0,40.0,-255.0,False,False,True,True,False,False,False,False,0.0,0.0,0.0,0.0,1.0,1.0,0.0,0.0,Ricky Simon,Adrian Yanez,12,5,8,2,4,3
11,0.6746904603294508,1.0,0.0,0.6460663220657739,18.0,6.0,0.5495831076760725,82.0,39.0,0.5095035226567728,575.0,293.0,0.4382604946104693,0.43228278252226277,0.43939221947982604,0.49517334760162146,0.0,0.0,0.0,0.0,5.974930016725645,55.0,7.244448758677859,205.0,4.220479682893634,39.0,11.786971966227913,334.0,13.967732360568943,128.0,13.3679348723929,373.0,1.1841267537311861,11.0,1.2127933209243378,35.0,3.9135780960784525,36.0,2.9821108566876764,87.0,0.8772251669160053,8.0,3.0495445810658444,83.0,1.0021491325501128,9.0,1.3027735528005993,39.0,0.6545253596826469,6.0,0.24647679023485672,7.0,1.322624781382722,12.0,0.5163896669627528,14.0,0.16512661649626717,1.55,0.11270117051023729,3.0999999999999996,1.4496485610581342,13.433333333333334,0.4448992768387325,13.416666666666668,0.306901586815181,3.0,0.0,0.0,0.0,0.0,0.0366937722410156,1.0,9.533333333333333,27.7,30.0,32.0,64.0,66.0,67.0,65.0,2026-03-28, USA,Women's Strawweight,0.0,,,,3.0,,1.1123768517092945,0.9602072719411171,1.5007378512253264,0.9491604255283198,0.8113835013580497,0.8668701436330919,-0.5574152145453292,-0.6345186263829147,4.75936720933218,1.0841416841030285,0.15216957976817735,0.5515774256970066,-0.055486642275042186,0.0,0.0,-150.0,-1.269518741952214,-295.0,-7.566492283334279,-245.0,0.5997974881760442,-24.0,-0.028666567193151637,-51.0,0.9314672393907761,-75.0,-2.172319414149839,-30.0,-0.3006244202504864,-1.0,0.4080485694477902,-2.0,0.8062351144199693,0.01666666666666572,1.0047492842194017,3.0,0.306901586815181,-1.0,-0.0366937722410156,-2.0,-2.0,2.0,0.04007958501929976,-0.05578112812179542,0.0059777120882065216,0.028624138263676935,31.337728468063407,30.053444688610977,61.467545693612685,63.382230448877195,2.2666666666666666,10.583333333333334,-8.316666666666666,0.0,0.0,0.0,1557.1755685276594,1453.58000699319,0.6448194238520331,0.35518057614796694,103.59556153446943,1,4000.842418446267,4816.927296238462,0.06000210056035753,0.06000071133874884,0.2770946773088038,0.7229053226911961,-816.0848777921951,0,0,1,0,6.0,1.0,5.0,2.0,0.0,0.0,2.0,1.0,0.3333333333333333,2.0,6.0,2.0,2.0,0.0,4.0,-4.0,2.0,-2.0,0.0,-4.0,0.6666666666666667,1,0,1,2,0,0,-1,0,1,0,0,0,3,1,0,-3,-1,0,0.0,1.0,1.0,0.0,0.4,0.0,0.0,0.6,1.0,1,0.0,0.0,1.0,2.0,-1.0,-2.0,0.0,0.0,-1,alexia thainara,bruna brasil,Alexia Thainara,Bruna Brasil,250.0,330.0,550.0,-300.0,-800.0,-480.0,2026-03-28,Bruna Brasil,Alexia Thainara,1.3333333333333333,1.125,1.2083333333333333,3.5,4.3,6.5,1.3581229197342266,3.792337336973933,0.7363103777054965,0.2636896222945036,0.75,0.2857142857142857,1.1690174603213053,6.916548492084677,0.8554192165146527,0.1445807834853473,0.8888888888888888,0.23255813953488372,1.1990669306687691,6.023436070674726,0.8339818023688291,0.16601819763117087,0.8275862068965518,0.15384615384615385,0.013689622294503545,0.03346967237423615,-0.0063955954722773045,0.022024663419782098,0.08797735604953641,-0.012172043785017017,0.6402572191215724,0.6151419558359621,0.6158699344819218,0.47262075541099285,0.7108384330293054,0.6679636047376583,500.0,-80.0,180.0,-300.0,False,False,True,True,False,False,False,False,0.0,0.0,0.0,0.0,0.0,0.0,1.0,1.0,Alexia Thainara,Bruna Brasil,3,0,3,4,0,-4
12,0.6968777079476717,41.0,12.0,0.6040194130484349,2.0,1.0,0.5125987611091076,988.0,531.0,0.55792337234401,141.0,65.0,0.39220983731272446,0.44547112825573404,0.46761627380756704,0.42838859763433906,0.026368210795415684,1.0,0.0,0.0,9.378354346838403,491.0,6.0,30.0,5.6293767619789294,343.0,13.0,65.0,19.641113590337405,1022.0,14.4,72.0,0.8644463545203044,51.0,2.6,13.0,6.743217892492584,352.0,1.8,9.0,1.770690099825514,88.0,1.6,8.0,1.126678897454638,59.0,0.6,3.0,0.5236898487992256,21.0,0.4,2.0,1.3259356169801333,60.0,0.6,3.0,0.12870202342833112,5.75,0.1,0.5,0.8955661958169542,40.11666666666667,0.23333333333333334,1.1666666666666667,0.27782285390309946,15.0,0.0,0.0,0.12309272308009964,8.0,0.0,0.0,46.75,5.0,26.0,31.0,73.0,69.0,74.0,72.0,2026-03-28, USA,Lightweight,0.0,,,,3.0,,1.2450336126229373,1.0533009514112475,1.4145665935849874,0.8841655565137477,1.0839125581000844,0.7887619795058406,-0.21058889021376423,-0.37462406447520197,2.3976030358944134,7.0,0.19173266121168986,0.5304010370712396,0.29515057859424376,1.0,0.026368210795415684,461.0,3.378354346838403,278.0,-7.3706232380210706,950.0,5.241113590337404,38.0,-1.7355536454796958,343.0,4.9432178924925845,80.0,0.17069009982551386,56.0,0.526678897454638,19.0,0.12368984879922562,57.0,0.7259356169801333,38.95,0.6622328624836209,15.0,0.27782285390309946,8.0,0.12309272308009964,-5.0,4.0,2.0,-0.04532461123490239,0.03922767617322798,-0.053261290943009576,0.0928582948992368,33.05095236901811,39.0,71.11716908064835,71.0,21.330555555555556,0.0,21.330555555555556,2.0,0.0,2.0,1576.0207655839117,1478.7591737332991,0.6364254055522837,0.36357459444771634,97.2615918506126,1,1956.4478672590162,3153.367666884979,0.059999510483547895,0.06000617378607482,0.048976927034410894,0.9510230729655891,-1196.9197996259627,0,0,0,0,7.0,3.0,4.0,0.0,1.0,0.0,1.0,0.6666666666666666,0.0,12.0,1.0,8.0,0.0,4.0,1.0,11.0,0.0,0.0,8.0,3.0,0.6666666666666666,2,2,4,0,0,0,2,2,4,2,2,0,1,0,0,1,2,0,0.5,0.5,1.0,0.0,0.0,0.0,0.5,0.5,1.0,0,0.0,0.0,9.0,0.0,-9.0,0.0,0.0,0.0,-1,chase hooper,lance gibson jr,Chase Hooper,Lance Gibson Jr.,285.0,210.0,270.0,-350.0,-330.0,-275.0,2026-03-28,Lance Gibson Jr.,Chase Hooper,1.2857142857142856,1.303030303030303,1.3636363636363638,3.85,3.1,3.7,1.3088971178575866,4.2373238278676295,0.7640019879001706,0.23599801209982935,0.7777777777777779,0.2597402597402597,1.3628660776671344,3.7558376534643267,0.733747810138275,0.2662521898617251,0.7674418604651163,0.3225806451612903,1.366269403554213,3.730230781758396,0.7319200718383946,0.2680799281616054,0.7333333333333333,0.27027027027027023,0.013775789877607303,0.03369405032684136,0.0014132614949387001,0.02374224764043037,0.056328455299565205,0.002190342108664811,0.6403636363636364,0.6152727272727273,0.616,0.5280039758003412,0.46749562027654984,0.46384014367678916,-20.0,75.0,-75.0,15.0,False,False,True,True,False,False,False,False,0.0,0.0,0.0,0.0,0.0,0.0,1.0,1.0,Chase Hooper,Lance Gibson Jr,10,3,1,1,9,2
